x,y,z
1,1,1
1.013,1.2587833333333334,0.9848555555555556
1.049403195661111,1.5219427365996383,0.9730174509032281
1.107714581610021,1.7954424955615016,0.9649742549322552
1.1871245583036378,2.0848811550925013,0.9614328993363125
1.287418067934303,2.3956556470981516,0.9633413595568626
1.408906551546459,2.7331002501125314,0.9719293100214259
1.5523784157205653,3.1026045114053518,0.988766792316685
1.7190644202617185,3.509712693255004,1.0158424360896972
1.9106149024388803,3.960205661229299,1.0556640212231747
2.129086046622041,4.460164288806811,1.1113852676370075
2.3769324847050255,5.016011253568245,1.1869637179739092
2.6570033505964084,5.634525353087092,1.2873553978311376
2.972538471262107,6.322818939591044,1.4187524659124684
3.3271605967381683,7.088264486232503,1.5888700414736832
3.724858369453684,7.9383503518234,1.8072873690308748
4.1699530050339755,8.880438217281606,2.08584572486818
4.66703928383511,9.921385247735966,2.4390998676500977
5.220888320305755,11.066982909564121,2.8848097336076783
5.83629561659255,12.321152303492749,3.4444421521705415
6.517853173011458,13.684824847593138,4.143625560370997
7.2696192425918635,15.154431274510483,5.012460433466592
8.094654499973233,16.719928735526505,6.085531039056407
8.994390615377643,18.362327846438415,7.401388816278213
9.967799465965538,20.050757526680922,9.001188569318671
11.010343274186521,21.739250021631133,10.926072245331877
12.112714692991723,23.36366680584625,13.212849177279057
13.259429579828907,24.83952969177325,15.887585384420667
14.427421179936216,26.06193938073646,18.95699121397709
15.58490308756678,26.909138411271055,22.39810408589896
16.690903376577,27.251360039485103,26.147767118508277
17.695978799561477,26.96602810583155,30.094689822755342
18.544616676256652,25.95877551289915,34.07798968709623
19.17962538352652,24.187108434748758,37.89620847923518
19.548339933500753,21.6806016372605,41.328925009948094
19.609785316017994,18.549914813329657,44.1689481614673
19.34128785973984,14.978544057776437,46.25789891241905
18.742772287234864,11.19662184642237,47.514573518279896
17.837411080566653,7.443206588521104,47.946596556888245
16.66834222930635,3.928393094605412,47.64183515414158
15.292384449782032,0.806173673389667,46.74378969236033
13.772472720177344,-1.8363094233156279,45.420334005561315
12.170596033823184,-3.9741886409306466,43.83541241907639
10.542465380251253,-5.630546618937493,42.12965893587589
8.934363793554676,-6.858861912636259,40.41127064673827
7.381993378873742,-7.727092738562979,38.75517809207613
5.910796417354378,-8.305793482318245,37.20730759405705
4.537162013256422,-8.660645437024964,35.79099905051585
3.270026115729544,-8.84866208236898,34.513566743634634
2.1125253012722522,-8.91696634632263,33.371939515924275
1.0635078988517528,-8.903117474648104,32.357010206048095
0.11881318972183552,-8.836218680273793,31.456726095735693
-0.727702080914327,-8.738304179851996,30.658131804407006
-1.483372964200774,-8.625718088471594,29.94862074098711
-2.1561376262999357,-8.510344430297982,29.316628952749696
-2.7541126838521515,-8.400637340265927,28.751958450086693
-3.2852967183887705,-8.302449665672562,28.245868036782657
-3.757371148820695,-8.219681363059395,27.791027745815814
-4.1775733716512296,-8.154777216403698,27.38140068245167
-4.552622470312868,-8.109103638988888,27.012092769771264
-4.888682413845057,-8.083230980037833,26.67919484018329
-5.191351410621808,-8.07714323796807,26.379630867404284
-5.465669015391833,-8.090392597409338,26.1110193050352
-5.716134831012362,-8.122212284063014,25.871550273800782
-5.946734335718136,-8.171598029397297,25.659878840038655
-6.160968627028799,-8.237365935751232,25.4750332422331
-6.361885808879001,-8.318192636777754,25.31633623839009
-6.552112442411389,-8.41264224354024,25.18333749365606
-6.7338839971238045,-8.519183544158444,25.07575493014434
-6.909073625859801,-8.636200191784262,24.993423109661183
-7.079218880075312,-8.761996096893402,24.936246948004218
-7.245546206849372,-8.894797876613364,24.9041593277224
-7.40899324485866,-9.032755960384527,24.89708146342779
-7.570229076091831,-9.173945771826984,24.914885169562925
-7.729672702296986,-9.31637027238228,24.957356480698447
-7.88751010559588,-9.45796503893809,25.024160377424277
-8.043710324291771,-9.596606934183223,25.114806675361415
-8.198041028430854,-9.730127296126426,25.228617437683873
-8.350084114189542,-9.856330405438037,25.364696566524344
-8.499251849323397,-9.973017772108328,25.521902505241663
-8.644804090459475,-10.078018506245142,25.69882522653352
-8.785867053253254,-10.169225696970367,25.893768871019258
-8.92145404489922,-10.244638320942677,26.104741513893746
-9.050488462706378,-10.30240774978389,26.329453548707693
-9.171829221795768,-10.340887445833046,26.565326063845603
-9.284298601522078,-10.358683961224399,26.809510330756595
-9.386712299498829,-10.354706928990362,27.05891911509888
-9.477911263594592,-10.328215406106715,27.310269968435286
-9.556794649447694,-10.278857748161405,27.560139982258782
-9.622353040883443,-10.206702209566277,27.805030730363512
-9.673700892375813,-10.112255704968511,28.041441350329595
-9.710107026105803,-9.996468649260857,28.26594699412626
-9.731021959092784,-9.860724501385127,28.475279291320682
-9.736100861749591,-9.70681352785663,28.666405091346558
-9.725221064673764,-9.53689130504477,28.836599643032805
-9.698493233620926,-9.353423503311422,28.983510562994763
-9.656265612219668,-9.159119439794466,29.105209438643122
-9.599121068171042,-8.956857652335293,29.200228669346913
-9.527867044687204,-8.74960725497279,29.267582100771367
-9.443518884174662,-8.540349035267175,29.306769058858077
-9.347277324868527,-8.332000131836166,29.31776243681668
-9.240501245991924,-8.12734571106437,29.300982430277674
-9.124676932434276,-7.9289804020751555,29.257258269350075
-9.001385234084896,-7.739261428924538,29.187780806218868
-8.872268005574986,-7.560274489281654,29.094049060074248
-8.738995136046366,-7.393812557894225,28.977813806495202
-8.603233329793506,-7.241367015858947,28.841021061485403
-8.466617596248179,-7.104129877351638,28.685757904978786
-8.330726173041802,-6.983005434298348,28.51420257715243
-8.19705935971016,-6.878629373539314,28.328580225117896
-8.0670225005323,-6.791393327925283,28.1311251315807
-7.941913137777247,-6.7214728761096545,27.924049762600024
-7.822912171574883,-6.668857171280988,27.709520556147424
-7.7110787155497755,-6.633378620108604,27.489640050403942
-7.607348230045109,-6.614741315227502,27.26643472246287
-7.51253344573767,-6.612547218216652,27.041847767206384
-7.427327555861551,-6.626319372414184,26.817735979703915
-7.352309149815968,-6.655521680265632,26.595869896761464
-7.28794837867134,-6.699574998944887,26.377936387931236
-7.234613878033693,-6.757869486961264,26.165542948233888
-7.192580020361014,-6.829773273874304,25.96022302113112
-7.162034122379941,-6.914637628592343,25.76344176070619
-7.143083289869079,-7.011798874424005,25.57660171915223
-7.135760638846896,-7.120577347434718,25.401048014728946
-7.140030687128396,-7.240273725342643,25.238072593790807
-7.1557937621140555,-7.370163073544305,25.088917247656127
-7.182889319063267,-7.5094869687031345,24.9547750818175
-7.221098109064182,-7.657444073712931,24.83679016330501
-7.270143177954123,-7.813179554920662,24.736055094836182
-7.329689717381231,-7.975773756432277,24.653606285374217
-7.399343828013065,-8.144230579228463,24.590416710100616
-7.47865029362502,-8.317466055589929,24.547385983275788
-7.567089504398866,-8.494297661534363,24.525327610021638
-7.664073708982686,-8.673434969624111,24.524953342865853
-7.768942818120024,-8.853472307886511,24.546854650969596
-7.880960027873535,-9.032884152004597,24.59148141883957
-7.999307576936178,-9.210024029569098,24.659118130472997
-8.1230829987478,-9.38312774706225,24.74985796601359
-8.251296272714036,-9.550321750422325,24.86357544020215
-8.382868316361067,-9.70963738508602,24.99989844068845
-8.516631287351103,-9.859031717325154,25.158180770560776
-8.651331175621195,-9.996415402327006,25.337476548767405
-8.785633155526819,-10.119687825436984,25.53651805409663
-8.918130129586551,-10.226779396101811,25.75369878698634
-9.047354823471402,-10.315700442021324,25.987063637965903
-9.171795681764829,-10.384595647064302,26.234308058937305
-9.289916663504929,-10.431802426466575,26.492788001903758
-9.400180846701327,-10.455911076053697,26.759542093211348
-9.501077527280042,-10.455824020618198,27.031327035462045
-9.591152250604186,-10.430811081234454,27.304666576754244
-9.669038958337087,-10.38055744650165,27.575913582470204
-9.733493190035867,-10.30520102751993,27.841323837474178
-9.783425070756776,-10.205356144687967,28.097139268697408
-9.81793066732953,-10.082121054873822,28.339677400159374
-9.83632022903679,-9.93706766574997,28.565423133449638
-9.838141860188909,-9.772212848691504,28.771118480797472
-9.82319931116976,-9.58997196606219,28.95384573983299
-9.791562818994265,-9.393096459542546,29.11109983058628
-9.743572264721902,-9.184598477146144,29.240846114969507
-9.679832318768328,-8.96766642633919,29.34156093974224
-9.601199683303333,-8.745575930839106,29.41225329711953
-9.508762975899288,-8.521600878873137,29.452467264489083
-9.403816192768227,-8.298929067483549,29.462266135394746
-9.28782701035136,-8.080586405259712,29.442200263796202
-9.162401406382813,-7.869372809864109,29.39326151224304
-9.029246192688987,-7.667811929673782,29.31682775780967
-8.89013105072839,-7.478115744574076,29.214601144900808
-8.746851557095177,-7.30216406772198,29.088543698796364
-8.60119449849747,-7.141498067239251,28.940813577780407
-8.454906528209662,-6.997326215982127,28.773704715459388
-8.309666934915233,-6.870540589768481,28.58959196726046
-8.16706500539369,-6.761741171990036,28.390883201837624
-8.028582186374885,-6.6712657644983935,28.179979133235214
-7.895579004782864,-6.599223214464047,27.95924112047268
-7.769286500572071,-6.545527900127527,27.73096669673158
-7.65080176798542,-6.509933729518414,27.49737224249302
-7.541087090134181,-6.492066253959055,27.260581983765682
-7.4409720853987835,-6.491451848489239,27.022622365933945
-7.351158256814122,-6.507543239016844,26.78542080774782
-7.272225340432712,-6.539740944573186,26.55080785814575
-7.204638878262345,-6.587410443910507,26.320521840819413
-7.148758488597378,-6.649895066540475,26.096215159707167
-7.104846364987455,-6.7265247515788795,25.879461538118044
-7.07307559932921,-6.816620918949313,25.6717635636575
-7.053537990397326,-6.919497763902739,25.47456000271399
-7.046251063480052,-7.034460325461035,25.289232427210727
-7.051164087651822,-7.16079970030925,25.117110760440223
-7.068162933541454,-7.297785783356314,24.959477397939168
-7.097073665959428,-7.444657921371645,24.81756959496659
-7.137664812773559,-7.6006138725431684,24.692579836854552
-7.1896482947751705,-7.764797477212814,24.585653925862918
-7.2526790420829865,-7.9362854670617535,24.497886532470893
-7.326353362196911,-8.114073874117803,24.430313975169508
-7.410206164497339,-8.297064548355362,24.383904016191945
-7.503707187064988,-8.48405235313387,24.359542497072837
-7.606256415229424,-8.673713679385942,24.35801669358528
-7.717178927928888,-8.86459699847964,24.37999535062703
-7.835719457931543,-9.055116253940128,24.42600546982009
-7.961037004666724,-9.243547965093649,24.496406070814388
-8.09219989238452,-9.428032969877297,24.591359334660556
-8.228181719074014,-9.606583755614707,24.710799764474874
-8.367858689291733,-9.77709829938008,24.85440226130573
-8.51000886178581,-9.937381246290265,25.021550302687135
-8.653313864349846,-10.085173077594936,25.211305712412987
-8.796363626540437,-10.2181876462284,25.422381799852
-8.937664648077124,-10.334158076441554,25.653121895459517
-9.075652249467673,-10.430890536001487,25.90148547932992
-9.208707135435414,-10.506324806349644,26.165044150851543
-9.335176437279722,-10.558599925551123,26.44098957890297
-9.453399187376979,-10.58612250544701,26.726155268390126
-9.561735922716231,-10.587634689345952,27.01705345781862
-9.658601825832624,-10.562278194171444,27.309927721761035
-9.742502508411004,-10.509650551644496,27.60082091598733
-9.812071248856013,-10.429849603042912,27.88565702687456
-9.866106238401803,-10.3235025706684,28.160334356154063
-9.903606200786054,-10.19177665568831,28.420826397409446
-9.923802656214505,-10.036369084832303,28.663285865325093
-9.926187123374708,-9.859475788891777,28.884146742228754
-9.910531705700441,-9.663739339912244,29.08021900598446
-9.876901788926652,-9.452178261549616,29.24877095494785
-9.825659970655616,-9.228101200482095,29.38759475167768
-9.757460819785365,-8.99501055308032,29.49505191081163
-9.673236583950201,-8.75650085633348,29.570096848002773
-9.574174480263224,-8.516157499203471,29.612278137935313
-9.461686672211293,-8.277461073967288,29.621718636095178
-9.33737441303852,-8.043702011595563,29.599076945920288
-9.202988093815982,-7.817909127329827,29.545493736220717
-9.060385057209379,-7.602794472972388,29.462527056346815
-8.911487025326833,-7.400715593982352,29.35208103498766
-8.758238855251875,-7.213655056339958,29.216332209701342
-8.602570102817122,-7.0432160483951565,29.057657285116566
-8.446360574152852,-6.890632048360297,28.878565449518828
-8.291410707891064,-6.756788011285859,28.68163759171333
-8.13941728909451,-6.642250267011018,28.46947394587796
-7.991954674687143,-6.547302301547512,28.24465092819754
-7.850461428523467,-6.471983769598962,28.00968726977199
-7.716232034271993,-6.416130398534588,27.767019026593132
-7.5904131813028615,-6.37941283780809,27.518982669192003
-7.474004002396054,-6.36137293287716,27.267805215162333
-7.367859577701526,-6.361456319636488,27.015600249154854
-7.272696999591805,-6.37904061613007,26.764368652941037
-7.189103309050053,-6.413458815691064,26.516002916748615
-7.117544656944015,-6.464017751878596,26.27229399758947
-7.058376104399975,-6.5300117101531745,26.034939809383353
-7.01185154803803,-6.610731408820651,25.805554556298166
-6.9781333319487215,-6.7054686702544855,25.58567824237352
-6.957301184318113,-6.813517162282169,25.376785798874867
-6.9493601892776615,-6.934169618850837,25.18029536125501
-6.954247571858696,-7.066711958282523,24.997575298298266
-6.971838134935568,-7.210414715378253,24.829949647434553
-7.001948241688774,-7.3645221980464655,24.678701644424525
-7.044338286034205,-7.528239776561136,24.545075055922712
-7.098713637775452,-7.700719719360844,24.430273034008934
-7.164724090414691,-7.881046007663728,24.33545421754144
-7.241961879273522,-8.068218595068572,24.26172581165882
-7.329958377559637,-8.26113762941312,24.21013339006334
-7.4281796199246815,-8.458588222661392,24.18164719153596
-7.536020848330096,-8.659226438931718,24.17714472961575
-7.652800324726666,-8.861567267278417,24.197389609953163
-7.777752709649323,-9.06397544828828,24.243006560854557
-7.910022365046604,-9.264660122779016,24.314452835615082
-8.048657002218654,-9.46167435443969,24.411986345446838
-8.19260215911482,-9.65292063029215,24.53563113143466
-8.34069705149781,-9.836163444420972,24.685141081030714
-8.491672394109088,-10.009050000287308,24.859963131256944
-8.64415082389327,-10.169139903202431,25.05920156156716
-8.796650569098281,-10.313944437099307,25.281585339822065
-8.947592986273579,-10.440975613759328,25.525440811034617
-9.095314522299498,-10.54780464274393,25.78867226737937
-9.238083542040382,-10.632128805144793,26.068753059593597
-9.37412228792062,-10.691844950992634,26.362729852170368
-9.501634003729023,-10.725127027249162,26.66724233989838
-9.618834965200788,-10.730504251165126,26.978560196688
-9.72399082568929,-10.706935861586524,27.29263820742871
-9.815456325959437,-10.65387790876252,27.605189460054792
-9.891717060177278,-10.571337380336939,27.91177520672248
-9.951431669248674,-10.459909189281472,28.207908638542076
-9.9934725847522,-10.320792215814166,28.489168490404296
-10.016963307646089,-10.15578169719549,28.75131725454751
-10.021310205119082,-9.96723673460842,28.990417987263697
-10.006226964111715,-9.758023413304345,29.202943371610687
-9.971750152877707,-9.531435840307193,29.38587093033923
-9.918244795932615,-9.291099095710974,29.53675908008171
-9.846399428489393,-9.040859473769991,29.65380001728992
-9.757210715281625,-8.784668296907123,29.735847095514508
-9.651958338447372,-8.526465918038081,29.782416208170428
-9.532171422057953,-8.270072259319496,29.793662524050934
-9.399588216141852,-8.019089422487463,29.770335537546806
-9.256111073504771,-7.77682066825368,29.713716634361372
-9.103758898913709,-7.546208564763592,29.62554413945556
-8.944619231924493,-7.329793528507051,29.507931078937002
-8.780801958671045,-7.129692493620274,29.36328068835253
-8.61439636437516,-6.947596181180489,29.19420412350332
-8.447432875051161,-6.784782485479531,29.003443993728094
-8.281850433908671,-6.642142885479199,28.793806367505017
-8.119470052560551,-6.5202185175697185,28.568102912291128
-7.961974700186078,-6.41924256689829,28.329103918054443
-7.810895367705648,-6.339185884415918,28.07950218095532
-7.667602882242442,-6.279803142843733,27.821887124115346
-7.533304854828391,-6.240677336947954,27.55872811409637
-7.409047019781465,-6.221260951618773,27.292365682254395
-7.295718160796694,-6.220912618770037,27.02500925416775
-7.194057806840265,-6.23892852922804,26.758739996059155
-7.104665909313324,-6.274568240406282,26.495517471606462
-7.0280137695122695,-6.327074817831138,26.23718893545572
-6.964455561910979,-6.39568947015174,25.98550024563052
-6.914239885468169,-6.479660990517958,25.74210753614219
-6.877520865017992,-6.5782504128394645,25.50858893945692
-6.854368412630723,-6.690731341574146,25.28645577721995
-6.844777341113011,-6.8163864305568636,25.077162742176455
-6.848675096511955,-6.954500481434721,24.882116673260647
-6.865927942785735,-7.104350615769343,24.702683580460246
-6.896345489881855,-7.265193955643789,24.540193609113462
-6.939683507251244,-7.436253233100622,24.395943648743224
-6.995645009800395,-7.616700745022698,24.271197294201908
-7.063879644294675,-7.805641081969787,24.167181862280426
-7.143981443344487,-8.002093090591542,24.08508216114106
-7.235485053484174,-8.204971581853105,24.026030709727316
-7.337860585589683,-8.413069372276409,23.991094117148034
-7.450507281873342,-8.625040341794097,23.981255366092714
-7.572746245474375,-8.839384306507274,23.99739180837134
-7.703812537196876,-9.054434631759031,24.04024878374218
-7.842847009396396,-9.268349641265267,24.110408924079092
-7.988888318472086,-9.479108998465323,24.208257411231745
-8.140865632609243,-9.684516329375981,24.33394372374028
-8.297592626410703,-9.882209400388508,24.487340735744375
-8.45776342304349,-10.069679134313294,24.668002415538783
-8.619951199694727,-10.244298616047672,24.875121797293914
-8.78261020374639,-10.40336297843583,25.107491342864744
-8.94408192387596,-10.544140646389499,25.363468234638315
-9.102606110243698,-10.663935839651067,25.64094749600548
-9.256337229486196,-10.76016149344733,25.937346063755893
-9.40336676402658,-10.83042087469833,26.24960097086887
-9.541751516130205,-10.872595198617145,26.574184574582805
-9.669547756615753,-10.884933564219253,26.907139230865223
-9.784850676255216,-10.866140631812415,27.24413294436044
-9.88583817485251,-10.815456784263947,27.580536321452733
-9.970817589377639,-10.732725175017162,27.911519679398477
-10.03827355799437,-10.618440183138224,28.23216752455843
-10.086914886730066,-10.47377244552469,28.53760596343146
-10.115718075794927,-10.300566836240678,28.823137140628596
-10.123965112992996,-10.101311455772418,29.084373706061438
-10.11127327904435,-9.879077743228324,29.317365774503674
-10.07761504159298,-9.637434028473058,29.51871297350514
-10.023326625979522,-9.380336952689031,29.685655016640116
-9.949104503135327,-9.112006953190619,29.81613572744239
-9.855989770341884,-8.836795215718467,29.908837420778408
-9.74534114899858,-8.559050002120184,29.96318479681685
-9.618798012252318,-8.28299001758723,29.97931975668496
-9.478235419279734,-8.012591546649466,29.95805055429434
-9.325713523548307,-7.751494607437784,29.900780249197176
-9.163423913176473,-7.502931556045686,29.809420390856086
-8.993635430431745,-7.269679646705094,29.686296204853438
-8.818641824507274,-7.054037234103768,29.534049310559585
-8.640713254096411,-6.8578217626865605,29.35554328797658
-8.462053221103671,-6.682386533968366,29.153776378510496
-8.28476203399873,-6.5286525209708035,28.93180441079784
-8.110807415097746,-6.3971511947634765,28.69267583539736
-7.942002418417609,-6.28807438396233,28.439379647799637
-7.779990440839661,-6.2013275202019456,28.174806055985087
-7.626236804896695,-6.136583138391122,27.901719046079307
-7.482026171923475,-6.093332111981567,27.622739523509118
-7.348464906552372,-6.07093073626358,27.340337438559764
-7.2264874485982595,-6.068642370847944,27.056831209955824
-7.1168657437381375,-6.0856728790249015,26.774392796606374
-7.020220826111423,-6.121199536812014,26.495056894219204
-6.9370357203262305,-6.174393422292424,26.220732912561424
-6.867668924972654,-6.244435540469881,25.953218589901258
-6.812367844217829,-6.3305271009827875,25.694214300365154
-6.771281640237934,-6.431894459754791,25.4453372916395
-6.744473081209219,-6.547789276336356,25.208135245023126
-6.731929053451288,-6.67748444127747,24.98409867275025
-6.733569489957764,-6.820266306056443,24.77467175799109
-6.749254540256856,-6.975423713848969,24.581261302882655
-6.778789868727918,-7.142234292911079,24.405243482976644
-6.821930021407933,-7.3199484440011435,24.247968117359445
-6.87837984680302,-7.507771435972437,24.110760157877376
-6.947793996530849,-7.704844024968879,23.994918084428022
-7.02977456926429,-7.9102220368640825,23.90170887275699
-7.123866999039705,-8.122855402790668,23.832359183896955
-7.229554329131495,-8.341567215550013,23.788042418390035
-7.346250057817603,-8.565033480442494,23.769861292781304
-7.473289794587987,-8.791764365526424,23.778825640571082
-7.6099220262751235,-9.020087908592192,23.815825225686417
-7.7552983630293655,-9.248137302709003,23.88159749474792
-7.908463713751216,-9.473843046108167,23.97669039562996
-8.068346927809745,-9.6949313872829,24.101420662845626
-8.23375253107493,-9.90893059879897,24.255828320173443
-8.40335427373209,-10.113186644308582,24.439628576505704
-8.575691286823549,-10.30488972924362,24.652162781879323
-8.749167703219404,-10.481113011370137,24.892350644721265
-8.922056623674106,-10.638864359698697,25.158646451520774
-9.092509285040297,-10.775151463930312,25.44900252335392
-9.258570200424142,-10.88705980156936,25.760843521405267
-9.418198876355554,-10.971841979151725,26.091055395590466
-9.569298460095752,-11.027015821647932,26.435992672184657
-9.709751327989206,-11.050467370065268,26.791507321267726
-9.837461199997492,-11.04055377846932,27.15300157911602
-9.950400875114033,-10.996200125624126,27.515505810895192
-10.046664159551307,-10.91698353692384,27.87378082757074
-10.124520049451183,-10.803197906290132,28.22244212638675
-10.182466787013515,-10.655893036673092,28.556101481372647
-10.219283091780696,-10.47688323731538,28.869519396941804
-10.234073731552261,-10.268722290967439,29.1577604069736
-10.226306680867,-10.034644097056148,29.416342293176022
-10.19583943802889,-9.778470973674668,29.641370191123073
-10.142932624964873,-9.504494259920577,29.82964733312049
-10.068249738342061,-9.21733417506002,29.9787558035659
-9.972842788941989,-8.921787568188746,30.08710298825431
-9.858124474193241,-8.622673021129941,30.15393211420577
-9.725828384196262,-8.324682659084326,30.17929807189358
-9.577959459458462,-8.032249023904233,30.164012255064208
-9.41673743274447,-7.749433641959696,30.10956216495816
-9.244536259296206,-7.479841727378533,30.01801282079926
-9.063822561553536,-7.226565094938304,29.891897527876633
-8.877095907928963,-6.992153095584321,29.73410532243269
-8.686833354577587,-6.778609458212346,29.547771573164948
-8.495440162830265,-6.587411471803949,29.336176961843975
-8.305208025733714,-6.419547034078281,29.102658596695893
-8.118281553495947,-6.275564711157113,28.850535521936
-7.936633227699017,-6.155632024054467,28.583049526067757
-7.762046572219766,-6.059597594611576,28.30332102076811
-7.596106924604914,-5.9870534268192745,28.01431891098794
-7.440198931612414,-5.937394356930145,27.718842811355856
-7.295509732546416,-5.909872483471002,27.41951565807713
-7.163036722225561,-5.903645116502199,27.118784673738585
-7.04359878599469,-5.917815419334624,26.81892871096804
-6.937849954601115,-5.951465432557929,26.522070176371074
-6.846294519970617,-6.003681564267883,26.23018997133316
-6.769302768747049,-6.073572908785265,25.94514414302182
-6.7071266163172965,-6.160282933554854,25.66868118912641
-6.659914550211853,-6.262995168702096,25.402459184785542
-6.627725411319083,-6.380933565252246,25.148062088965965
-6.610540649842339,-6.513358174716615,24.907014735648982
-6.608274788027715,-6.659556761111189,24.680796122383573
-6.620783902740477,-6.818832900615309,24.470850677879103
-6.647872008599411,-6.990491065748592,24.27859722595002
-6.6892952781628745,-7.173819139746124,24.10543537092548
-6.744764081835294,-7.368068770539664,23.952749015791802
-6.81394286941117,-7.572433958724157,23.82190669541216
-6.896447950456807,-7.786028285200126,23.714258370142968
-6.99184326515453,-8.007861225827556,23.63112828761273
-7.099634273934843,-8.236814075240398,23.573803490788386
-7.219260136241235,-8.471616111360271,23.543517538318255
-7.350084398913602,-8.71082177559241,23.541429019463806
-7.491384475313037,-8.95278981799624,23.568594503071143
-7.642340269130698,-9.19566555507801,23.625935671497388
-7.8020223824968955,-9.43736759868875,23.714200570191835
-7.969380445774905,-9.675580620369963,23.833919164978667
-8.14323221362232,-9.907755892053189,23.98535375255949
-8.322254183451452,-10.131121459627195,24.16844522053838
-8.504974600354583,-10.34270382195319,24.382756697759586
-8.689769805699903,-10.539362860728604,24.62741675759574
-8.874864950510792,-10.71784145103149,24.901065002984964
-9.058340112129203,-10.874830637784793,25.20180351952469
-9.238142804457945,-11.007050461917311,25.527158257573795
-9.412107739260305,-11.111345456790417,25.874054802525798
-9.577984462320465,-11.184792539488898,26.23881310776872
-9.733473143726238,-11.224817565216217,26.617165490121774
-9.876268346267237,-11.229315317380644,27.004301432424253
-10.004110043987007,-11.196766338661734,27.394941450979523
-10.114840544965503,-11.126342971102194,27.78344047701293
-10.206465336484692,-11.01799647752016,28.163918962033556
-10.277215280042308,-10.872517348628369,28.53041742692139
-10.32560711084129,-10.69156198074491,28.877067695094127
-10.350498914277185,-10.477640854242583,29.198271896945208
-10.351137222162606,-10.234066039090067,29.488878830109723
-10.32719263221235,-9.964859053170581,29.74434668290533
-10.278781410570934,-9.674623443936408,29.960881643883084
-10.206471355123949,-9.368389538518512,30.13554354448151
-10.111271205769988,-9.051441207684965,30.266312261162053
-9.994603986393283,-8.729135896623717,30.352111833335822
-9.858265736763911,-8.406729417207343,30.392792727376055
-9.7043720284177,-8.089216074882838,30.38907595880924
-9.535295363840229,-7.781192791642946,30.342465485488294
-9.3535969729438,-7.486753288511379,30.2551371266769
-9.161956624377634,-7.20941547897424,30.129813117637088
-8.963103880123914,-6.952082370717217,29.9696313007753
-8.759753790567723,-6.717034288557898,29.778017034965767
-8.554549425001643,-6.505948328827637,29.558564409820782
-8.350012938562768,-6.319939733251963,29.31493154839678
-8.148506166470398,-6.159619322125716,29.050752921957006
-7.952201073264589,-6.0251611651830315,28.769569887172263
-7.7630598141728875,-5.916375158006458,28.474779226933208
-7.582823714489469,-5.8327799582844335,28.16959840032436
-7.413010150284888,-5.77367267321013,27.857045496118708
-7.254916115220332,-5.7381926542162685,27.5399315048876
-7.109627169267486,-5.725377657348379,27.22086241861199
-6.978030465665113,-5.734211409031309,26.902248763589927
-6.860830620366082,-5.7636622489802045,26.586320403215502
-6.758567302092437,-5.812712998542295,26.275144750964714
-6.671633561899388,-5.880382533704812,25.97064686203983
-6.600294073206132,-5.9657397467860855,25.67463018922465
-6.544702604612871,-6.067910683295372,25.388797071501752
-6.504918190049718,-6.186079665212463,25.114768260033756
-6.4809195885714805,-6.319485182029229,24.854100970182554
-6.472617736681958,-6.467411266518554,24.60830508077232
-6.479865988728979,-6.629174990305067,24.378857186711684
-6.502468016461633,-6.804110628706113,24.167212254248327
-6.540183299175824,-6.99155096603824,23.97481263631815
-6.592730183630738,-7.190806150467374,23.8030941857616
-6.659786531224677,-7.401140468645904,23.653489163771447
-6.740988002207839,-7.6217474006943595,23.527425587088576
-6.83592405659192,-7.851723340443396,23.426322597830953
-6.944131782577878,-8.090040428260465,23.35158138285004
-7.065087699432632,-8.335519047208612,23.304571124807673
-7.1981977263425865,-8.586800679209905,23.286609446058062
-7.342785565109752,-8.842322005585888,23.298936822178764
-7.498079815373579,-9.100291361825796,23.34268450993595
-7.663200228240565,-9.358668911079153,23.418835671622386
-7.837143608418106,-9.615152169901833,23.528179601907954
-8.018769994999559,-9.867168780660984,23.671259291551177
-8.206789883301585,-10.111878646082191,23.848313007974838
-8.399753387845095,-10.34618768131378,24.059211142025326
-8.59604237916424,-10.56677544708425,24.303390257500205
-8.793866739895979,-10.77013874701765,24.579787062213665
-8.99126595959751,-10.952652844671164,24.886775850771926
-9.186117300415948,-11.110651230274632,25.222113777308405
-9.376151692481812,-11.240523811226234,25.5828990004679
-9.558978334670751,-11.338832014831999,25.965547177490823
-9.732118663505291,-11.402437624927988,26.365791829282376
-9.89304989994713,-11.42864033404896,26.7787136171905
-10.03925779458341,-11.415317152992207,27.19880245717822
-10.168297489394137,-11.361055212286889,27.620054600121012
-10.277860644390653,-11.26526838529614,28.036104370096435
-10.365846207741773,-11.128287830703144,28.440387330196362
-10.430431524339426,-10.951417212594714,28.82632850989063
-10.47013997464787,-10.736945122545476,29.187546350461695
-10.483901102879011,-10.488110059138942,29.518060628930726
-10.471099299943193,-10.209016995972188,29.812491211860227
-10.43160758483813,-9.904508699414324,30.066234375190813
-10.365803863283015,-9.579999032103794,30.275604739169275
-10.274568168606644,-9.241278950647105,30.437933524867503
-10.159260696329273,-8.894308293588836,30.55161753741338
-10.021681790042184,-8.5450074337688,30.616117544198094
-9.864016273702678,-8.199062333831545,30.631908980053144
-9.68876552174293,-7.861754627568518,30.60039162949167
-9.498671317101152,-7.537825387314644,30.52376767807417
-9.296635821250401,-7.231377690437635,30.404899043676178
-9.085641874680004,-6.945819461757625,30.247155154098433
-8.868677412238009,-6.683844784848016,30.0542614771553
-8.648667099062896,-6.447449266085676,29.83015741335109
-8.42841346919354,-6.237973274140404,29.57886997340651
-8.21054897955144,-6.056165991114087,29.304407323519545
-7.997499562544813,-5.9022631087484765,29.010674075471126
-7.791459535141558,-5.776071517090028,28.701408327193146
-7.59437714036865,-5.677055264405717,28.38013903114892
-7.407949574935809,-5.604418220736788,28.05016130986536
-7.233626090949485,-5.557180087024995,27.714526815235523
-7.0726176336719355,-5.534243532756028,27.37604606706944
-6.9259114661128685,-5.53445123724436,27.03729981584093
-6.7942893068736865,-5.556632412318876,26.700656763199525
-6.678347642614696,-5.5996389877190484,26.368295360685703
-6.578519046321454,-5.662372057119327,26.042227827573846
-6.495093517081024,-5.743799437432693,25.72432493603951
-6.428239040973173,-5.8429653178449,25.416340475601995
-6.378020745128723,-5.958992999670573,25.119934612443007
-6.344418171204946,-6.091081683037779,24.836695596523878
-6.327340326956779,-6.238498167065522,24.568159441320674
-6.326638284264886,-6.40056421757343,24.31582731275191
-6.342115179804905,-6.576640237138337,24.081180423054327
-6.373533542695943,-6.766105759488513,23.86569224037634
-6.420619925002388,-6.9683371938962155,23.67083780410619
-6.483066849477115,-7.1826831733656915,23.498099887458604
-6.560532118349484,-7.408437819556715,23.348971680277568
-6.652635551391839,-7.644812233162646,23.224955583978023
-6.758953245164236,-7.890904555900337,23.12755762508124
-6.879009472507131,-8.145669033829943,23.05827691297719
-7.012266376278951,-8.407884645049077,23.018589502162285
-7.158111658159804,-8.676124040112004,23.00992598237507
-7.315844525925527,-8.948723780592381,23.033642127712003
-7.484660244255465,-9.223757145964186,23.09098200684841
-7.663633737250649,-9.499011101665959,23.183033112439933
-7.851702816294632,-9.77196936426659,23.31067333169155
-8.047651753373877,-10.039803835444125,23.474509974399822
-8.250096083122527,-10.299376965400848,23.67481161789718
-8.457469688321243,-10.547257795677622,23.91143422968936
-8.668015390157816,-10.779754455958726,24.183743882300124
-8.879780407561427,-10.992965675080503,24.490539352364888
-9.090618145088188,-11.182853336599079,24.82997893868835
-9.29819778710356,-11.345337196698997,25.199516847200698
-9.500023085543866,-11.476411544899646,25.595855342040775
-9.693461498286014,-11.5722818285357,26.014919385803253
-9.875784439997823,-11.629517147774592,26.451860503871554
-10.044218834636133,-11.645212207603679,26.901095929734794
-10.196009415444257,-11.617150022953409,27.356387584648104
-10.328490337269562,-11.543954726405966,27.81096306525501
-10.439163709951268,-11.425222583540059,28.2576776322201
-10.525781722156864,-11.261619128128638,28.68921244113929
-10.586428216302306,-11.05493145579668,29.09830032032004
-10.619595019575868,-10.808067270267227,29.47796678806979
-10.624248145385572,-10.524996152242176,29.821771275842362
-10.599879232911485,-10.210633365346458,30.124032193177154
-10.546538316442888,-9.870671758846147,30.380019883478713
-10.464845172144273,-9.511372272960434,30.586103768324634
-10.35597797281802,-9.13932749247703,30.739843852553488
-10.221639632146385,-8.76121505364791,30.84002177131412
-10.064003850115295,-8.383558164006628,30.886612015840264
-9.885644293632366,-8.012509035187449,30.88069912565416
-9.689451406125908,-7.653667952827828,30.824350811748864
-9.47854193911403,-7.3119465463247,30.720459711326495
-9.256166407792144,-6.991479220630393,30.572567573575704
-9.025619328623309,-6.695582303826026,30.384685215057296
-8.790156389630802,-6.426756756296679,30.161119859766185
-8.552921755313871,-6.1867275998008004,29.906318921141207
-8.316887648453632,-5.976511672771519,29.62473635326117
-8.08480730007323,-5.7965048384413755,29.32072480953884
-7.859181411008209,-5.646580175407066,28.99845431036982
-7.642237486760497,-5.526189711624003,28.6618561236551
-7.435920822427199,-5.434463658175841,28.314589173470946
-7.241895529901471,-5.370302624438604,27.9600254882883
-7.0615537981891165,-5.3324597704271355,27.60125089490531
-6.896031529795318,-5.319611154248235,27.2410772405556
-6.7462285661801245,-5.330413597552617,26.882062760694946
-6.612831867431233,-5.363550199511436,26.526537692532106
-6.496340213130238,-5.417764191820486,26.176632774270278
-6.397089215925807,-5.491882174575153,25.834308801231913
-6.315275665816539,-5.584827945676994,25.501385889439618
-6.250980436875788,-5.695628176536816,25.17957150094058
-6.2041893797409315,-5.823411133049042,24.870486603904922
-6.174811787626583,-5.9673995265147,24.575689575032943
-6.162696159245986,-6.126898431526336,24.296697608903315
-6.167643089607925,-6.3012790479394445,24.03500548848427
-6.189415201625091,-6.4899589279262235,23.792101603972366
-6.227744091309369,-6.692379148664645,23.569481093947214
-6.2823343011530905,-6.907978795456848,23.368655933110844
-6.352864364560149,-7.136167036091505,23.191161713132566
-6.438984983531368,-7.376293021100714,23.03856076507085
-6.540314416955112,-7.627613841799597,22.912441160976407
-6.656431172605425,-7.889260824116324,22.81441101656859
-6.7868641171657185,-8.160204536630056,22.746087405641397
-6.931080150177205,-8.439219050945066,22.709079101673574
-7.088469634631953,-8.724846215401202,22.704962297708537
-7.2583298436807935,-9.015360990615333,22.735248440518383
-7.439846773826142,-9.308739244722311,22.80134337221912
-7.63207579330913,-9.602629808114296,22.904497128774956
-7.833921741870671,-9.894333023189809,23.045744030083927
-8.044119273863153,-10.180788462754238,23.225833140963065
-8.261214436400138,-10.458574884358773,23.445149813103246
-8.483548688573844,-10.723925772572649,23.703629851867625
-8.709246781335352,-10.972763914967876,24.00066888745979
-8.936210107882651,-11.20075826434907,24.335030738164004
-9.162117271296136,-11.403405757565137,24.704759866096893
-9.38443366288486,-11.576139696820167,25.107104327690045
-9.600431760025524,-11.714464689157037,25.538456744760044
-9.80722359497158,-11.814115976240455,25.994321553341937
-10.001806381696998,-11.871238346731564,26.4693168828667
-10.181121597286566,-11.882576892933722,26.957218637997876
-10.342126903849543,-11.845668956852261,27.451052512316615
-10.481879206696961,-11.75902412048506,27.94323668140841
-10.597625954571011,-11.622277507664428,28.42577389661915
-10.686900617112258,-11.436301445718362,28.89048693348864
-10.747617272427464,-11.20326203874676,29.329286358023296
-10.778158563697676,-10.92661056677242,29.734455043234036
-10.7774510829676,-10.61100468133214,30.09893054526616
-10.74502261183249,-10.26216062136449,30.416564999837213
-10.68103661964424,-9.886644340277595,30.682343056020365
-10.586300928730369,-9.49161557031877,30.892541594967913
-10.462249354009508,-9.084543526931105,31.04482024118348
-10.310897194372895,-8.672915459289614,31.138238247485507
-10.134773445839702,-8.263959235660591,31.173200269672904
-9.93683428333915,-7.86439870188498,31.151339848379738
-9.720363532828145,-7.480256159498952,31.07535424661788
-9.488866423647446,-7.11671074757953,30.94880712586995
-9.245962860583964,-6.778015654337132,30.775916235868177
-8.995285858952881,-6.467471733164056,30.561342056493874
-8.740389779146,-6.187450848664475,30.309990640630346
-8.484671746033278,-5.939459452354074,30.026840370142857
-8.231308310796441,-5.724231534331907,29.716798557132975
-7.983208152149499,-5.541840048019075,29.384590299785096
-7.742980525948783,-5.391816856245285,29.034679078245386
-7.5129183189220985,-5.273272843286708,28.671216422867555
-7.294993965235432,-5.18501174049073,28.298016629133325
-7.090866133258906,-5.125633145351602,27.91855184826728
-6.901894951805406,-5.093621978312397,27.53596280633083
-6.7291635763166315,-5.087423101763717,27.153080732174647
-6.573504048827789,-5.105500973646913,26.7724566484809
-6.435525636794443,-5.1463850262166995,26.39639486782665
-6.315644107246148,-5.208701983530928,26.026988237409896
-6.214110674557401,-5.291196610268724,25.666153324607315
-6.131039630914011,-5.39274247546632,25.315664291988423
-6.066433914212996,-5.512344270761734,24.97718465788157
-6.020208080703661,-5.64913308974258,24.65229647554175
-5.992208325922359,-5.802355890294519,24.34252669842428
-5.982229337577337,-5.971360154146852,24.04937064397084
-5.990027870492133,-6.1555745482626065,23.774312538251845
-6.015333010440127,-6.354486196446392,23.518843132900983
-6.05785314542631,-6.567614997238047,23.284474346546553
-6.117279694805862,-6.794485283580232,23.072750805923825
-6.193287663820723,-7.034595016992289,22.88525805573294
-6.285533098957053,-7.2873826495092535,22.723627078450463
-6.3936475232551775,-7.552191776009279,22.589534622526543
-6.517229435658983,-7.828233743841833,22.484698686941663
-6.655832970096429,-8.114548492600354,22.410868360723
-6.808953833807457,-8.409964071503973,22.369807079216212
-6.976012686189397,-8.713055531753811,22.363268250094148
-7.156336184850134,-9.022104221158322,22.39296214173077
-7.349136020146311,-9.33505891908722,22.460512941028618
-7.553486388025264,-9.649500735390863,22.56740500954347
-7.768300516813334,-9.962614240774116,22.714917633662232
-7.992307067508133,-10.271167866897308,22.904048017620347
-8.224027466038883,-10.571507161592214,23.13542294692923
-8.461755491183212,-10.859564934411823,23.409200485490153
-8.703540717323136,-11.13089258190775,23.72496427479063
-8.947177671918906,-11.38071681954122,24.081614458842118
-9.190202778345164,-11.604025532497518,24.477260898043575
-9.42990127056448,-11.795685357255364,24.909126032283403
-9.663326234299149,-11.950591813602527,25.373466311438676
-9.88733169437514,-12.06385027936973,25.865522263693894
-10.0986211794965,-12.130982896443495,26.37950770034944
-10.293812420087475,-12.148152815618987,26.908647928436995
-10.46951776800963,-12.112393391746053,27.445274877042642
-10.6224386078343,-12.021826549041537,27.980983586953506
-10.74947054931453,-11.875852178770417,28.50684962776357
-10.847814695450166,-11.675289751165856,29.01370103425167
-10.9150889603795,-11.422454841629312,29.492431937428563
-10.949432477995245,-11.121157234581927,29.934339097027305
-10.949595793587466,-10.776613521012852,30.33145803027401
-10.915009909411765,-10.395275032162758,30.67687330400607
-10.845828409237296,-9.984580526104716,30.964978437160575
-10.742938746393381,-9.552650995989453,31.191664883122524
-10.607941154437814,-9.107950036576398,31.354426287462314
-10.44309624489054,-8.658936412623936,31.452372687193336
-10.251244862496105,-8.213735348483635,31.486158242693104
-10.03570586010305,-7.779851738647458,31.45783412730987
-9.800158889588092,-7.363942655127492,31.37064422585953
-9.548519951499923,-6.971659264417276,31.228784637482907
-9.284817299329813,-6.607560750876289,31.037148498347356
-9.013074462392245,-6.275096134304355,30.801075680967386
-8.737205821313065,-5.97664471931932,30.526123176534828
-8.460928565202313,-5.713602687573034,30.217867259918
-8.187693197257111,-5.486502036901819,29.881743674539866
-7.920633216063402,-5.295148401023195,29.52292769025732
-7.662533308609514,-5.138765807539905,29.146252385096453
-7.415814414563694,-5.0161386665227905,28.756161052424183
-7.182533374150397,-4.9257437884813395,28.35668821951831
-6.964394529097167,-4.865867668339096,27.951463234038233
-6.762770558084643,-4.834706415404089,27.543730519365013
-6.5787299342273835,-4.830447440004527,27.136381193193564
-6.4130686310042595,-4.851333292826587,26.731991583635104
-6.266344019730387,-4.895708919428832,26.332865102116155
-6.138909251140745,-4.962054100316352,25.941074827880815
-6.0309467621555335,-5.049003070825694,25.55850495358144
-5.942499873266295,-5.155353329646517,25.186889899279166
-5.873501728166101,-5.280065516879243,24.827850412994668
-5.823801068376048,-5.422256027132205,24.482926346401232
-5.79318453009501,-5.581183762810569,24.153606040371088
-5.781395300313369,-5.756232158508141,23.841352396760545
-5.788148078617132,-5.946887340878482,23.547625770084423
-5.813140365533606,-6.152713043925216,23.273903803585295
-5.856060143744233,-6.373322686682672,23.021698273597085
-5.916590041141804,-6.608348845021373,22.792568905746755
-5.9944080705639475,-6.8574102165513295,22.588133995278177
-6.089185035952231,-7.12007609177763,22.410077508339196
-6.200578684403932,-7.395828310904241,22.260152167028195
-6.328224673828433,-7.684020710358456,22.140177833964174
-6.471724422551283,-7.98383615412815,22.052034319097476
-6.630629916354818,-8.294241411687763,21.99764754221587
-6.8044255765931485,-8.613940396749648,21.978967813326737
-6.992507347013886,-8.941326628946284,21.99793886003293
-7.194159243792214,-9.274436230864746,22.05645616389361
-7.408527739863377,-9.610903326929446,22.156313202875538
-7.634594526840974,-9.947920359754068,22.29913437943966
-7.871148419520334,-10.282206559594886,22.486293796124713
-8.116757439483784,-10.609988547532502,22.718819679044838
-8.36974243030433,-10.926997748967434,22.99728519772906
-8.62815390387648,-11.22848983371318,23.321687726182283
-8.889754171448557,-11.509291640354974,23.691320244034674
-9.152007137091504,-11.763880813491193,24.104640547664463
-9.412078374697384,-11.986502495327455,24.55914611747292
-9.66684820811869,-12.171325692014452,25.051264666777342
-9.91294039467887,-12.312639257687408,25.576272277216447
-10.146768601260279,-12.405083790080862,26.128252209843108
-10.364602098156515,-12.4439112609522,26.70010751813101
-10.562650947164109,-12.42525927642558,27.28363903970991
-10.737169444193595,-12.346422073582435,27.86969688405175
-10.884574776266266,-12.206096506571146,28.44840807800411
-11.001575926764286,-12.00457925264583,29.009475847592697
-11.085306040504946,-11.743892097861961,29.542537791249458
-11.13345001815741,-11.427815977636723,30.037562024081687
-11.144358328842122,-11.06182148552992,30.48525359282909
-11.117138139696433,-10.652893229078883,30.87743943292515
-11.051713980741006,-10.209256483216452,31.207399908768583
-10.948852257027783,-9.740025402552678,31.47011898259629
-10.810146783123994,-9.254800821898701,31.66243294161159
-10.637965797555557,-8.76325090608651,31.783068242783
-10.435364182124683,-8.274708755566254,31.83257071755441
-10.205967426628135,-7.797817525288878,31.813139241364013
-9.953835889792982,-7.340246482113007,31.728385382562017
-9.683318904706365,-6.908492111126638,31.58304544940928
-9.398908227392385,-6.507768517981644,31.382672445681287
-9.10509935679923,-6.141982461344277,31.133333128566406
-8.806267605773563,-5.813781471370946,30.84133055270967
-8.506563773667818,-5.524659205677129,30.512966330744955
-8.209832155929083,-5.2751004753295705,30.1543504565267
-7.919551668207898,-5.06474885142947,29.77126080308101
-7.638799230464297,-4.89258182460026,29.36904987604861
-7.3702333374251,-4.7570814662001535,28.95259329894914
-7.116094951481169,-4.656391833559241,28.526272786382517
-6.878222455802667,-4.588457516961092,28.09398580815974
-6.658077330206131,-4.551140452371168,27.659174461259838
-6.456777377982145,-4.5423142792751605,27.22486693763792
-6.275134657276337,-4.559937081094641,26.793726132434507
-6.113695684474792,-4.602104356472837,26.36810116868631
-5.972781922557621,-4.667084624242227,25.9500787771533
-5.85252900311678,-4.753340267990521,25.541532478699082
-5.752923529381608,-4.859536178734078,25.144168333917527
-5.673836653574605,-4.984538543305329,24.759566645382797
-5.615053908597817,-5.127405820904354,24.389219437313493
-5.576301001112287,-5.287373602341774,24.03456382122738
-5.557265444294686,-5.463834691744768,23.697011513190503
-5.557614030069043,-5.65631541241471,23.377974826083808
-5.577006219662619,-5.864448831447201,23.078889442646773
-5.615103575459433,-6.087945329780577,22.80123420078293
-5.671575373668632,-6.326560719946911,22.546548005708058
-5.7461005332212505,-6.580061935675484,22.31644383365876
-5.838365978045568,-6.848190188212898,22.11261961535801
-5.9480615235861105,-7.130621407385393,21.93686558834916
-6.074871350096485,-7.42692376654861,21.791067488861458
-6.218462100889462,-7.736512137625458,21.677204719833046
-6.3784676297212695,-8.058599446098397,21.597342388080907
-6.554470424714955,-8.392145109274109,21.553615860426117
-6.745979764288032,-8.735801059263009,21.54820626203619
-6.952406721780855,-9.087856289892677,21.583305154837525
-7.173036238793094,-9.446181436532,21.661066524556833
-7.406996641627351,-9.808175605039038,21.783544218940875
-7.653227188895507,-10.17071850354972,21.95261317700538
-7.910444517163637,-10.530131871036254,22.16987324132876
-8.177109196972268,-10.882155182494794,22.43653513094761
-8.45139401787954,-11.221941546324079,22.753289347546776
-8.731156071819454,-11.54408045200635,23.120160450941125
-9.01391516806534,-11.842654382372665,23.53635128998366
-9.296841541639415,-12.111336036804671,24.000084362125754
-9.576756141594332,-12.34353175767444,24.50845034845941
-9.850146919027642,-12.532574465318625,25.057276751250093
-10.113204376863738,-12.671965816379949,25.64103202297752
-10.36187909334464,-12.7556623919034,26.25278206246118
-10.59196290602102,-12.77839472282485,26.884215829409303
-10.799193903528982,-12.736001411438217,27.525754486783995
-10.97938335070219,-12.625754382424745,28.16675349827696
-11.128560296233292,-12.446646544324894,28.795799430983777
-11.243127115554126,-12.199611117580606,29.401093317576223
-11.320016955052719,-11.887643683001375,29.970901406938356
-11.3568423536947,-11.515804232936103,30.49404361309757
-11.352023600037572,-11.091086994362495,30.96038189357132
-11.304885916440787,-10.622159433346058,31.361266973274226
-11.215716450996332,-10.11898668819344,31.68990351203441
-11.085775174424704,-9.592371255136126,31.94160123134928
-10.917257763925734,-9.05344764990184,32.11389173483106
-10.713212871027496,-8.513176212181152,32.20650580729581
-10.477420204252615,-7.98187851600624,32.22122129444714
-10.214239049972676,-7.468849549061389,32.16160470052402
-9.92843880999025,-6.9820705369426745,32.03267845629968
-9.625023688135391,-6.528033226364759,31.840549464620448
-9.309062887867785,-6.111673857596774,31.592033172936258
-8.985535861712156,-5.736404754992033,31.294302087998133
-8.659199669420738,-5.404224507384412,30.954579879816933
-8.3344827682143,-5.115884362491276,30.579893647759175
-8.01540693791383,-4.8710883303855,30.176888913651574
-7.705536800782671,-4.668706781812731,29.751705389028928
-7.407954680419975,-4.506987093567043,29.309906970974765
-7.125257400383889,-4.383749255771866,28.856456771589002
-6.859571014542924,-4.296558626747799,28.395727012913603
-6.612579299615287,-4.242871749681337,27.931533909826676
-6.385562015222024,-4.220154104270564,27.467188776181303
-6.17943933618555,-4.225970803909784,27.005558130492084
-5.9948193868203905,-4.25805262938881,26.549127240234608
-5.832046378623722,-4.314340540855137,26.100063118630153
-5.691247413769582,-4.3930120795352385,25.66027435233506
-5.572376529748153,-4.492493002091581,25.23146623914117
-5.475255004395145,-4.611457205401165,24.815190545900233
-5.399607306838819,-4.748817593544853,24.412889781838835
-5.345092368551329,-4.903710081467503,24.025936259087192
-5.311330065124476,-5.075472468195195,23.655666422536267
-5.297922951953553,-5.26361947602468,23.303411014585322
-5.304473395293158,-5.467814857130309,22.97052163057904
-5.33059629384052,-5.687841123249822,22.658394144145333
-5.375927604261967,-5.923567159940302,22.36848935736462
-5.440128875230157,-6.174913744197184,22.102351071388334
-5.522887966026182,-6.441816792325332,21.861621586142462
-5.623916084264843,-6.724188024161674,21.648054426521014
-5.7429412289814925,-7.021872642555603,21.46352385790276
-5.879698076114107,-7.334603598953943,21.31003049581288
-6.0339142993959305,-7.661952056264281,21.189702033626975
-6.205293287411514,-8.003273782244877,21.104787811387958
-6.393493204484198,-8.357651427973162,21.05764563574264
-6.598102357727163,-8.72383298749845,21.050718950589424
-6.818610884899999,-9.100167219652752,21.08650217531181
-7.05437887885176,-9.484537463449406,21.16749181085724
-7.304601226386347,-9.874296111341971,21.296120818210596
-7.568269674447882,-10.266203024128226,21.47467387241595
-7.84413295507909,-10.65637235946611,21.70518148042942
-8.130656209013926,-11.040233590084952,21.98929173026789
-8.425981444677566,-11.412513806054356,22.328119725662045
-8.727891341079337,-11.767249563074989,22.722076656642773
-9.03377931811107,-12.097837317938565,23.170683024661347
-9.340629401341921,-12.397131572839356,23.67237376532207
-9.645009918270583,-12.657598867997072,24.22430675179937
-9.943085368474222,-12.871533344427652,24.822190103617743
-10.23065077705984,-13.03133544290254,25.460147346675488
-10.50319232535412,-13.129849289270766,26.130642039453928
-10.75597692537384,-13.16074663011803,26.82448411161899
-10.984171584894897,-13.11893644819136,27.530937948547056
-11.182990907712526,-13.00097072164114,28.237946487614767
-11.347868027971165,-12.805409757647233,28.932476026184055
-11.474640979969376,-12.533106927462097,29.60097356832105
-11.559743393060002,-12.187374112501079,30.2299137455093
-11.60038600900728,-11.7739967663567,30.80639787218151
-11.594714383266215,-11.301081133604903,31.31875629335094
-11.541928668317052,-10.778734399365124,31.757099523106564
-11.442353758219204,-10.218598640517557,32.113765623567964
-11.297452141945655,-9.633277887597709,32.383621252820966
-11.109777073182721,-9.035710899062469,32.564190495966585
-10.882869361726902,-8.438547854939202,32.6556061265022
-10.621106368017411,-7.853586181814457,32.66039860643301
-10.32951586257908,-7.291310057656842,32.583155286571696
-10.013569768465986,-6.760562268008804,32.43009325281579
-9.67897325085461,-6.268359245603644,32.20859294750078
-9.331463311451667,-5.819843509146188,31.92673654345305
-8.97662840948359,-5.418354732709904,31.59288676024789
-8.619757228141685,-5.065592580802632,31.21533070183109
-8.265721105325087,-4.761841333449427,30.802001659891467
-7.918891324201514,-4.506227415013223,30.36028148014404
-7.583089732853226,-4.296984962783905,29.896878130046435
-7.261569188679035,-4.131710164016117,29.41776792898024
-6.9570191162991595,-4.007591074572696,28.928189343624798
-6.671590941294288,-3.921605158353971,28.43267481091972
-6.406938174661252,-3.8706813586904603,27.935108092592696
-6.1642663156840785,-3.851826939088142,27.438796570665495
-5.944388365135767,-3.862221637155003,26.946550152488072
-5.747782472667419,-3.8992830169658985,26.460760699392157
-5.574648989203929,-3.9607074915894374,25.983477897231296
-5.424964894635711,-4.044491533253134,25.51647913726815
-5.298534186285448,-4.148937282456661,25.0613322428205
-5.19503332756726,-4.272646259694781,24.61945078435728
-5.1140512659099,-4.414504284634728,24.19214232488863
-5.055123840228346,-4.573660092263144,23.780650290117237
-5.017762621779864,-4.749499549779906,23.386190324083728
-5.0014783810328876,-4.941616846909446,23.0099820233373
-5.005799460383328,-5.149783566468655,22.653276882885216
-5.030285370525435,-5.373916143115705,22.317383166324685
-5.074535928012322,-5.614041882932351,22.00368825167814
-5.138196222489469,-5.870263439647471,21.713678816158883
-5.22095765227974,-6.142721419858546,21.448959013322913
-5.322555203274693,-6.431554616240343,21.211266565766902
-5.4427610744303205,-6.736857244034727,21.002486443291083
-5.581374679122849,-7.058632485545534,20.82466151601184
-5.738208980754565,-7.396741638083592,20.679999259807925
-5.913073059375031,-7.7508482264336145,20.570873244814358
-6.105750760767765,-8.120356601055981,20.499817757295595
-6.315975259011762,-8.504344823657929,20.46951349849689
-6.543399378457227,-8.901492073839755,20.482761888311973
-6.787561584075515,-9.31000142945172,20.542445108294977
-7.047847675218565,-9.727519714486244,20.651468698103486
-7.323448423717922,-10.151057201000848,20.81268334611717
-7.61331370036912,-10.57691130879335,21.028782590713078
-7.916104050020213,-11.000600050950405,21.302173604494833
-8.230141215411,-11.416812758340537,21.6348192256635
-8.55335977392734,-11.819387443548537,22.02805109684966
-8.883262822579658,-12.201325802623005,22.482356326784817
-9.216885482237721,-12.554857958702204,22.997143603304355
-9.550770815768708,-12.871569170867602,23.5704991410746
-9.880963448683593,-13.142599326490844,24.198948038545716
-10.203026585160874,-13.358922555366926,24.877242075179137
-10.51208803211575,-13.511708311155726,25.598199911494778
-10.802920071451926,-13.59275661278802,26.35262895226711
-11.070056373450802,-13.594989176496503,27.129358468589295
-11.307946520568787,-13.512965931302848,27.91540962617091
-11.51114515333458,-13.34338469059935,28.696318880316273
-11.67452850317727,-13.085512980431234,29.45661662366621
-11.793526615880584,-12.741497875623923,30.180444067936946
-11.864355574043563,-12.316504431136796,30.852270555099075
-11.884231287222317,-11.818646980654437,31.457654469160524
-11.851545671896641,-11.258699395665964,31.98397782099875
-11.765987778406199,-10.64959741391889,32.421081036671794
-11.628596702350533,-10.005773672484493,32.76173244511641
-11.441739494572639,-9.34238873701724,33.00188588186913
-11.209014840615403,-8.674534554894503,33.14070652271657
-10.935090818342282,-8.016487782783745,33.18037444456706
-10.62549135356065,-7.381079543590098,33.12570183169619
-10.286350141594843,-6.779228195261774,32.98361851509323
-9.924152320086378,-6.219657197406021,32.76258906553064
-9.54548312517089,-5.708796059383309,32.47202288257992
-9.156799646410855,-5.250842672010504,32.12172869742226
-8.764237390567237,-4.847952418891355,31.721449944562444
-8.373458506672954,-4.500513854015766,31.280501071202817
-7.989543937943107,-4.207471459795774,30.807509936137798
-7.61692795479372,-3.966661243556496,30.31025983267241
-7.259370745253245,-3.775132642998399,29.79561706807776
-6.919963034210696,-3.6294385916692957,29.269526268582755
-6.601155955448652,-3.5258833419165385,28.73705492428027
-6.304809408240691,-3.460724003962183,28.202470190886498
-6.0322526648500565,-3.430326456239561,27.669333698868392
-5.784351843142028,-3.4312793679776914,27.14060332806862
-5.561579844679065,-3.4604717953417246,26.61873405305683
-5.364085354519678,-3.515140488060153,26.105772730333292
-5.191758420339668,-3.5928929930116946,25.603443935275912
-5.044290928311429,-3.691712138109346,25.11322563794074
-4.921230952036485,-3.809946735546279,24.636414680030153
-4.822030468195368,-3.946292507861873,24.17418276450264
-4.7460863193474125,-4.0997664102814895,23.72762408880459
-4.692774577212626,-4.269676754440745,23.29779593149697
-4.661478637526845,-4.455590858893811,22.88575351548266
-4.651611478494573,-4.657301368574675,22.492580378004657
-4.662632555533175,-4.874791895029058,22.119415320794797
-4.694059799623186,-5.108202222216303,21.76747682166238
-4.745477146909251,-5.357792987254629,21.43808557815644
-4.816537962712851,-5.623909470187084,21.132685632281568
-4.90696464136481,-5.906943902124837,20.852864293279453
-5.016544570285906,-6.207295520475878,20.600370828922454
-5.145122547563865,-6.525327460860154,20.377133626946982
-5.292589641423113,-6.861319480072688,20.18527522755813
-5.458868382045385,-7.215415461216909,20.027124285165513
-5.6438940864129155,-7.587564675877495,19.90522312351058
-5.847592041746137,-7.977455891853352,19.822329097121997
-6.06985022120624,-8.384443650304092,19.78140746364055
-6.310487188007796,-8.807466434238904,19.785612916057282
-6.56921487540791,-9.244957060791473,19.838256346666707
-6.845596028397325,-9.69474650842725,19.942752862853407
-7.138996280246888,-10.153963593228712,20.102546625724663
-7.448531138314734,-10.618934481897096,20.321007850851537
-7.773008594781013,-11.085087992944054,20.601297455037805
-8.110868682846139,-11.546874961330294,20.946195559310667
-8.460122082587922,-11.997712513347377,21.357891610099834
-8.818290841185565,-12.429966686719604,21.837736517189764
-9.182355378983658,-12.834989049105443,22.385961157186667
-9.54871313300374,-13.203224250070095,23.001370977889767
-9.913155314295228,-13.52440504801137,23.681033174113654
-10.270869130945405,-13.787848434852254,24.419980564343348
-10.616473196154065,-13.982860220552045,25.210963998148035
-10.944093396339982,-14.099245290317032,26.044291460641954
-11.24748493207802,-14.127906754249622,26.9077951363504
-11.520203330680518,-14.061500349344827,27.78696544911189
-11.755822897950301,-13.895092883891449,28.665281657812194
-11.948195533499517,-13.62675855891317,29.524751039756477
-12.091736629852898,-13.258038725659242,30.346643770694815
-12.181718810372008,-12.794192942802699,31.11238121265693
-12.214549680099886,-12.244184559234647,31.804506472343267
-12.18800773468072,-11.62037227363758,32.40764412224236
-12.101411979417998,-10.937916630956133,32.909346941153736
-11.955705948056245,-10.213950546282769,33.30073528803089
-11.753445193408533,-9.466597427207223,33.57685935082626
-11.498687701540163,-8.713941707573026,33.7367517997347
-11.1967973025763,-7.97306001072368,33.78318075496141
-10.854179178506207,-7.259206532016581,33.722151663621
-10.47797254410192,-6.585217711683221,33.562234203031196
-10.07572775753469,-5.961165869084302,33.31380253104428
-9.65509358136731,-5.394256829645073,32.9882739756529
-9.223535835516662,-4.88893886952656,32.59741591443071
-8.788102439094075,-4.447172966059076,32.15276837070998
-8.355243075748906,-4.068807874050733,31.665206168820788
-7.930685483418937,-3.7520061747234967,31.144643630480264
-7.519365356210121,-3.493676183687934,30.599869270671956
-7.125403363266386,-3.2898762974898177,30.03848852002658
-6.752120827390579,-3.136170381702604,29.466948599373104
-6.402084942764101,-3.0279233962245677,28.890620003664633
-6.07717472168714,-2.9605347237641855,28.313912106900098
-5.7786598051621345,-2.9296124129745102,27.74040481135169
-5.507285552838951,-2.931095010372671,27.172982891649927
-5.263359213485852,-2.9613292964496662,26.613964049373646
-5.046833309264665,-3.0171125757343598,26.06521533837625
-4.857383551129687,-3.0957076649489066,25.528255424903616
-4.694479593830872,-3.194837750665875,25.004342142658434
-4.557447727195559,-3.312667117247158,24.494546106655022
-4.445525197131344,-3.447772553779755,23.999811907348587
-4.357906278215626,-3.5991091385004235,23.521008763193457
-4.293780507388908,-3.7659731215370718,23.058972591939746
-4.2523636627578165,-3.9479637977572235,22.614541369508643
-4.232922157977675,-4.144945576352905,22.188585454972632
-4.234791542633565,-4.35701089673566,21.782034322498323
-4.257389770056632,-4.584444191017785,21.395900888456215
-4.300225829951396,-4.827686730852043,21.03130437181947
-4.362904254642217,-5.0873019013889555,20.689492385016997
-4.445125902520965,-5.363940201198178,20.37186271919642
-4.546685306102144,-5.6583030614253245,20.079985055383
-4.667464749113533,-5.9711044016066435,19.815622590303903
-4.807425110426173,-6.303028689556725,19.580753298881774
-4.966593385099712,-6.654684150211397,19.37759024887119
-5.145046667327004,-7.026549681505836,19.2086000200755
-5.342892260417165,-7.41891400065084,19.076517844433813
-5.560243470611511,-7.831805587800467,18.98435755932789
-5.79719055245762,-8.264912154260173,18.9354138447893
-6.053766215162195,-8.717488691039538,18.933253495024122
-6.329905087861654,-9.18825371762272,18.98169167036346
-6.62539659871998,-9.675274231571555,19.08474822613296
-6.939830876114749,-10.175841148703764,19.24657839434612
-7.272537564201637,-10.68633881390884,19.471371426085444
-7.622517899354325,-11.20211453047399,19.763210473915603
-7.988371059843352,-11.717357031990346,20.125887266682383
-8.368216715821712,-12.224996348347414,20.562666343576208
-8.759616892649895,-12.71664139412487,21.07599617342703
-9.159501710034966,-13.182575421065744,21.66716880981001
-9.564105213930311,-13.611832539739478,22.335936172373987
-9.968919244805228,-13.992379834064169,23.080099734438118
-10.368674855087736,-14.311427894747435,23.895101058299577
-10.757361861127777,-14.555886483351754,24.773652335990832
-11.128297251653153,-14.712970284884204,25.705457115782707
-11.47425188230378,-14.770941750082422,26.67707908889297
-11.787641712744913,-14.71995456555037,27.6720178765598
-12.060784524358304,-14.552934837626603,28.67104184658386
-12.286215691140741,-14.266412219910833,29.652806743602525
-12.457047785190108,-13.86119622136609,30.594755267182755
-12.567349793339059,-13.342790498059664,31.474250021577515
-12.612514207393145,-12.721455137523076,32.26984761622343
-12.589576111325217,-12.011864941747145,32.96258506020638
-12.49744919658223,-11.23236607805994,33.537131288664206
-12.337050108796138,-10.403894215387327,33.98266401996106
-12.111294138915431,-9.54867105094918,34.29336646535622
-11.824960203840204,-8.688830152884536,34.4684936513489
-11.484438593919977,-7.845129222476262,34.51202220193929
-11.097388179471379,-7.03588357490012,34.431955927218766
-10.67233834441086,-6.276211661602329,34.2394002056924
-10.218273708682581,-5.577629459364455,33.94753436887524
-9.744236923231195,-4.947979016523961,33.570603464666135
-9.258977792603206,-4.391637033822345,33.12302492312728
-8.770667615005019,-3.9099268617224947,32.618670648655744
-8.286687867471048,-3.50165159603395,32.07034960831602
-7.813493737528709,-3.1636734179429857,31.489486450796665
-7.3565464301938475,-2.891479772874013,30.88597130622314
-6.920303966906808,-2.679695398313374,30.268145078294875
-6.508258178499853,-2.5225167844648495,29.642881728555814
-6.123005338451204,-2.4140601226709886,29.015731875781427
-5.766338847041825,-2.348624291164451,28.39109804857127
-5.439354050152653,-2.3208770552563274,27.772419130710894
-5.142557243571427,-2.32597607518629,27.162348541235254
-4.875972879825675,-2.359637370192425,26.56291670450757
-4.6392447773128564,-2.418163400082182,25.975673067317906
-4.4317286388509105,-2.49844156662042,25.401806299385214
-4.252574390921852,-2.5979221959565524,24.842243534810358
-4.100797768440487,-2.714583261294437,24.29773081188072
-3.975341227243368,-2.8468874288451786,23.768897491565625
-3.8751247108003533,-2.993735550285307,23.256307597432727
-3.7990870726010932,-3.1544195093042435,22.76050089522963
-3.7462191009911594,-3.3285763494291087,22.282026248115375
-3.7155891426621883,-3.516144837490034,21.821469432861917
-3.7063623017985208,-3.717325016927166,21.37947724041939
-3.7178141252144328,-3.9325408421730303,20.956779343770563
-3.749339585525779,-4.162405626976365,20.554209112171566
-3.8004580559107377,-4.407689757489295,20.172724286831482
-3.870814839201929,-4.669289891610343,19.81342820398274
-3.960179676030031,-4.94819867037923,19.477592047084837
-4.068442514541001,-5.245473790350725,19.166678417038007
-4.195606679384117,-5.562205117194335,18.882366311642972
-4.341779430819014,-5.899478353989407,18.62657738480985
-4.50715975609671,-6.258333611496509,18.401503091728607
-4.692023085045933,-6.6397170668935575,18.20963199573257
-4.89670247113157,-7.044423754790033,18.053776091291034
-5.12156563079783,-7.4730294329201294,17.937094459572965
-5.366987092863897,-7.925809441590731,17.86311189292946
-5.633314585088377,-8.402642585119187,17.83572928091173
-5.920828691043058,-8.902898381279135,17.859221531218115
-6.229694768478583,-9.42530665272793,17.938217611291073
-6.559906160710162,-9.967809501156944,18.07765597973105
-6.9112178961356525,-10.527397363469301,18.282707322184844
-7.283070410379066,-11.099933266044042,18.558655280239222
-7.674503404215556,-11.679972723613272,18.910725033464804
-8.084060839032794,-12.260591074155073,19.343849562883708
-8.509689339215068,-12.833235376519871,19.86236473248769
-8.948633969111949,-13.387624075568205,20.469627650954667
-9.397337490088873,-13.91172386530669,21.167558865806477
-9.851351711411503,-14.391838483080088,21.95611847181793
-10.305272236796592,-14.812846912128432,22.83273953732979
-10.752710420390178,-15.15862648153667,23.791759033925434
-11.186318131202038,-15.412687158455721,24.82390524239031
-11.597881248398643,-15.559024709854373,25.915918431179545
-11.978495830155587,-15.58317132029748,27.050393841636875
-12.31883584276304,-15.473383972908037,28.20593680466664
-12.609512772295025,-15.221868136260742,29.357703271898206
-12.841515609429644,-14.825895591076366,30.478361338694036
-13.006705801982221,-14.288652017944912,31.539451223994106
-13.098328066104227,-13.619653864874303,32.513050043681496
-13.111487485029503,-12.834612590206715,33.373577824634985
-13.043539264527467,-11.954696787131436,34.09953101898507
-12.894342144610611,-11.005237294298501,34.67491645217308
-12.666340236923308,-10.014016274173295,35.09019135050237
-12.364459064329793,-9.009354104772216,35.342590153825405
-11.995825838427875,-8.018238423383503,35.435819377849306
-11.569346517675624,-7.064720492091165,35.379202965961284
-11.095188406930323,-6.168742523017007,35.18643800896526
-10.584224234854952,-5.345474325822657,34.87415871769901
-10.047491437686919,-4.6051512783018635,34.460502211407196
-9.495710626580053,-3.9533371402171777,33.96383179561459
-8.938893066327093,-3.391494973172928,33.40171733192252
-8.38605181318857,-2.9177382740014077,32.79021397736981
-7.845017666523548,-2.5276462513181746,32.1434319073467
-7.322350910696792,-2.215052692255531,31.473356658184333
-6.823333485454129,-1.972748070944273,30.789863083791534
-6.352023413940487,-1.793062765834282,30.100862723321683
-5.911353256383474,-1.6683217399464971,29.41253023590527
-5.5032561188471085,-1.5911765946797933,28.7295651550053
-5.128805483802183,-1.5548300313579473,28.055457161525652
-4.788358186307227,-1.5531717945313805,27.392734174077642
-4.481692796335666,-1.5808456905592547,26.74318167870086
-4.208138235250061,-1.6332656745233156,26.108028525135555
-3.9666895478954483,-1.7065963540708797,25.488099040989873
-3.756109361944806,-1.797710301762553,24.883934134195773
-3.5750147381621025,-1.9041317368363677,24.29588551281956
-3.4219499191094944,-2.0239736558045176,23.724187666975194
-3.29544599510118,-2.1558734390242185,23.169012175380974
-3.1940687952938682,-2.2989303331856226,22.63050847998853
-3.1164564388823237,-2.452646960560577,22.108834699120838
-3.0613479949787,-2.6168760714075323,21.60418144165357
-3.027604637363656,-2.791773071294441,21.11679101247367
-3.0142245697767223,-2.9777543615364004,20.64697389897075
-3.0203528587810893,-3.175461178597269,20.19512401307898
-3.045287158324092,-3.385728366446334,19.761733832616297
-3.0884801519956766,-3.609557331883892,19.347410330431043
-3.1495393811480286,-3.8480922908333373,18.952892387002002
-3.228224972279027,-4.102598792884919,18.579070236582215
-3.3244456262023205,-4.374443395366383,18.227007382910184
-3.4382530838556193,-4.665073233469862,17.8979653216626
-3.5698351373952426,-4.9759940886758125,17.59343130618115
-3.7195071080140147,-5.308745385583079,17.315149272128803
-3.887701560805477,-5.664870341834588,17.06515387477205
-4.074955869006433,-6.045879255466384,16.845807365179322
-4.281897072463041,-6.453203642523248,16.659838709767115
-4.509223296512452,-6.888138647118849,16.510383906763803
-4.757680807774303,-7.351770860210088,16.401025832860288
-5.028035585718033,-7.8448884434974415,16.33583111804024
-5.321038091093488,-8.367870326734938,16.31938044848441
-5.637379729096651,-8.920551329040833,16.356787292453784
-5.977639361076369,-9.502060488951333,16.453698303065618
-6.342218151729243,-10.110630867232615,16.616266579314786
-6.731261104636006,-10.743380861510806,16.851086629100767
-7.144563914574602,-11.396069946841155,17.1650774448518
-7.581464351018865,-12.062836067242259,17.56529789953853
-8.040718407020542,-12.735927964278893,18.05867724358398
-8.520363039416768,-13.40545373256201,18.651643655892418
-9.017569623336101,-14.059176746171026,19.34963671145692
-9.528495338243127,-14.682401193409765,20.15649668431869
-10.048143586276735,-15.258000371727832,21.073736320565377
-10.570249026692412,-15.76664912300302,22.099720324545046
-11.087207424028763,-16.187323592999917,23.228804605117894
-11.590074414786336,-16.498122118150416,24.45051979138345
-12.068659255422688,-16.677435530264397,25.748917275326228
-12.511738058947445,-16.70545005945128,27.102223179189686
-12.907404348174271,-16.565901782735157,28.482955060117295
-13.243561805444722,-16.2479253010819,29.858635528458006
-13.508544897632248,-15.747766356066807,31.193176876162394
-13.691829466406638,-15.070080796826709,32.44891049755319
-13.784771440476229,-14.228544731980858,33.58910727706364
-13.781293347617865,-13.245569306434525,34.58070819625678
-13.678431444008387,-12.151047065829575,35.39689571980042
-13.4766654390476,-10.980230711757478,36.01912068727609
-13.179978521290277,-9.77101517612798,36.438272915138654
-12.795633368022639,-8.561011169942827,36.65483437162323
-12.33369170987996,-7.3848275895961715,36.67804223660349
-11.80634105586241,-6.271914980511001,36.52426282406085
-11.227114444138435,-5.245186992893175,36.2148908289329
-10.610093983032423,-4.320475073132081,35.774119751946486
-9.969177878453573,-3.506728254381851,35.226884884000654
-9.317468749581714,-2.806775107063647,34.597186786623155
-8.66681492512921,-2.218428008331285,33.90689457608206
-8.027511972992665,-1.7357222751008985,33.17503264786813
-7.408152772284701,-1.3501261617780904,32.417487655914975
-6.815602469493334,-1.0516130104934986,31.647038035325252
-6.255069283663153,-0.8295392742408536,30.87360095018392
-5.730241876612414,-0.6733134820443445,30.104602277414322
-5.243467082335599,-0.5728689344664529,29.345395113963868
-4.795946556324394,-0.5189681961490936,28.59967438625488
-4.387936124855829,-0.5033732345907912,27.86985514079866
-4.018936497327932,-0.5189146040068298,27.157397980898327
-3.6878681421640684,-0.5594891771675081,26.463076457175607
-3.3932263815860733,-0.6200106107909011,25.787188495830694
-3.133215163241849,-0.6963312710660888,25.129718018050365
-2.9058596333639306,-0.7851494360068011,24.490454681210938
-2.709098712933665,-0.883911517346359,23.869079956458577
-2.540859508680793,-0.9907158493274746,23.265227168955914
-2.3991156994021647,-1.104222191057173,22.67852210849855
-2.281932125590623,-1.2235693483861174,22.1086096594171
-2.1874977535232873,-1.3483020987078391,21.55517077377591
-2.114149039993569,-1.4783077702126932,21.017933112995273
-2.0603855304824457,-1.6137622808769694,20.49667784833771
-2.024879308825404,-1.7550850996640759,19.991244445456417
-2.0064796981111637,-1.9029023910310776,19.501534749472565
-2.0042144017381833,-2.0580174980298116,19.027517313453494
-2.0172880766467345,-2.2213878755435257,18.569232650908425
-2.045079150867634,-2.3941075789827813,18.126799919192678
-2.0871355355678833,-2.577394426916806,17.700425435366604
-2.1431697370701115,-2.772580974833146,17.29041337217008
-2.213053745148831,-2.981108450552092,16.89717896554663
-2.296813957772872,-3.2045228005695523,16.52126457540722
-2.394626296308665,-3.444471972466636,16.163358968793208
-2.5068115654940857,-3.7027035034822533,15.824320231063647
-2.6338310152824813,-3.9810613911693817,15.505202748062946
-2.776281962562061,-4.2814810799922185,15.20728873128415
-2.93489322495173,-4.605981198349205,14.932124767420346
-3.1105200010676217,-4.9566504138607606,14.681563848204606
-3.3041376960925906,-5.335627430858834,14.45781325529417
-3.5168340320353084,-5.7450717240190885,14.263488509592738
-3.7497985924572124,-6.187122080418932,14.101673305906933
-4.004308725710876,-6.6638394102807785,13.975984890055164
-4.281710464077003,-7.177129598141543,13.89064362822956
-4.583392806423264,-7.728641436327138,13.850544480891156
-4.910753361866513,-8.319633980538631,13.861326620196381
-5.265152972566197,-8.950807113918238,13.929435399842049
-5.647856549952785,-9.622088897112837,14.06216817336212
-6.059957015871542,-10.332373717277411,14.267691953643661
-6.5022790138912745,-11.079206763006052,14.555016566100127
-6.975259063487857,-11.85841353951645,14.933901856492232
-7.478799241690777,-12.66367875905734,15.414672000266181
-8.012092527211491,-13.486087878030803,16.007904748513273
-8.573419929975334,-14.313657677049346,16.72395984988107
-9.159922800785957,-15.13090017543969,17.572311007297078
-9.767358614372224,-15.918486642427787,18.56065256951983
-10.389855279435865,-16.653103811376376,19.69376952734668
-11.01968760432878,-17.307618495740552,20.972191323314842
-11.647109357845059,-17.85168223459159,22.3906994573609
-12.260284008439251,-18.252903387862506,23.936825519375013
-12.845364234344682,-18.47867688990285,25.589553371183698
-13.386771130635054,-18.498679502441323,27.318510658898436
-13.867714557124076,-18.287906515172523,29.083974246394263
-14.270972717162957,-17.82995636119358,30.837988487294123
-14.57991075702837,-17.120097687963064,32.52677557117308
-14.779668474700784,-16.167536594516392,34.09439576755898
-14.858395603286938,-14.9963055193384,35.48732300923584
-14.808374088911748,-13.644364669388604,36.659312995870984
-14.626855838624438,-12.160834294294862,37.5757592711519
-14.316471749563727,-10.601685120072542,38.216746401766336
-13.885132296585356,-9.024577499773327,38.578245925057864
-13.345427130070705,-7.483730528320697,38.67130048594862
-12.713617556131137,-6.025654327656683,38.51947603707415
-12.008377924649112,-4.686318606840913,38.15519055699508
-11.2494654471013,-3.489961826462314,37.615660642959156
-10.456482101150355,-2.449394947855926,36.939137740946336
-9.647848157219494,-1.567416674909565,36.16189747104915
-8.840051084324859,-0.8388670273088634,35.31619116898992
-8.047181413556407,-0.2528811920334273,34.429147459963005
-7.280728193943293,0.20498509128336334,33.52246594413109
-6.549584137642639,0.5509562101955501,32.61268065363651
-5.860202712682574,0.8016449648297082,31.711770044906466
-5.216852143358315,0.9730664463204582,30.827927041517043
-4.621919971938092,1.080006524110485,29.96635391491251
-4.076232792859916,1.135673098334708,29.129996895205903
-3.5793665045455594,1.151556314871258,28.3201762770042
-3.1299316007376676,1.1374324487664504,27.537097016216833
-2.725825159597669,1.1014589269484791,26.78024329008546
-2.3644463226034955,1.0503211264654375,26.048670519320435
-2.04287548241257,0.989403166136209,25.341212473552396
-1.7580194983088662,0.9229641754481017,24.656621498969198
-1.5067263936871977,0.8543084591004315,23.99365827789768
-1.2858734673093342,0.7859429006397695,23.351144983683934
-1.0924328034639135,0.7197182919313828,22.7279929317696
-0.9235179652780403,0.6569534484396748,22.123213240237284
-0.7764153167744516,0.5985423174022433,21.535916784596076
-0.6486030192950388,0.5450450712456328,20.9653079194338
-0.537760334490931,0.49676459376283943,20.410675029701352
-0.4417694675709983,0.4538099450664652,19.871379917848994
-0.35871181642586186,0.41614842304406646,19.346847268209405
-0.2868601619548562,0.3836477830812295,18.83655489529374
-0.2246680447413689,0.3561100723360129,18.340025122753822
-0.17075732248914646,0.33329840414030826,17.856817408291683
-0.12390468901185774,0.3149578574795132,17.38652218968698
-0.08302775585762778,0.3008315455110144,16.92875584982552
-0.04717114827853272,0.2906727615869858,16.483156662904467
-0.015492944584479341,0.2842539847344357,16.049381574533747
0.012748311573942364,0.2813734109482519,15.627103674536098
0.038205876077742194,0.28185957287060753,15.216010235636508
0.06145625925098729,0.2855745186644104,14.815801209238884
0.08300983240538107,0.2924159408690547,14.426188088234085
0.10332058466494447,0.3023185771679348,14.046893064635418
0.12279505624737176,0.3152551465123616,13.67764842599047
0.14180049423285218,0.3312370350329753,13.318196148698076
0.16067229061251959,0.3503149056725824,12.968287658616399
0.17972077141724854,0.3725793725338961,12.627683739917272
0.1992374111054291,0.3981618546217303,12.296154582354227
0.21950054906487265,0.42723570309425907,11.97347996533989
0.24078068581972079,0.46001768051139497,11.659449584859722
0.26334543594298876,0.4967698591430701,11.35386353667149
0.2874642132492758,0.537801997513179,11.056532976842044
0.3134127219643536,0.5834744494123771,10.767280988851116
0.34147732553327514,0.6342016570810671,10.485943695660392
0.3719593627547974,0.6904562796555821,10.212371665754238
0.40517947917060676,0.75277400882751,9.94643167470761
0.4414820401892053,0.8217591255363995,9.688008898902071
0.4812396913300402,0.8980908539257622,9.437009636265394
0.524858130226074,0.9825305712090953,9.193364671151055
0.5727811545611281,1.075929933879492,8.957033427653187
0.6254960498192218,1.1792399810506178,8.728009088909445
0.6835393803891987,1.2935212735901527,8.506324900641808
0.747503246905956,1.4199551216991542,8.292061926945589
0.8180420713001751,1.5598559418084137,8.085358587076538
0.8958799682828676,1.7146847635286655,7.886422375941
0.9818187570914025,1.8860638753912846,7.695544260730681
1.076746659140869,2.075792549460408,7.513116354531345
1.181647714207228,2.2858637130723825,7.339653597863995
1.2976119277932883,2.518481332134491,7.175820334113991
1.4258461325001173,2.7760781226756617,7.02246284748309
1.567685502614603,3.0613329996939096,6.8806491443592295
1.7246055984178,3.377187383472151,6.751717500807501
1.8982347277836624,3.726859085274717,6.63733556665166
2.090366287955361,4.11385194991126,6.539572100619363
2.3029705773691966,4.541958694747011,6.460983691465635
2.5382053295847307,5.0152533937201484,6.404719061016217
2.7984238975673392,5.538068737810012,6.374643685952501
3.086179579972808,6.114951474641488,6.375487417510025
3.404223998808485,6.750587196085846,6.413017368094462
3.7554966711204885,7.449682814488649,6.49423733718677
4.14310192337827,8.216791585140317,6.627613120554359
4.570268034046803,9.056061409865016,6.82331969295206
5.040281926581866,9.970882565528806,7.093500795181926
5.556390871044131,10.963406402143384,7.4525230004987
6.121660550108998,12.033902901770317,7.917193797333226
6.738776683299113,13.179924022316019,8.506895436835395
7.409775557752244,14.395244377867405,9.243562302054482
8.13568797027662,15.668565518078703,10.151399248013718
8.916082377770882,16.98200120773433,11.256203598179841
9.748498200031168,18.309416634987812,12.58411990429336
10.627771582717001,19.614782522536164,14.159636091933951
11.545276343856857,20.850830272497205,16.002643052458417
12.48813495261907,21.958450467235394,18.124458097537097
13.438499251278104,22.867436578479627,20.52289369409458
14.373055122819828,23.499276843362477,23.176767878872013
15.262958838423263,23.772638132881188,26.04069900764972
16.074444417529488,23.611840343300123,29.041527394889208
16.770320123196807,22.957895000421892,32.078070627793956
17.312465514076425,21.7806186521408,35.02585524987367
17.665232314506305,20.08921467288026,37.747685118541064
17.799368470141548,17.938087949298026,40.10933594645667
17.695808510466907,15.425116462407512,41.99768596270965
17.34853002247718,12.681402601762283,43.33705453460635
16.765774540683392,9.854188987530373,44.09937021614981
15.96928761299461,7.086995494377863,44.30541940873237
14.991733397884554,4.501915347691886,44.01724483091908
13.872886593305513,2.1879609009647134,43.324451593242586
12.655427482553828,0.19700450476796383,42.328532013623715
11.381111948496853,-1.453561374552129,41.128979994380536
10.087833567951666,-2.7738217011334507,39.81347846809975
8.807777025916762,-3.7926659591216594,38.45272419803342
7.566598643292831,-4.549537361630765,37.09919578437773
6.383415510267341,-5.087789977089539,35.78860173909534
5.271335943384663,-5.450029040554489,34.5427362417358
4.238286804071147,-5.675281705756494,33.37276017469376
3.2879497872154775,-5.7976008345260635,32.28229014977295
2.4206813010739237,-5.845658981453999,31.26999037588398
1.634344001445701,-5.842949886947253,30.331577487507516
0.9250172571515369,-5.808311573478387,29.461272146595675
0.28757932305193534,-5.756579498794945,28.652787567442907
-0.28383133937749194,-5.699253750194039,27.899959654674717
-0.7954610388225697,-5.645117843043084,27.197115980501763
-1.2536752077800992,-5.600781307374177,26.539264244685672
-1.6647655406886273,-5.571138733459627,25.92216245626298
-2.0348149808061238,-5.559748882067415,25.342316385011173
-2.3696077742019237,-5.569142439412632,24.796936163578685
-2.674573998661259,-5.601068531598075,24.283873424674066
-2.954759972781508,-5.656689840717358,23.801552658397014
-3.2148176673914546,-5.736735069564236,23.348905031765163
-3.459007664201385,-5.8416161362049115,22.92530918877459
-3.691211358178358,-5.971516125820356,22.530541082029124
-3.9149490174819896,-6.126452809966428,22.16473330550166
-4.133401037169214,-6.306321502322946,21.828343418785455
-4.349430286464579,-6.51092015354819,21.522130165766573
-4.565603885385143,-6.739958878600855,21.247136142186456
-4.78421308103469,-6.9930555382322686,21.00467524812707
-5.007290148791342,-7.2697185473889085,20.79632309682306
-5.2366214375805935,-7.569317749984353,20.6239083885273
-5.473755828113057,-7.891043984057783,20.489503064179413
-5.720007994123014,-8.233857875424555,20.39540881033016
-5.976455965107423,-8.596428462573877,20.344137190142906
-6.243932601614456,-8.977062500335077,20.33838033607305
-6.523010729143129,-9.373625750959002,20.380968786085294
-6.813981854517179,-9.783458288108019,20.47481272644355
-7.116828631331183,-10.203286848061172,20.62282269597365
-7.4311915718243515,-10.629138586324832,20.827805816180348
-7.756330943393879,-11.056262231909814,21.09233397962085
-8.091085356537187,-11.479064522663949,21.418581328489047
-8.433829255177049,-11.891071826747641,21.80812998089404
-8.782432350818576,-12.284928780467801,22.261745505627776
-9.13422496319932,-12.652447249907372,22.779127254078496
-9.485974169894373,-12.984719468053846,23.358643368385263
-9.83387650804588,-13.272308210949095,23.997065944046405
-10.17357354530426,-13.505523707481487,24.68932799524549
-10.50019673141973,-13.674791058323736,25.428329753526032
-10.808447318704607,-13.771102973432962,26.20482624175152
-11.09271557491406,-13.786540842152537,27.007429515194776
-11.347240855918638,-13.714833493292899,27.822755877386616
-11.566310355597341,-13.551909341268324,28.635739492962653
-11.744489724424993,-13.2963866193078,29.43011868086675
-11.87687372905313,-12.949941171815317,30.18908064687607
-11.9593404483168,-12.517494628673694,30.89602699485572
-11.98878906174687,-12.007179315808164,31.53540003262174
-11.96333996360479,-11.430059495816412,32.09349346973936
-11.882477362408341,-10.799618503337204,32.55916503050698
-11.747118873911674,-10.13105287344247,32.924375463258706
-11.559603465457041,-9.440441421969114,33.184498268886976
-11.323597478536863,-8.743873785315571,33.33837391314984
-11.043926992096967,-8.056625761001529,33.38811562017411
-10.726352084495309,-7.392457736118181,33.33870447547908
-10.377303480591893,-6.763090566519833,33.197433841397476
-10.003604034325548,-6.177885653055613,32.97327373000748
-9.612196514703722,-5.643728404849536,32.676224470048666
-9.209895785788662,-5.165091580322079,32.31671801027459
-8.803178578973542,-4.744240014806002,31.905108329377803
-8.398018612373347,-4.381531669753377,31.45127378113236
-7.999769656264401,-4.0757706927563975,30.964337196461624
-7.613094862007167,-3.824574146120724,30.452496347197084
-7.241937563254926,-3.6247228563008385,29.92294878766712
-6.889526867137326,-3.472476362548688,29.381890914797953
-6.558410543727654,-3.363840698109672,28.834570463556293
-6.250507760181056,-3.294784868959208,28.285373468296303
-5.967174828541433,-3.2614071026070923,27.737929897577953
-5.70927810008561,-3.260055306344542,27.195225841869092
-5.477269246765302,-3.2874079988069544,26.659713695890556
-5.271259278687535,-3.3405226390465987,26.133414875765382
-5.091088663679914,-3.41685814210409,25.618012089894833
-4.936391790882238,-3.5142777507139114,25.114930023222623
-4.806654736065632,-3.631037566385266,24.62540456038672
-4.701265843738867,-3.7657650945613486,24.150541465674618
-4.619559053981878,-3.917431232139827,23.691365867219805
-4.560850190200004,-4.085318279560672,23.24886406168393
-4.524466609173454,-4.26898582000603,22.824019149088368
-4.509770717557381,-4.468235680392667,22.417841891350154
-4.516177897776119,-4.683076666088513,22.03139800966303
-4.543169376627444,-4.913689330948986,21.665832926250022
-4.590300524560467,-5.16039069162416,21.322394733261167
-4.657205002565066,-5.423598505930766,21.00245594369343
-4.743595084724192,-5.703794497320611,20.707534346667856
-4.849258383786525,-6.001485712184526,20.439313047290145
-4.97405109942455,-6.317163038978669,20.199659510943388
-5.117887798255441,-6.6512557978227465,19.990643142068418
-5.280727625182965,-7.004081231904732,19.814550595917446
-5.462556741601918,-7.375787710182834,19.673897636207062
-5.663366693061316,-7.766290505069203,19.57143590175994
-5.883128334541683,-8.175199169014379,19.5101524252592
-6.121760895643531,-8.601735840719956,19.493259159326488
-6.379095764219336,-9.04464431653136,19.524169124508408
-6.654834622948757,-9.50209048663935,19.60645513540585
-6.94850171124313,-9.971555826320078,19.7437864482564
-7.25939023125862,-10.449727114917314,19.93983820673923
-7.586503301540918,-10.932387478982768,20.198168390984865
-7.928490415288333,-11.4143162322064,20.522057300489998
-8.283581108289017,-11.889207755086398,20.914305681948083
-8.649518497653288,-12.349622652946698,21.376989745790016
-9.023496505931657,-12.78698732676831,21.9111748037173
-9.402105886689698,-13.191660364005443,22.516594346013758
-9.781295512141917,-13.553085064286192,23.191308139917606
-10.156356595118629,-13.86004602473924,23.931361143849994
-10.521938341460125,-14.101043004582479,24.73047401306108
-10.872103638374643,-14.26478638260104,25.579804446666966
-11.200432414325336,-14.340804991317617,26.467824694083447
-11.500177919624353,-14.320139410830594,27.380361820910725
-11.76447716623619,-14.196073652651892,28.300841381740227
-11.986611174836286,-13.964838739264763,29.210760138099594
-12.160303918586663,-13.626207415601318,30.090389081182224
-12.280041763827619,-13.183895005863615,30.919676281521667
-12.341389000981135,-12.645691271223713,31.679284683659215
-12.341271129255373,-12.023273576707602,32.351669788069636
-12.278197156615203,-11.331690526107657,32.92208383109698
-12.152396023604133,-10.58855119871845,33.37939269737485
-11.965850234428142,-9.812999008108783,33.716611734082726
-11.722220808494544,-9.024581270284289,33.93110415897926
-11.42666990543456,-8.242138515839006,34.02443338915476
-11.085598748312488,-7.482828861956801,34.00190818192476
-10.706326821763204,-6.761375312203465,33.871897120795545
-10.296742515879423,-6.089584942409063,33.64501001278219
-9.864955146627944,-5.47614767280972,33.33324623263155
-9.41897424534339,-4.926686928089156,32.94919657565895
-8.966435429199556,-4.444010260556327,32.50536142099086
-8.51438451691491,-4.028496675356128,32.013620539378806
-8.069124169340519,-3.6785575805674724,31.484864358074116
-7.636121163007491,-3.391116741705841,30.928776584026718
-7.219967938185478,-3.162067544905875,30.353745257328974
-6.824389384405177,-2.986679911290449,29.766873257469864
-6.4522847289527,-2.8599419804269957,29.17405863521612
-6.105794516551094,-2.7768318929264293,28.58011811010067
-5.786383610372485,-2.732522247418266,27.988931965359203
-5.494932541715247,-2.722524285608319,27.403594055298285
-5.231831100459092,-2.7427810879762373,26.82655582108954
-4.9970695896041715,-2.7897196554731036,26.259757597792703
-4.790324542227288,-2.860271281385722,25.704743902661832
-4.611036857613534,-2.951868545848149,25.162761838725014
-4.458481238590632,-3.0624259307880175,24.634843355635994
-4.331826515265897,-3.190309677852032,24.121873054059662
-4.230186947439649,-3.334301226868001,23.6246436749483
-4.152664940980224,-3.493557442412741,23.14390153486112
-4.0983858248181715,-3.6675698822449574,22.68038407657528
-4.066525444579614,-3.856124578786814,22.234851492760622
-4.056331361588139,-4.059263174760563,21.80811411335207
-4.067138422706831,-4.277245752022118,21.40105696520874
-4.098379403498799,-4.510515293201986,21.01466263860624
-4.149591336758214,-4.759663395377116,20.650033338847695
-4.220418029620611,-5.025396593204612,20.308412763246665
-4.310609151589686,-5.308502429057317,19.991208217869772
-4.4200161473091955,-5.609814217098442,19.70001316412446
-4.548585094749137,-5.930173278698635,19.43663014867472
-4.696346493818271,-6.270387274817061,19.20309380496632
-4.863401834158495,-6.631183129363986,19.001693302706773
-5.049906656286303,-7.0131529355712265,18.834993243641975
-5.256049690662506,-7.416691183210842,18.705851538367806
-5.482027539936359,-7.841921667278861,18.61743223170605
-5.728014268650811,-8.288612581161312,18.573210559815152
-5.9941251942592,-8.756078618026917,18.576966716311606
-6.280374150814169,-9.243069479870423,18.632763889113225
-6.586623546102271,-9.747645118911446,18.744905142680455
-6.912526685814003,-10.267039420136202,18.91786273977984
-7.257462133952292,-10.797515990770329,19.15617265700595
-7.620460363385116,-11.334222352211258,19.464286557470242
-8.0001236741285,-11.871052185238137,19.84637364072547
-8.394541366224711,-12.400529316232763,20.306065989371252
-8.801203480477973,-12.913731642120865,20.846143752590155
-9.216918062264758,-13.400277719850527,21.468161262543628
-9.637738802095013,-13.848402510077028,22.172022416272906
-10.05891191594648,-14.245150603462765,22.95552358205737
-10.474852987933872,-14.57671365878934,23.813894635763745
-10.879165813976934,-14.828932045917776,24.739382469673743
-11.264715539372546,-14.987967293472956,25.720934402435322
-11.623766985191416,-15.041131138211052,26.74404821463545
-11.948195459608032,-14.977829524031065,27.790857053540496
-12.229771221367853,-14.790548795060802,28.840507110300663
-12.460510211636699,-14.475782115839825,29.869860886618763
-12.633073441142049,-14.034774458159022,30.85451896782754
-12.741186976649733,-13.473962446254395,31.770102673852467
-12.780045873494688,-12.80500699511989,32.593687599356336
-12.746660907427383,-12.04436307694444,33.30523609189639
-12.640108409244407,-11.212396211395706,33.88885759233703
-12.461651653156212,-10.332126746640286,34.333737885819595
-12.214716306066137,-9.427744259906586,34.63462235234575
-11.904720074635133,-8.523070311542867,34.791805862815146
-11.538774538186557,-7.640149618080203,34.810657633901435
-11.12529177452023,-6.798118178686618,34.70077559673164
-10.673537182012081,-6.012441603292249,34.47490764475875
-10.193171797483839,-5.29455262752047,34.14779007697257
-9.693822959808834,-4.651858390467781,33.73503871470747
-9.184713171542189,-4.088046085436096,33.2521940016641
-8.674365827606103,-3.603594408845308,32.71397898403127
-8.170395356513838,-3.1963963700920157,32.13378848418313
-7.679379911500729,-2.862411293263616,31.523395797028154
-7.20680793966959,-2.5962837860898844,30.892842712054616
-6.757085922273747,-2.3918893041061007,30.25046922437037
-6.333592991938516,-2.242785650472448,29.60303861153152
-5.938768404616102,-2.142565187355792,28.955918581321264
-5.574219326848627,-2.0851131239126808,28.313287096707676
-5.240838515513095,-2.0647834369244165,27.67834008040538
-4.9389237751764625,-2.0765067153057064,27.053486097056542
-4.668293281140479,-2.1158445507820844,26.440519595900476
-4.428392785427305,-2.179003959575322,25.840769161133036
-4.218392306126034,-2.262823437105049,25.25522056051758
-4.0372711300852515,-2.3647401185205146,24.684616459121482
-3.8838908650547155,-2.482745449473107,24.129535775728808
-3.75705690817181,-2.615334926926638,23.590456090173976
-3.655569106194205,-2.7614559143755635,23.067802499939212
-3.578262619417681,-2.920456275324843,22.561986057788474
-3.524040109597843,-3.0920355768032213,22.073434530297597
-3.491896388407647,-3.276199850439042,21.602617787010406
-3.4809366152978107,-3.4732203183279733,21.150069714483763
-3.4903890434980576,-3.6835960531340435,20.71640817664663
-3.5196131959356816,-3.908020210176611,20.302354223486354
-3.5681042200098094,-4.147349212971631,19.908751483628784
-3.6354940287229027,-4.402574067601589,19.536586455365597
-3.7215496900846423,-4.674792805056825,19.18701022323531
-3.82616937929069,-4.965182888277698,18.861361958773738
-3.9493760597211978,-5.27497225986983,18.56119439789994
-4.091308909044031,-5.605407539013956,18.2883013051106
-4.252212354817843,-5.957717697782966,18.044746715623706
-4.432422429056221,-6.333071358850945,17.832895467720284
-4.632349992791012,-6.732525666064452,17.655444172784588
-4.85246022047477,-7.1569645032574005,17.515451291068043
-5.0932475728573525,-7.607023704127155,17.416364356013748
-5.3552053317537895,-8.083000852714326,17.36204158805742
-5.638788631621988,-8.584747387604416,17.35676413331795
-5.944369818450876,-9.111541088313036,17.40523393819979
-6.272184922349281,-9.661937766660039,17.51255083572119
-6.622270083936519,-10.233602271258878,17.684160822482564
-6.994386977184501,-10.823120932874382,17.92576586140185
-7.387936688540662,-11.425800542724017,18.243184066781506
-7.8018622236149,-12.035463060004902,18.642148160711567
-8.234540906921513,-12.644250610146209,19.128030147161788
-8.683669502761871,-13.242461914666844,19.705481933473337
-9.146146977722713,-13.818448739157454,20.37798600733025
-9.617962450811044,-14.358608444119715,21.147318196609767
-10.094098934089489,-14.847514828441266,22.01293681989635
-10.568466690670993,-15.268231986539107,22.97132952226707
-11.033882946006335,-15.60285201034657,24.015370156766508
-11.482116550750185,-15.833283922108347,25.133761037385252
-11.904016053983678,-15.942295623769718,26.310656545729767
-12.28973645110163,-15.914772120784265,27.525576125681834
-12.62907272585183,-15.739104437584835,28.753710530972057
-12.91189685369273,-15.408571778529947,29.96669776358256
-13.128679786330117,-14.922536712602543,31.133890980328022
-13.271063000386699,-14.287254505426857,32.22406314316771
-13.332428662067505,-13.51611683472622,33.207404738495846
-13.308407303957466,-12.629213384080774,34.05759202766052
-13.197260823884484,-11.65219615511046,34.75365775786987
-13.000088690800467,-10.614550831710671,35.281402800972565
-12.720825877668037,-9.54748772509842,35.63415116332931
-12.36602865547512,-8.481732313441277,35.812759931352
-11.94447323023046,-7.4455037114359275,35.82492281825459
-11.46661608352363,-6.462918152571694,35.68391834948073
-10.943979050141593,-5.55296103921196,35.40702482239528
-10.388524696343586,-4.72906290460806,35.01384219715114
-9.812079558235727,-3.9992190811203203,34.52473083004526
-9.225847614368964,-3.366528438917426,33.95951522564233
-8.640038238817965,-2.829999274739129,33.33652860108738
-8.063615632005135,-2.3854755360394972,32.672008734663564
-7.504162943787531,-2.0265631946672937,31.97980791431799
-6.967845122486766,-1.7454727308581885,31.271352902948628
-6.45944986873225,-1.5337296652594337,30.55578224925422
-5.982485110912476,-1.3827349348193463,29.84019275924631
-5.539313013824519,-1.2841782544725509,29.129938817200095
-5.131303580161375,-1.230320595555939,28.42894279492858
-4.758994518476429,-1.214168083648987,27.739988821676622
-4.4222476190121895,-1.2295609643705163,27.06498396958139
-4.120395042546174,-1.271199666477827,26.405179819387204
-3.8523715265694167,-1.3346268689703347,25.761353490524478
-3.6168305196985977,-1.4161808592233496,25.13395099163828
-3.412243718286035,-1.5129319619354793,24.523197734963606
-3.2369844837960606,-1.6226107364082585,23.929181801590012
-3.089396260098319,-1.7435340978631915,23.35191549650914
-2.967847475077903,-1.874533516402024,22.791380235506477
-2.87077457675384,-2.0148879252447665,22.24755910130096
-2.796714881440988,-2.1642628461015176,21.720460650389352
-2.7443308472345125,-2.322656430417432,21.210136837646115
-2.712427264884156,-2.4903525457952216,20.71669730082205
-2.699962704707637,-2.667880644399586,20.240321730043515
-2.7060563896208785,-2.85598188421962,19.781271638457735
-2.729991491864304,-3.0555807952266556,19.339902539390813
-2.7712156814792035,-3.2677616600569808,18.91667730801674
-2.8293395917560438,-3.4937486889927096,18.512181345146956
-2.9041337121288193,-3.734888992841665,18.127140050942202
-2.9955240720067113,-3.9926372795582896,17.76243904141426
-3.103586938229372,-4.268541108380593,17.419147485453
-3.2285426116692872,-4.564225418010051,17.098544889803772
-3.370748271738889,-4.881374893558087,16.802151598151006
-3.5306896774387972,-5.221712542783639,16.531763180501464
-3.708971386053679,-5.586972609747663,16.2894887493609
-3.906304991572074,-5.978865660765019,16.077793023903567
-4.123494710625661,-6.399033335904921,15.899541640225683
-4.361419451380576,-6.848989879940003,15.758048734860898
-4.621010289339067,-7.330047173026837,15.657125161341632
-4.903222045517625,-7.843219616288465,15.601124778552883
-5.208997424095421,-8.389104961768098,15.594985011630538
-5.539221933253582,-8.967737120254894,15.644256267786389
-5.894667610800148,-9.578407297337606,15.755112739243993
-6.275923447539477,-10.219450727506006,15.934334625154328
-6.683310409890624,-10.887998105713754,16.189248902914496
-7.116779199818854,-11.579693942294531,16.52761264382296
-7.575789477237249,-12.288388937187872,16.957419853437905
-8.059170362701902,-13.005820532596525,17.486610552503425
-8.564963816898997,-13.72130539405975,18.12266029362663
-9.090255142628392,-14.421479704857793,18.872030955129905
-9.630998519963697,-15.090137229700717,19.73947130226977
-10.181850198604842,-15.708229480344881,20.72717051973548
-10.736027545773998,-16.254103926100992,21.833791521215353
-11.28521804198262,-16.704060253852322,23.05344406773247
-11.819567503109567,-17.03329488283809,24.37469898082821
-12.327779701799955,-17.217273463753838,25.779788651405173
-12.797358110652153,-17.233514848621915,27.24417539285251
-13.215012522418224,-17.063688070700604,28.73668310140703
-13.567237217264626,-16.695825305346744,30.220362323481737
-13.841043081804278,-16.126359163901068,31.654181145403527
-14.0247960906904,-15.361632514510264,32.99550317801366
-14.109084277975013,-14.418536079364767,34.203147444520525
-14.087512566025634,-13.324024917031778,35.240662299632746
-13.95731776634649,-12.113445577009559,36.07933829269946
-13.719710239624469,-10.827834404778976,36.70047887917227
-13.37988409352765,-9.510561750251517,37.096561116682906
-12.946687723345837,-8.203830679842286,37.27112803028499
-12.431999189147449,-6.94555019926798,37.23750118789996
-11.849893456370404,-5.766992347914468,37.01661391770446
-11.21571139776212,-4.6914513049215945,36.63438632244499
-10.545140570745147,-3.733913561000464,36.11907294312161
-9.853398665294227,-2.9015786376910793,35.49893091244476
-9.154579995431174,-2.1949725324859113,34.80042274873789
-8.461192293157096,-1.6093744076534302,34.04702893357514
-7.783882369525789,-1.1363128030275558,33.25863409951495
-7.1313288096794425,-0.7649539746803522,32.45138172232427
-6.510268590007543,-0.4832773941692832,31.63786456925899
-5.92562104998585,-0.27899573882486384,30.827521528690454
-5.3806747370112955,-0.14022157617675982,30.027132954535713
-4.877307904405409,-0.055909883986069844,29.2413351474303
-4.41621995066029,-0.01611780665429341,28.47310244953448
-3.997157525838223,-0.012125138559183114,27.724168590056756
-3.619124657275493,-0.03645515143064024,26.99537601398416
-3.2805707563640567,-0.08282876073664162,26.28695323470743
-2.979553737960335,-0.14607776667386077,25.598726833171142
-2.7138778430248274,-0.22203619583871886,24.930277850528906
-2.4812072939070737,-0.30742314096938156,24.281053149619307
-2.279157826832917,-0.39972607296002355,23.650441777433972
-2.1053686120116253,-0.4970902896432016,23.03782511308341
-1.9575572298689168,-0.5982177862525331,22.44260807563554
-1.8335603302026116,-0.7022771813568293,21.86423716158757
-1.731362438139606,-0.8088252260598404,21.302209726932652
-1.6491151416276613,-0.917739712452843,20.756077786440525
-1.585148636903404,-1.029163162891684,20.22544868556874
-1.537977345000148,-1.1434564379570062,19.70998429330267
-1.506301058785369,-1.2611612854226373,19.20939983903459
-1.4890028448381085,-1.3829708209486142,18.723463141118756
-1.4851447120446921,-1.5097069525373223,18.251994717857947
-1.4939618706641018,-1.6423038133950616,17.794869105947726
-1.5148562415372706,-1.7817963365242462,17.35201761407014
-1.5473897336813236,-1.9293131782936384,16.92343269236788
-1.5912776875984767,-2.0860732694434256,16.509174088222817
-1.6463827786817697,-2.2533853343634256,16.10937697501771
-1.7127095872924092,-2.4326497679895867,15.7242622761769
-1.7903999664199857,-2.625362289727399,15.35414945672301
-1.8797292711833438,-2.8331188008549835,14.999472115285814
-1.9811034535045884,-3.057620850873653,14.660796778204274
-2.095056966614062,-3.300681063418704,14.338845371475918
-2.2222513638670343,-3.564227776566826,14.0345219226805
-2.36347441053742,-3.850308007062334,13.748944119111055
-2.5196394511525657,-4.161087642649131,13.483480413253766
-2.6917846832455123,-4.498847488803387,13.239793411797823
-2.8810718750369397,-4.86597343117059,13.019890293353447
-3.0887839225344447,-5.264938506837601,12.82618094900499
-3.316320462953906,-5.6982740897940864,12.661544393860808
-3.565190537557201,-6.1685266742103,12.529403707328022
-3.8370010189586408,-6.678195875549032,12.433809256071529
-4.133439177269833,-7.229648269832837,12.379529143146733
-4.456247350031961,-7.825000586808098,12.372144586695459
-4.8071872018684,-8.465964637774638,12.418146105917488
-5.187990520271113,-9.153645337395703,12.525023792803413
-5.60029292016143,-9.888282520501427,12.701341365728279
-6.045546275752218,-10.668927362243044,12.956778932026532
-6.5249052598391275,-11.493045693673844,13.302123291110773
-7.039083204729738,-12.356044237943838,13.749177214144916
-7.588172844428851,-13.250722940547245,14.310550802079954
-8.171428695419248,-14.166668552839988,14.999289696638387
-8.78701033621466,-15.089622955845964,15.82828845903085
-9.43169020116167,-16.00088555064554,16.809435982448747
-10.10053628308222,-16.876842444080978,17.952448072522238
-10.786589778554884,-17.68875381960311,19.263366510032114
-11.480570226295598,-18.402968506245337,20.742750830110673
-12.17065525801002,-18.981759424203123,22.383663979427574
-12.842396518846028,-19.384967103938585,24.169655685353913
-13.478843641124048,-19.57257838959528,26.07306646301416
-14.060948570959951,-19.50823364728101,28.054082879815812
-14.568306308090982,-19.16344282419019,30.061025166740535
-14.98024973273943,-18.52202335170066,32.03228554516894
-15.277254892634724,-17.584017651627548,33.900115099450176
-15.442536564778138,-16.36820774381958,35.59607788861943
-15.463639867643211,-14.912425681895247,37.05752532308976
-15.333787152312048,-13.271214816213337,38.23403765799043
-15.052743895396379,-11.51097475462677,39.09260678678527
-14.627033255099045,-9.703351839833495,39.6205127323897
-14.069445031639917,-7.918089380532328,39.82535787070901
-13.397919088823725,-6.216652387349316,39.73240159968784
-12.63399554231488,-4.647660154972547,39.37994130641742
-11.80108278657133,-3.24462539359947,38.81381380499544
-10.922789665566544,-2.025923408996923,38.082078708144266
-10.021512196927558,-0.9964866393606022,37.23066630705102
-9.117383908148078,-0.15052705805832522,36.30037917983294
-8.227618372077654,0.5253863568765763,35.32527421433923
-7.366210835652238,1.0494071006336356,34.33220566606767
-6.543929654259913,1.4419541373202596,33.341198212106875
-5.768515458443714,1.7238412441563984,32.36631407409101
-5.045009917202374,1.914984918849258,31.416736089318086
-4.376149166509357,2.0336091716481453,30.497869475062863
-3.762773404259546,2.095836819022784,29.612342676938248
-3.204219911385568,2.1155574462376947,28.760849336638742
-2.698679876837466,2.1044779242424267,27.94281593659068
-2.2435092854375966,2.0722823295192554,27.156905256281366
-1.8354909686244736,2.0268485222169397,26.40137858985611
-1.4710492688359322,1.97448578843677,25.674343985601396
-1.1464212585790163,1.920171095278696,24.97391705046021
-0.8577896534219609,1.867770916714274,24.29831760069532
-0.6013829171485645,1.8202419560350986,23.645921233255432
-0.3735479094692538,1.779808180338854,23.01528067078044
-0.17080000077001348,1.748114067733199,22.405127968392115
0.010144976630271751,1.72635537731333,21.814365548085807
0.17235316356498467,1.7153894703233694,21.24205156844117
0.3186662948675636,1.7158275032206651,20.687383281841228
0.45170383814717907,1.728110854134892,20.149680682515125
0.5738714589221388,1.7525740441023145,19.628371804238764
0.6873740367353319,1.7894962412673996,19.12298039215279
0.794231814446257,1.8391432301897135,18.63311626871479
0.8962985658575934,1.901801512488556,18.15846847473626
0.9952809203272586,1.977805991869575,17.69880114292017
1.092758192467318,2.0675624924188725,17.253952016186897
1.1902022357019855,2.1715661664699906,16.823833529629
1.2889969752015176,2.290416667551556,16.408436414589772
1.3904573828407203,2.424830793528025,16.007835843687833
1.4958477380529414,2.575653142458536,15.622200208649263
1.6063990768102256,2.743865165249331,15.25180270368855
1.7233257688132106,2.930592840115827,14.897035972996715
1.847841181944685,3.1371130282813464,14.558430169780424
1.9811723939736596,3.364858390970285,14.236674864589245
2.124573894396634,3.6154205458178716,13.932645330115825
2.2793401832561697,3.8905509057679004,13.647433814534574
2.4468171168615878,4.192158362841062,13.382386489519797
2.6284117695207723,4.522302638206891,13.139146812253468
2.825600471438747,4.883181702135673,12.919706057260637
3.039934540340907,5.277111154450556,12.726461730079546
3.2730430413740734,5.706492829497697,12.562284435818711
3.526631678582097,6.173769132896917,12.430593491864158
3.8024766332797135,6.681358720288666,12.335441075985093
4.10241181182502,7.231568094501501,12.281603894414864
4.428307541555283,7.8264725560131785,12.274680114377347
4.7820382579722125,8.467758764752599,12.321187473076593
5.165436167405634,9.156520101701659,12.428655857917732
5.580227273216221,9.892995305967245,12.605704034648893
6.027945573773492,10.676240911974409,12.8620853690933
6.50982077319436,11.503729439836512,13.208681193319876
7.026634649020779,12.370868986890587,13.657412922964555
7.578541536281013,13.270447020278677,14.221035489662093
8.164849561184921,14.192013240525304,14.912766053212403
8.78376175227577,15.121234933809934,15.745695175954033
9.432080534061702,16.039284493852005,16.731925865890208
10.104885959343205,16.922352893121413,17.881393928242044
10.79520782181689,17.741422550290444,19.200347269659446
11.493724549738655,18.462471930561698,20.68950924542917
12.188536698479787,19.047310193353752,22.34202737921347
12.865077728859863,19.455234618765576,24.141413778900343
13.5062355219205,19.645643214570917,26.059805965686035
14.092758789907839,19.58159886039559,28.05698826529512
14.604006236235648,19.23412346899035,30.08066728771587
15.019057272590182,18.586725960262118,32.06843246636919
15.318140424827853,17.639404551006493,33.951607584038285
15.484257034176435,16.41121811281902,35.66081018916475
15.504801750561539,14.940603552285427,37.13255671240861
15.372933379298338,13.282982194043658,38.31583272824075
15.088454220960507,11.50579298813746,39.17737028941717
14.658023887386952,9.681737482645502,39.70455902890869
14.094652957276654,7.881485299700822,39.905446170009625
13.416559721123187,6.1671884914219515,39.805979684009856
12.645588044307416,4.5878591395804555,39.4452673076059
11.805443801074084,3.177111772225868,38.869956903874076
10.920001369772999,1.9531812109191602,38.12882450460887
10.011873475344165,0.9206902091570464,37.26836495411123
9.101353871329874,0.07344876643687048,36.32977418266314
8.205760050729477,-0.6024024357899124,35.347341218504575
7.3391405562030885,-1.1254236965491966,34.34801885481547
6.5122751627254365,-1.5163905002693292,33.35183117728934
5.732883821365588,-1.7964100822601874,32.3727742882193
5.005964802076561,-1.9856280199384009,31.4199277397295
4.334196279049744,-2.102438702634774,30.498577790513725
3.7183525118597514,-2.163085722087065,29.611233028269478
3.1577018563069186,-2.181539885597747,28.758475461248118
2.6503671410828007,-2.1695592626428306,27.939633005380255
2.19363890970966,-2.136857381825138,27.153284810933602
1.784238884396856,-2.0913265904727947,26.397623461766813
1.418535338842956,-2.039281022650111,25.670702122393774
1.0927145206894777,-1.985696902527805,24.97059374321012
0.8029134220380307,-1.934437367454896,24.295485972365956
0.545319517737388,-1.888455360266293,23.643731068122293
0.31624291124370435,-1.8499722036300443,23.01386578143427
0.11216587623307878,-1.820631919860482,22.404612347210602
-0.07022579265640982,-1.801632734683692,21.81486856021668
-0.23402581366068123,-1.7938378915785862,21.243692431569286
-0.3821016173051148,-1.797868170687641,20.690285056301953
-0.5170970327421242,-1.814178527235984,20.153973971136427
-0.6414412638445943,-1.8431211488135106,19.634198339021513
-0.7573623775374803,-1.884997045647297,19.13049666688232
-0.8669038865510625,-1.940098072440425,18.64249736392399
-0.9719433128761448,-2.0087410567099306,18.169912214458915
-1.0742118720560705,-2.091295488724158,17.7125327213326
-1.1753146276372433,-2.1882060178632083,17.270229236299603
-1.276750634964664,-2.300010801553468,16.84295280535139
-1.3799327289348728,-2.4273565655932954,16.43073970142355
-1.4862067156024126,-2.571011056842214,16.03371868165812
-1.5968698063198263,-2.731873397796655,15.652121083436604
-1.7131881883182034,-2.910982683295625,15.286293957697325
-1.836413659510122,-3.1095249871072204,14.936716526400485
-1.9677992692427781,-3.328838763791471,14.60402034102726
-2.1086139013348673,-3.5704184309323796,14.289013608234463
-2.2601557106845096,-3.8359156888685364,13.992710233774456
-2.4237642787457316,-4.127137867895534,13.716364211044771
-2.600831283878957,-4.446042273090676,13.461510037388976
-2.7928093864750845,-4.794725109047019,13.230009865883623
-3.001218901107247,-5.175403093997719,13.02410807219594
-3.2276516628421756,-5.590385297603126,12.846493804872301
-3.4737712852299607,-6.042032043025411,12.70037184966025
-3.741308745670689,-6.53269689082749,12.58954171334466
-4.0320519121965,-7.064646769885071,12.518484137039259
-4.347827238111448,-7.639954260180153,12.492453172690967
-4.690471395323916,-8.260354921777989,12.517570358436021
-5.0617900995581,-8.927061520311034,12.600915235511886
-5.463500821171044,-9.640526229757317,12.750603264120482
-5.897155517666281,-10.40014173934215,12.975837916822009
-6.3640390480193805,-11.203873178674302,13.286918196596211
-6.865038667399044,-12.047815667377888,13.695176010079887
-7.400480159473915,-12.92567813260331,14.212809959970057
-7.969927041027975,-13.828204125687016,14.85257392249782
-8.571941275315242,-14.742556159574217,15.627271742735399
-9.20380756125841,-15.651712859885702,16.549006136265422
-9.861229080151542,-16.533958447055408,17.62813449259832
-10.538011061662386,-17.362580361501625,18.871902299936288
-11.225759852233967,-18.105928500566698,20.282762882586187
-11.91363883487671,-18.728018894484094,21.856455906019775
-12.58823691384308,-19.189870049601797,23.580008571575483
-13.233617076344439,-19.45172089505274,25.42993566273603
-13.831616702324661,-19.476174229198126,27.371026342671712
-14.362461441535054,-19.23212743274809,29.35617806614571
-14.805724619392482,-18.69910580480301,31.327718944045134
-15.141611633955947,-17.871353498776166,33.22049985870974
-15.352478043666627,-16.760852046750305,34.96671823964774
-15.4244149535309,-15.398433243526608,36.50200060877754
-15.34867828179625,-13.832407005935819,37.771839656209245
-15.122723895534314,-12.124623381421985,38.73721958703987
-14.750654031392669,-10.344502982541767,39.37831223493399
-14.242978656641226,-8.562091640547662,39.69551977365611
-13.61572382503481,-6.841424427905804,39.70776415461781
-12.889039828424641,-5.2353369371695555,39.448559289508395
-12.085539916956545,-3.7824114921193264,38.96083032068748
-11.228617734669122,-2.5061798752403077,38.291550047171945
-10.34095310739731,-1.4162222413241614,37.48707267955698
-9.443342877146813,-0.5105282250652614,36.58968774418478
-8.553912537798553,0.22156154456468513,35.63554210264892
-7.687696401083959,0.796398847464405,34.653792452582394
-6.856529383749958,1.2334301899241713,33.666694638389984
-6.069173010197448,1.5531410504500862,32.690296389333085
-5.331596634833174,1.7755773003819169,31.73543749649174
-4.647344976644969,1.9193869419375287,30.808834630053042
-4.017938326096498,2.001282059193374,29.914106373400138
-3.443267649844602,2.035811907649562,29.052660550613634
-2.9219607018263836,2.0353487118207942,28.224414384579397
-2.451706116879479,2.0102067869179137,27.42834894160334
-2.0295302546104814,1.9688359710679841,26.66291622143376
-1.6520267071473356,1.9180483799715413,25.926324343864284
-1.3155414818439768,1.8632518071538389,25.21672726095147
-1.016318500664513,1.8086736301959974,24.532343066058615
-0.7506107069958237,1.757566393466635,23.871521146806
-0.51476210586403,1.712391049907898,23.23277427661073
-0.3052657451669013,1.67497685090933,22.61478787618037
-0.11880214736104383,1.6466586420056835,22.01641538111058
0.04773786695697213,1.6283932791639937,21.436666001751885
0.19724259425965845,1.6208573263232333,20.87468912483056
0.33237827254349894,1.6245283316745829,20.329758100643897
0.455594974871364,1.639751938497701,19.801255086878747
0.5691376639379523,1.6667969477301863,19.28865788493574
0.6750608738749154,1.7059002631774904,18.79152922346128
0.7752458048918023,1.7573034453060554,18.30950864773861
0.8714188853925937,1.821282392279111,17.842307008540452
0.9651710801030622,1.8981714660780038,17.389703469041564
1.057977406719142,1.9883831914241932,16.95154493349921
1.1512162725901645,2.0924244772059466,16.52774782550641
1.2461883614833282,2.2109101438410446,16.118302192355312
1.3441348924966652,2.3445743838058513,15.723278176093846
1.4462551420636287,2.4942806337151517,15.342834965493175
1.5537231684612176,2.6610301911489165,14.977232423083729
1.6677037083718447,2.8459697631750362,14.62684566589007
1.7893672282343724,3.0503979803589503,14.292182966459288
1.9199041099812533,3.275770742816285,13.97390743122984
2.060537931114053,3.523705074846132,13.672863004563519
2.2125377618428597,3.7959809413719534,13.390105435753396
2.377229345137407,4.0945402102438155,13.126938927496631
2.556004945834182,4.4214816145872895,12.884959248457633
2.7503315480171473,4.779050161694728,12.666104125003486
2.9617569400251766,5.169618930342277,12.47271170560416
3.1919130465729793,5.595660576769981,12.307587782599587
3.44251563929777,6.059705111842138,12.174082212140096
3.715359271379038,6.564279604045716,12.076174526535047
4.01230592948468,7.111824402670025,12.018567991017221
4.335265469441602,7.704579283281888,12.0067901946314
4.686165397222163,8.34443165424774,12.047296521707182
5.06690697932853,9.032717755586562,12.147570327415309
5.479304037468917,9.769966860189497,12.316210108466956
5.925000148835022,10.555578235683072,12.562989180410467
6.405359423669563,11.387421640193251,12.898867152155725
6.92132571521673,12.261355283052426,13.335924773352396
7.473245266997629,13.170661685673908,13.887184774420238
8.060648760723327,14.105413251204466,14.566271936602098
8.681990962426493,15.051797298683809,15.386857548105496
9.334350260109169,15.991456347350669,16.36182968428351
10.013096989280287,16.900934104775974,17.50213616815227
10.711549112564263,17.751359252927575,18.815268185756427
11.420646749229315,18.50854207326862,20.303397035288942
12.128692625790933,19.1336915788803,21.96125114988111
12.821221744868703,19.584964339354574,23.773927197131155
13.481076517432953,19.820005952004063,25.7149586286349
14.088767219527643,19.79951778178212,27.745090904571786
14.623184441504742,19.49166375289021,29.812287266271177
15.06269343873208,18.876843850726804,31.85345010825721
15.38657763711515,17.95206771551822,33.79813492407904
15.576716434125778,16.733973354390848,35.57414289136102
15.619298716848624,15.259576441063215,37.114369250881694
15.506315284455887,13.58418093213976,38.36381033795075
15.2365681751955,11.776493904923207,39.285389808515994
14.815997566966615,9.91169179273492,39.863403601392534
14.25724859307115,8.063726485468775,40.103908943757986
13.578547910226662,6.298324428728554,40.03212675165564
12.80208811249034,4.6678626193977495,39.687618229388676
11.952189800137955,3.2087303699222987,39.118397795254495
11.053512188721347,1.9411416288714627,38.37516311419347
10.129525418749818,0.870869085430896,37.50653122313492
9.201369307707363,-0.007861180207549001,36.55573593968079
8.287134098905437,-0.7090600705155403,35.558833677630524
7.401529648686778,-1.2518224006063128,34.54418433075339
6.555868628028966,-1.6576738114496612,33.532844728442214
5.758274631594746,-1.9485556565869502,32.53950432506277
5.014030175748267,-2.1454397616198104,31.573656388153875
4.32599404109513,-2.2674826875335428,30.640787827331625
3.6950354770167557,-2.3315976322056353,29.743457042476162
3.120450062644429,-2.3523232711540225,28.882197335493426
2.6003363312037506,-2.341886726925742,28.056230121361654
2.131922975431169,-2.3103813265932915,27.26399996949713
1.7118438050896154,-2.266002425140058,26.503557188504356
1.3363622526086312,-2.21530341130066,25.772818040761926
1.0015498271929073,-2.163448317126085,25.069731615298462
0.7034241325383294,-2.1144475923941166,24.392378638186834
0.4380523864294241,-2.07137038925949,23.739022802192547
0.20162617354861748,-2.036531000323025,23.108130548377787
-0.009487328009512075,-2.0116496588103527,22.498371126009655
-0.19871302248504383,-1.9979893274881397,21.9086053778288
-0.36925049651485425,-1.9964707940486512,21.337869055615112
-0.5240681869630712,-2.007768641261164,20.785354489664506
-0.6659063288968509,-2.032390656311,20.250393005242454
-0.7972864008451757,-2.0707431015907307,19.732439485053504
-0.9205252226485737,-2.1231840585677255,19.23105981547065
-1.0377522353394872,-2.1900668175215015,18.745921538348078
-1.150928807542811,-2.271775041087914,18.27678778990154
-1.261868674726279,-2.368751189983018,17.823514489821072
-1.372258832222728,-2.481519469927873,17.386050707766866
-1.4836803759002684,-2.6107043407704995,16.964442152160036
-1.5976289207005312,-2.757045420835815,16.55883777782579
-1.7155343313292513,-2.921409418705349,16.169499581081187
-1.8387795747333582,-3.1047995266705524,15.796815734271252
-1.9687185533913212,-3.3083625094912854,15.441317300417056
-2.106692803784484,-3.5333935119922963,15.103698857938014
-2.25404694671394,-3.781338381194979,14.784843451041942
-2.4121427554338037,-4.053793043315543,14.48585235816195
-2.5823716629259725,-4.352499181640151,14.208080231463034
-2.7661654590068085,-4.679335114991205,13.953176194092022
-2.9650048281781594,-5.03630036388261,13.723131472339954
-3.1804252459460294,-5.425491897572719,13.520334063556307
-3.414019579450344,-5.84906946595892,13.347630763578142
-3.667436521664919,-6.309206725024502,13.208396552104427
-3.942373720970966,-6.80802406078889,13.10661079590336
-4.240564144330486,-7.347498117217193,13.046938891553625
-4.563753830088345,-7.929342077768442,13.034816720232454
-4.913668748834576,-8.554849821109036,13.076533489322834
-5.291968011298992,-9.2246963191416,13.179306029279841
-5.70018017158362,-9.938686319209925,13.351334230121813
-6.1396189295293215,-10.695443840246398,13.601822892149155
-6.611274234488359,-11.492036885182337,13.94094976095919
-7.11567478616507,-12.323535818866137,14.379753025634923
-7.652718440350654,-13.182511099259678,14.929904519605
-8.221468367747363,-14.058487664473843,15.603328261770432
-8.819915379384742,-14.937390430517748,16.41161961524298
-9.444711081215958,-15.801038776227927,17.36522112077366
-10.090882899817437,-16.62677717428665,18.472321130179928
-10.75155081319608,-17.387361662575874,19.737465923297016
-11.41767669054159,-18.05125152469927,21.15992038852254
-12.077889582794928,-18.583471592000805,22.731880048845795
-12.718442023412965,-18.947197430576377,24.436726409054202
-13.323359832668203,-19.106155204317282,26.247616782748793
-13.87484613145679,-19.027805503216026,28.12678388657788
-14.353983815563202,-18.68709479704102,30.025950844982024
-14.741745578585075,-18.070333978605237,31.88819914436127
-15.020266888325164,-17.17855840096241,33.65142801859846
-15.174272324255467,-16.02962213483167,35.25321898154475
-15.192484585166081,-14.658363905004286,36.63653258354652
-15.068808744525802,-13.114490524658095,37.755336124492004
-14.803090621226774,-11.458306952735642,38.57912911790637
-14.401305115730736,-9.754941034999112,39.09548776055422
-13.875128305219933,-8.068084051171368,39.31017352074688
-13.240960004682401,-6.4543561614962774,39.24491106198803
-12.518558752684974,-4.959183094232371,38.93344409550812
-11.729502992445454,-3.614635985080328,38.41676334861981
-10.89569158031861,-2.4392080728790546,37.7384098910187
-10.038052687747781,-1.4391329852864474,36.94054249053179
-9.175562931232808,-0.6106678747950541,36.06113740989978
-8.324609830132898,0.05723556061951196,35.13238172063377
-7.498675988299805,0.5803287520922678,34.180101880037604
-6.708289411552062,0.9768217999994924,33.2239593828936
-5.9611703416473425,1.265628591240952,32.27812721573507
-5.2625059347804575,1.4651156191973247,31.352200560832834
-4.615293957289189,1.5922975424586918,30.45215971231458
-4.020710194633093,1.6623906702721891,29.581269069969377
-3.478467895467185,1.6886306219119465,28.740850829845883
-2.9871493387136487,1.682270568777274,27.930911439577134
-2.5444987717101895,1.6526928976779294,27.150623867228084
-2.1476725278304363,1.6075843190627848,26.398682280665504
-1.793446472572183,1.553139555822758,25.67355131204649
-1.4783835502490903,1.4942707514454483,24.97363269495766
-1.198965592784225,1.4348086136981166,24.297369964252013
-0.9516941104830873,1.3776875159598923,23.643308620665984
-0.7331648184924364,1.3251109077320664,23.010125613858513
-0.5401203801292824,1.2786960034496702,22.39663869676021
-0.36948541650956057,1.239598289397249,21.80180338310614
-0.21838733522241288,1.208617263632372,21.224702964415325
-0.08416602649549532,1.1862852534947177,20.66453528714515
0.035625004018138104,1.1729413097629444,20.120598687161937
0.14322393426072844,1.1687921675559845,19.592278544848103
0.2406706138124874,1.1739621628542056,19.079035279669675
0.32981983691754424,1.1885338442813855,18.580394176802823
0.4123567871231857,1.2125808494464743,18.095937171617983
0.48981378638286377,1.2461944397238511,17.62529656393787
0.5635876876167041,1.2895049161675707,17.16815055764762
0.6349574203608664,1.3426989775016132,16.724220496455317
0.705101338733551,1.4060339314409687,16.29326967494185
0.7751141336872307,1.4798495339831526,15.875103632918796
0.8460231612201605,1.564578107676819,15.469571882352897
0.9188041082834716,1.6607534783420075,15.07657106476228
0.9943959714992645,1.769019168775441,14.696049590389304
1.073715363002285,1.8901361955609566,14.328013867553597
1.1576701847741593,2.024990728614246,13.972536291406701
1.2471727293263803,2.174601789332951,13.629765226552246
1.343152271594069,2.340129078329533,13.299937288753485
1.4465672150063662,2.522880932998295,12.983392308448064
1.558416843932706,2.724322312871946,12.680591444140022
1.6797527144917672,2.9460825897992167,12.39213900765328
1.8116896847857276,3.1899627716917567,12.11880866563769
1.955416541917241,3.457941602116984,11.861574791217965
2.1122061236420313,3.752179739944162,11.621649852741575
2.283424753058858,4.075020917088417,11.400528836402092
2.4705406998544452,4.42898857810782,11.20004179431192
2.6751312442509647,4.81677599916377,11.022415670242559
2.898887741114319,5.241227238228153,10.870346551920157
3.143617850916107,5.70530545346576,10.747083386388802
3.4112438087550485,6.212044112635614,10.65652390716753
3.7037952282893674,6.764475378833902,10.60332296335429
4.023394469599891,7.365528487836634,10.593012477806763
4.372232025753057,8.017889252245228,10.632130711962414
4.752528694803816,8.723810018313943,10.728356139132327
5.166480507055724,9.484857642297005,10.890637725105726
5.6161814994231944,10.301585682019342,11.129308430872413
6.103518536865323,11.173116592852642,11.45616191577718
6.630031605096669,12.096621192474979,11.884463423745716
7.196732563718199,13.066687382137244,12.428854599051
7.80387561235764,14.0745799806731,13.10509892381616
8.450674214985728,15.107410947905798,13.92960095789996
9.134962678329,16.147266906262175,14.918621496912198
9.852806898732922,17.17038092829281,16.087107303896502
10.598078956746981,18.146488416079958,17.44706621518512
11.36202502391397,19.03856877837964,19.005456968267065
12.13287550770163,19.803234448224295,20.76164008003375
12.895569049721615,20.392065076565817,22.70456053414346
13.63168399237382,20.754164474179845,24.810003065254154
14.31968507098385,20.840101123876906,27.038452854378523
14.935589071599853,20.607147386465318,29.334253181705254
15.454119609199127,20.02535848926922,31.62678979070202
15.850350201949686,19.08359377075601,33.83425140015573
16.101729080171566,17.794221637876067,35.87005734201122
16.190257996751317,16.195160077890584,37.651350412261216
16.104497187824823,14.34824759274961,39.10821388104047
15.841033252891815,12.333727584358712,40.1917838244589
15.405107124101331,10.241652844446666,40.87946693267101
14.810253357212355,8.161894843173684,41.17612135599272
14.07700750318328,6.174805546983856,41.11111046174225
13.230928314398337,4.3442794451478095,40.73218806228068
12.300295198328227,2.7141588941025434,40.09782247345631
11.313851776139495,1.3079784571557458,39.26963692373692
10.298888320744428,0.1313086508136938,38.30622979965261
9.279831242918327,-0.8243801270659066,37.25900196732504
8.277382364966044,-1.5773762590295066,36.17002505598147
7.308155773156126,-2.151682645140156,35.07159083100167
6.384706821062058,-2.573707442582365,33.98691711125862
5.515831964478436,-2.869837434496165,32.93149641625069
4.707027637510364,-3.0648465294590794,31.914679778534538
3.9610187619582136,-3.180991694594759,30.94122231382317
3.278293146048907,-3.2376191487392343,30.01263790810876
2.6576012790885875,-3.2511161862021427,29.12830053555974
2.096399391505819,-3.2350753856491865,28.286287692020384
1.5912267386972447,-3.2005732510787084,27.483993132922457
1.1380165682561911,-3.1564967630570555,26.718549447909297
0.7323452061428013,-3.109875990589141,25.987103070526047
0.36962619815694125,-3.0661986727466877,25.28698039118352
0.04525733631923584,-3.0296946043954383,24.615777190214445
-0.24527167029151958,-3.0035851733418037,23.971396681731374
-0.5063037116270326,-2.9902978173847,23.35205511715278
-0.7419646386381303,-2.991647552816089,22.756268581333536
-0.9561340233522114,-3.0089888371420224,22.18283041494844
-1.1524317331236111,-3.0433413889454175,21.630785527349524
-1.3342165221688864,-3.0954935314662477,21.099405564277337
-1.5045935348408666,-3.1660863577162717,20.588167288306305
-1.6664282076248402,-3.2556816516932696,20.09673545314627
-1.8223645554720935,-3.364816106356968,19.62495076676604
-1.9748462411894678,-3.494043985910059,19.17282313073288
-2.1261391634752624,-3.6439700004378963,18.740530127393857
-2.2783545687510776,-3.815273797712506,18.328420637183008
-2.4334719021177134,-4.00872712713433,17.93702345706182
-2.5933607702651797,-4.225204388705624,17.56706082229316
-2.759801499413683,-4.4656869384532785,17.219466780735093
-2.934503838524721,-4.731261172928017,16.89541041049961
-3.1191233850943854,-5.023110051108388,16.596323889641635
-3.3152752997560917,-5.342497324321438,16.3239354020104
-3.5245448277076745,-5.690743326888135,16.08030677560199
-3.7484940600173315,-6.069190727881056,15.867875573168844
-3.9886642462751287,-6.479158158173812,15.689501057239854
-4.2465728123198145,-6.921879115541927,15.548512992348137
-4.523704044667968,-7.398423035745835,15.448761575686616
-4.821492181315322,-7.909594941264463,15.394665843387417
-5.141295406079346,-8.45580971336147,15.391256615379262
-5.4843589976343585,-9.03693689119778,15.444208348153737
-5.851765663536398,-9.652112154235247,15.559852103778438
-6.244370939229883,-10.299512534031726,15.745159190726177
-6.662721520376201,-10.976094256742144,16.00768193317204
-7.10695462103412,-11.677295354483897,16.355434650860925
-7.576677041793606,-12.39671028768009,16.79669465292473
-8.070823758216676,-13.125751286440948,17.339700533619226
-8.587497696856246,-13.85332132531868,17.992224370562955
-9.12379515598174,-14.565536633782918,18.76099710369618
-9.67562521299166,-15.24555178372922,19.650974412767525
-10.237536482557733,-15.873555942059657,20.664446072771735
-10.80257055371427,-16.42702150696997,21.80001706689685
-11.362167760053412,-16.881290849472215,23.051524515108586
-11.906156512431386,-17.21057634601912,24.40699901781914
-12.422860524470794,-17.389415836383513,25.847826441670968
-12.899356647154098,-17.3945645069674,27.3483052390023
-13.321907333156474,-17.20721515535603,28.875808729001733
-13.676574247323089,-16.81533204766121,30.391732905276164
-13.949993216001992,-16.215782070852473,31.853324201699657
-14.130258342940978,-15.41588437065823,33.216337644149604
-14.207830774130867,-14.434011899592939,34.43829488865139
-14.176363872974012,-13.298987881000166,35.481937767305304
-14.033330323663863,-12.048220696294363,36.31836313165423
-13.780353629926267,-10.724769369182775,36.929327887861746
-13.423186092484896,-9.37375881055119,37.3083458819119
-12.971329791802859,-8.038697881265369,37.460431741194476
-12.437353221317228,-6.758251658553912,37.400613517404985
-11.836000071618908,-5.563887392953361,37.15155695675912
-11.183208509051392,-4.4786008805002275,36.74076120633468
-10.495156606349648,-3.5167060371356413,36.19778203438749
-9.787426946117941,-2.6844959438094067,35.55183863186742
-9.07434971846759,-1.9814902572285473,34.83001171352968
-8.368548367086367,-1.40197132750356,34.056092750729185
-7.68068221011223,-0.9365572801783646,33.25003023481647
-7.01936015621487,-0.5736348963573592,32.427852006596574
-6.391189095103868,-0.3005526671274648,31.601919501959934
-5.800918083791362,-0.10453878429409563,30.78137800132487
-5.251642507974102,0.026646386354804763,29.972692531366445
-4.7450384482295895,0.1042881495869358,29.18019032993581
-4.281604541265926,0.1384798741159722,28.406560178081776
-3.860895396789317,0.13802367536230195,27.65328265336461
-3.4817364164764,0.11042827728312658,26.92098243601795
-3.1424144120811537,0.06197046382245773,26.209704770159036
-2.840841758868288,-0.002205645484304797,25.519124309966738
-2.574694112903471,-0.07797024173292878,24.848697255620248
-2.3415231803333687,-0.16208337561946362,24.19776812723626
-2.1388468642312772,-0.2520729372791765,23.565641681561054
-1.9642195113943235,-0.3461203141244613,22.951629010382334
-1.8152850818959063,-0.4429566494472209,22.35507520097617
-1.6898159763766036,-0.541771036156836,21.77537433976319
-1.5857400574814633,-0.6421309341073724,21.211976230191453
-1.5011581458953318,-0.7439144405347234,20.66438802493115
-1.4343539935015577,-0.8472536530624037,20.132173043849892
-1.3837984588406733,-0.9524881572354365,19.614948340890635
-1.3481493468911456,-1.0601275842186295,19.112382061894866
-1.3262481338044845,-1.1708221762688495,18.624191266187125
-1.3171145811685283,-1.2853403382229365,18.150140634241808
-1.3199400546161353,-1.4045522221262825,17.690042323393712
-1.334080197467911,-1.5294184751705007,17.2437571399785
-1.359047469911427,-1.660983368481668,16.811197151257403
-1.3945039456928197,-1.800371609003959,16.392329850291176
-1.4402546588149108,-1.9487882135894397,15.987184001677818
-1.4962417095152312,-2.107520889381077,15.59585732888197
-1.5625392689754483,-2.2779444141860807,15.21852625019405
-1.6393495628880905,-2.4615265414434964,14.855457927261794
-1.726999862230786,-2.659834963013636,14.507024955824493
-1.8259404623448372,-2.874544845173315,14.173723101503288
-1.9367435855072304,-3.1074464037403917,13.856192563056236
-2.0601030942015854,-3.3604518966878683,13.555243329668343
-2.196834848445208,-3.6356012787405447,13.271885284687809
-2.3478774765131427,-3.935065571990365,13.007363790739289
-2.514293249232123,-4.261146746836559,12.763201562097764
-2.69726864785729,-4.616272563299177,12.541247676509482
-2.8981140875311904,-5.002984376267076,12.34373458021303
-3.118262094458572,-5.4239153400470554,12.173343866749573
-3.359263026070627,-5.881755738067547,12.033281418546563
-3.622777159530476,-6.379201296255261,11.92736212796627
-3.910561644559307,-6.918879305862472,11.860103774945651
-4.224450412292609,-7.503246194461717,11.836828614188079
-4.566324646513818,-8.134448887767245,11.863769662007346
-4.93807085813611,-8.814141003205828,11.948176377028972
-5.341522972642398,-9.543243804636973,12.098411168518618
-5.778384180802,-10.32164126239881,12.324023689116318
-6.250123689689216,-11.147799041041644,12.63578394411581
-6.757843073919369,-12.018299585951471,13.045647749778032
-7.302106875658999,-12.927290838848263,13.566619121023217
-7.882732751620246,-13.865855972598418,14.21246437038209
-8.498538258962732,-14.821327657046384,14.997223483317526
-9.147044884802039,-15.776594482248438,15.934458379689518
-9.824145824698537,-16.709480334083384,17.036179348089757
-10.523752949363159,-17.592318979194992,18.311406548725838
-11.237450744661599,-18.391891568347702,19.764360881341577
-11.954200471600972,-19.069934268972784,21.39234553488231
-12.660154828278351,-19.584439497036975,23.18348045817286
-13.33865859362838,-19.891942843013794,25.1145817896143
-13.970518430102574,-19.950881870880277,27.149615499476834
-14.534617672209633,-19.725914266954888,29.23925595437687
-15.008921835829517,-19.192799372509562,31.32208342068608
-15.371863356931275,-18.343131667907546,33.32779523843971
-15.604013210440565,-17.187970797410475,35.18245111852359
-15.689857664735609,-15.75937221329133,36.81526433216027
-15.619426739417449,-14.109088555582122,38.16592304450585
-15.389497122559195,-12.304285059839998,39.19108255754412
-15.004137267662127,-10.420847420810585,39.86869352645431
-14.474474555071458,-8.535501255531544,40.19927944712341
-13.817715261013603,-6.718256635050494,40.204019033708256
-13.055591733205697,-5.026525478466396,39.92025620336862
-12.212504177093033,-3.5017203965355375,39.39557753296804
-11.313644588630924,-2.1684629446839803,38.6817193982664
-10.383343512549887,-1.035955944157021,37.82932963607959
-9.443793062525735,-0.10075959954900526,36.88417335018065
-8.514204356417816,0.6498292802581888,35.88492535411512
-7.610379142673707,1.2344427715246211,34.8623607568154
-6.744625698624042,1.674765456550513,33.83958393012842
-5.925928017688527,1.9933039765408673,32.832902974330395
-5.160277912653828,2.2118218481330545,31.85301112182006
-4.451093042208572,2.3503587039786846,30.906227922299973
-3.7996623602307613,2.4267102406619787,29.995646020064235
-3.2055789277328905,2.4562407327147406,29.122105366825334
-2.6671356816974274,2.4519162789169493,28.284970208192043
-2.1816716764732753,2.4244710892776875,27.48271693897302
-1.7458646201730537,2.382643366878006,26.713357765370624
-1.3559708346647719,2.3334379740554443,25.9747312300321
-1.008016819515596,2.2823889547875966,25.264690372213828
-0.6979480844898822,2.2338063498997416,24.58121572858104
-0.4217413833645783,2.1909994002146442,23.92247554755169
-0.17548633902629868,2.1564731140004376,23.286850666123208
0.044558025793297956,2.1320981069946763,22.67293708144144
0.2419269661573954,2.119255257225708,22.079535579065777
0.4199296861780719,2.1189575258217404,21.505634889955697
0.5816414405326029,2.1319516027843055,20.950392668615052
0.7299051020268305,2.1588020545469657,20.41311700286955
0.8673397637930129,2.1999605101400133,19.893250060545196
0.9963544077297158,2.255822204279479,19.390354738352364
1.1191650663025197,2.326771944371891,18.904104708834566
1.237814237875233,2.4132213092468686,18.4342779861234
1.3541915924530814,2.515638633003898,17.98075399165286
1.4700552313425184,2.634573083041971,17.543514053082188
1.5870529466463084,2.7706739082184346,17.12264528174813
1.7067430699702104,2.924705709620854,16.718347823703958
1.830614608717065,3.097560369311519,16.330945551445634
1.9601064465606015,3.2902660568791187,15.960900347268407
2.0966254349324736,3.5039935136574534,15.608830217404304
2.2415632265218965,3.7400595826628065,15.27553156276607
2.3963117008269226,3.9999276998618503,14.962006011522544
2.5622768056602596,4.285204779033645,14.669492283916844
2.740890586105512,4.597633596498556,14.399503601149435
2.9336210915675878,4.939079400378532,14.153871153957702
3.1419797390140944,5.311509018180471,13.934794092677214
3.367525562018745,5.716960203211827,13.744896360383583
3.611865585778299,6.157498334148434,13.58729042397969
3.87665033256411,6.635156858795293,13.465647509728052
4.1635631753341835,7.151857060778719,13.384273246199498
4.474301916767461,7.709301856115414,13.348186563725056
4.81055057854848,8.308837460046949,13.363198176701326
5.1739389513003955,8.95127602270824,13.435982843805746
5.565987002898707,9.63667191591274,13.574136709922556
5.988030817466166,10.364044578190825,13.786207241930226
6.441126416980113,11.131042159694745,14.081678493193694
6.925927725626912,11.933543309240427,14.470888715280765
7.44253525789054,12.765200173355572,14.964850980258614
7.990313102858682,13.61693506385188,15.574941212752101
8.567673776636878,14.476417369185414,16.312413245439362
9.171833924519005,15.327566953221766,17.18769949935219
9.798549091036124,16.150155523536863,18.20946203635711
10.44184315779413,16.919606641171622,19.38337645779078
11.093757601183158,17.607123821312936,20.710665321604875
11.744156886182838,18.180296315529013,22.186452343125453
12.380637591686778,18.604331067250875,23.79808398708661
12.988597506005036,18.844021125698863,25.523654266213892
13.55152286832403,18.86647038387629,27.3310537121002
14.051542267568633,18.64444526892477,29.177913953768137
14.470270076208537,18.160028315561284,31.01279569476606
14.789919111095417,17.408046674437053,32.777834421128105
14.994605313968307,16.39860863551219,34.412803741522126
15.071707594667188,15.158082151148953,35.86021594433812
15.01310069828538,13.72804621587765,37.07074251275246
14.81606651397262,12.162130016591956,38.00802716634388
14.483721683628064,10.521133193854341,38.65198700360013
14.024875002933749,8.86723909535385,38.99998405984434
13.453329271429192,7.2583405281473095,39.06572395601532
12.78674075654983,5.743420344216456,38.87624247876559
12.045217760715376,4.359607476107177,38.46770757068139
11.249862071367371,3.1310929289499203,37.880893082865086
10.421434114211158,2.0696918096129258,37.1570739589479
9.579268827898453,1.1765832969515149,36.334834450450536
8.74050460089157,0.4446808816626322,35.44798382575685
7.919629438675793,-0.13885388306666435,34.524527656951406
7.128307029399069,-0.5903034874704876,33.58649044548756
6.375423072484077,-0.9274888237791199,32.650327311200186
5.667286284733748,-1.1683335125212997,31.727673834253977
5.007923673353365,-1.3298779025351024,30.826232478745066
4.399420684326874,-1.4276744385908455,29.95065520659216
3.842269608437051,-1.4754788308370541,29.10333836985993
3.3357015843782616,-1.4851537333698155,28.28509010165805
2.8779874183069833,-1.4667138922049379,27.495660704484294
2.466699891827979,-1.4284573146119768,26.734144750619052
2.098935428376848,-1.3771420661974683,25.99927275941646
1.7714963360692766,-1.3181810056332317,25.289613391476983
1.4810367990835198,-1.2558366059535413,24.603706541230725
1.2241767617044377,-1.19340516648235,23.940145278653848
0.997588171012818,-1.1333846616697822,23.297621439133856
0.7980579628527781,-1.0776237313875696,22.674946470460004
0.6225318644515722,-1.0274513656632316,22.07105627428126
0.4681426614693975,-0.9837880542274526,21.485006374480932
0.33222611073296376,-0.9472398388978874,20.91596183249619
0.21232721666181867,-0.9181770229380861,20.363184870587446
0.10619915426159128,-0.8967993902984924,19.826022090903347
0.011796726993982085,-0.8831897570731159,19.30389241620715
-0.07273410131031752,-0.8773575738606628,18.796276356904166
-0.14906936469961454,-0.8792741562565692,18.302706867628928
-0.2187219674826712,-0.8889009631469078,17.822761845363374
-0.28305751436556115,-0.9062121820141127,17.356058200944027
-0.3433105255555127,-0.931212724958403,16.902247377515415
-0.4006006157789632,-0.9639525931260875,16.461012171576918
-0.4559483401451431,-1.0045384331597962,16.03206471964392
-0.5102905098779768,-1.053142988236773,15.615145535944443
-0.5644948606775577,-1.1100130384277125,15.210023517360288
-0.619374019040927,-1.1754763300512447,14.816496866986572
-0.6756987600821482,-1.2499479105231348,14.434394925080834
-0.7342105866832239,-1.3339362126592134,14.063580934955164
-0.7956336862536182,-1.4280491689514179,13.703955811571895
-0.8606863396936753,-1.5330005801950661,13.35546302287611
-0.9300918687148846,-1.6496169119246256,13.018094739283978
-1.004589213494272,-1.7788446440166943,12.691899456570042
-1.0849432334144016,-1.9217582507421462,12.376991353173107
-1.171954819693641,-2.0795688371653016,12.073561706302737
-1.266470899994292,-2.2536333990608206,11.781892763856293
-1.3693944011398633,-2.445464602467306,11.502374552675988
-1.4816942159245707,-2.6567408893812456,11.235525199501934
-1.6044151921307197,-2.889316600023069,10.982015450062613
-1.738688124056164,-3.145231649541337,10.742698194173338
-1.8857396760040066,-3.4267200951892174,10.518643939073842
-2.046902099136228,-3.7362166627224718,10.311183315654894
-2.223622512346771,-4.076359947694493,10.121957844920207
-2.417471397237317,-4.449990543276852,9.952980321185194
-2.6301497977788912,-4.86014174068777,9.80670626118727
-2.863494505408926,-5.3100196654396745,9.686117888034774
-3.119480236179287,-5.8029687124297045,9.594822009748516
-3.4002174515588375,-6.342416884410469,9.537162830300886
-3.707944019812387,-6.931794086334703,9.518350074426673
-4.045008340747738,-7.5744145655246555,9.544601642591408
-4.413840844962553,-8.273312537844925,9.623298099944659
-4.816909918238538,-9.031017702518636,9.763143323919236
-5.256657296794143,-9.849255054756298,9.974321183945294
-5.7354068643122105,-10.728551603294342,10.268631722314042
-6.25523964438061,-11.667732067291407,10.659581438334563
-6.8178267953420315,-12.66328761812715,11.162390527945336
-7.424211882211594,-13.708608134316648,11.793865197827195
-8.074534111375923,-14.793081888337685,12.572066084612159
-8.767686298577049,-15.901090424737124,13.515686362613678
-9.50090610446129,-17.01096425749523,14.643039574112859
-10.269307760294446,-18.094019747169256,15.970555109924515
-11.06537542505481,-19.113868967128298,17.510700218566203
-11.878459397081983,-20.026275850444936,19.2693067922676
-12.694342414614455,-20.77990554218941,21.24239522419244
-13.494972633426348,-21.318346354557864,23.412766325693745
-14.25848626020551,-21.58372617952678,25.746866715587796
-14.95965532444037,-21.522043149670438,28.192679263423308
-15.570879938577901,-21.089949288248096,30.679557211560393
-16.063785020337566,-20.262192313420545,33.12087852538289
-16.41137227115023,-19.038362054189445,35.42002119799433
-16.590530754441808,-17.447236264044125,37.479414991478876
-16.58455989674688,-15.547141273690062,39.21145252664786
-16.385263053940776,-13.421484104203667,40.54918341590454
-15.994182475972774,-11.169849449077036,41.4543927286796
-15.42268990749019,-8.896358353569546,41.92115028019479
-14.690889438727437,-6.697801346033191,41.97411570296371
-13.825551074850354,-4.654020217690187,41.66232912014977
-12.85748401878527,-2.822165869038907,41.0503150099798
-11.818820603284381,-1.2352254268976732,40.20869194661204
-10.74061527885531,0.09588318414353703,39.206114881173
-9.651015582107824,1.1779601305785852,38.103589108204666
-8.574096921508655,2.030298061669062,36.95137296787438
-7.529319577434043,2.6796641921184348,35.7880958878094
-6.531486420003108,3.1561330155483542,34.64144071538044
-5.591051400212612,3.4900119412775963,33.52971835482507
-4.714636918966418,3.709824525568151,32.46378946546062
-3.905645420692241,3.841169712258079,31.44896365170524
-3.164883353371881,3.9062295393582156,30.486668787772494
-2.4911457350063158,3.923711939096989,29.575804937368428
-1.8817333320615865,3.9090564534726195,28.71377536290152
-1.3328912632165852,3.8747775597651875,27.89722931854784
-0.8401686048849106,3.830861858907652,27.122568678976457
-0.39870473687850433,3.7851676375495833,26.386272794003283
-0.003451145467141037,3.743798164672717,25.68509051024709
0.35066164536911293,3.7114351089861546,25.016139731468932
0.6686025695338962,3.6916276700560253,24.376945877766644
0.9551553318963133,3.68703822580164,23.765442484278346
1.2148630177991002,3.6996479361539776,23.179950469451903
1.451995611034048,3.7309268223164938,22.619147369673012
1.67053509989615,3.7819730377169463,22.082033933766233
1.874173802487086,3.8536257825419487,21.56790266930394
2.0663223618571456,3.946555837758134,21.07631099487113
2.2501245508577816,4.061337144155883,20.60706036419061
2.4284765961377954,4.198502296460742,20.1601819107595
2.604049193894094,4.358584291831262,19.73592867359431
2.779310760190114,4.542146374620745,19.334774196802716
2.9565507480308653,4.74980135296958,18.957417165855603
3.1379020823447688,4.9822213208361585,18.604791690222275
3.32536192120069,5.240138293382426,18.278082819113024
3.5208100540084577,5.524335846682776,17.978746848209145
3.7260243008144713,5.835631438838188,17.708535910150918
3.942692285852174,6.174848676153146,17.46952621240289
4.172418927477054,6.542778377179232,17.264149064916
4.416728919832229,6.940126888266776,17.095223496568845
4.677063384262883,7.367449736183522,16.965988760273596
4.954769747802687,7.825068400438761,16.880134335441348
5.251083772600087,8.312967804681497,16.84182411589618
5.567102529903898,8.830672144727588,16.855710288091267
5.903747008964359,9.377097007118754,16.926930938725707
6.2617130094607445,9.950376545195727,17.061083691208772
6.6414090343630505,10.547665973708856,17.264165717062266
7.042880144013111,11.164922064080653,17.542468445594707
7.465717236057443,11.796667940177691,17.902413473663266
7.908952081864904,12.435753539265175,18.350315002937048
8.370939791671729,13.073129766813,18.892054272338147
8.84923230708278,13.697662563388002,19.532653822485923
9.340449106824737,14.296022336451529,20.275745158908506
9.840154557086736,14.852693378579296,21.122933690750163
10.342755096130416,15.350155034522619,22.073080730100116
10.841433350001969,15.76928855808637,23.121544169365873
11.328139677360317,16.090057043440076,24.2594461505524
11.79366355685479,16.292486504586865,25.473064376791562
12.227806407922019,16.35794106276545,26.743467723971094
12.619672546309056,16.27063405036266,28.04652786850992
12.95808498893653,16.01925433255876,29.353426817879257
13.23211753954817,15.598524366589434,30.63173719770921
13.43171519796715,15.01046053732683,31.847075485832967
13.548354363802263,14.265096724960134,32.96522580365997
13.57567702040764,13.38047434879471,33.95452314207899
13.510024187936311,12.381799607329384,34.78819896747831
13.35079758685341,11.29980676644708,35.446358720905465
13.10059614151063,10.168513492962425,35.917298462300664
12.765103368308868,9.022670571554636,36.197974639228526
12.352736920491175,7.895260320206118,36.29359147584039
11.87410473649045,6.815371680108441,36.21642451441904
11.341336067672266,5.8066863306625045,35.98411600463771
10.76736572808507,4.886679912375141,35.61773228259497
10.165245780883769,4.066512827021622,35.13986115175721
9.547543672128857,3.35148638743928,34.57296433448271
8.925864654870217,2.741887275058142,33.9381123563751
8.310514466551332,2.2340353654904685,33.25414235055629
7.7102996212609956,1.8213751739130535,32.53721093064079
7.132449483315934,1.4954937302569669,31.800671937542944
6.582636889611613,1.2469936327988338,31.055191447575204
6.065071675434182,1.066189977192555,30.309013926175385
5.5826426516317165,0.9436294206486653,29.568306346873676
5.137086933026562,0.8704482594001626,28.8375248666933
4.729169815877967,0.8385957575663721,28.119766575086956
4.358862784223656,0.840951617209413,27.41708424196323
4.02551117245072,0.8713649305082264,26.730753807889357
3.727986279364395,0.9246382234279857,26.06149255648309
3.4648192595146607,0.9964756937791568,25.40963100771988
3.2343159631097493,1.0834103242774011,24.775244294477318
3.034653161686288,1.1827206567134283,24.158249846431264
2.8639574030104775,1.292344813305904,23.55847820692164
2.72036819919185,1.410796849423536,22.975723207524997
2.6020874639442413,1.5370886398678116,22.40977684290373
2.507417156135912,1.6706591300250342,21.860453233094287
2.434787016537485,1.8113118130999422,21.327605154628706
2.3827741464737295,1.9591606273899744,20.81113582900305
2.350116001691659,2.114584022426135,20.31100800127117
2.335718183216767,2.2781866562429114,19.827251823602857
2.3386582130873608,2.4507680094002975,19.359972666272466
2.35818629517505,2.633297097968389,18.909359693667657
2.3937238845838125,2.826892409881208,18.475695845916242
2.44486072545096,3.0328061558754422,18.05936973883708
2.5113508665192215,3.252411901311338,17.660889919235718
2.5931080254039993,3.4871946153303877,17.280901874300792
2.6902005438267627,3.738742127853665,16.920208180003144
2.802846054235213,4.008736912873731,16.57979217204014
2.931405859574007,4.298947008986547,16.260845522251707
3.076378908374963,4.611214736129257,15.964800090844603
3.2383951222228573,4.9474416623452075,15.693364385184369
3.4182076970763045,5.30956800810271,15.448564870496439
3.616683848704273,5.699544341882305,15.232792222086857
3.83479330046696,6.1192930163759245,15.048852350564287
4.073593614089831,6.570656322833508,14.900021629204053
4.334211237377058,7.055327815589459,14.790105152497274
4.617816885745749,7.574762710617227,14.723495990415609
4.925593589952796,8.13006274891492,14.7052321943679
5.258695440221406,8.721830535281923,14.74104666885114
5.618194757696825,9.349988269971101,14.837402857009973
6.005015164361107,10.01355621599728,15.001506425175693
6.41984786167388,10.710387517697772,15.241279746230822
6.8630484567067285,11.436858550098883,15.565282050542724
7.3345120222202365,12.18751839298218,15.982553891717387
7.833524919724922,12.954707930337158,16.502360605244426
8.35859347412633,13.72816910512344,17.13380668375597
8.90725212078937,14.494678434476228,17.88529297027713
9.475857404193214,15.237755895337486,18.76379343621571
10.059379371081297,15.93751957379934,19.773940792841454
10.651208455699503,16.570775223128393,20.91693322121312
11.243003521376933,17.111443020004828,22.189310396123727
11.824614354075585,17.531423743286943,23.58169591917453
12.38411790510642,17.801983814969375,25.077661318617736
12.908009468030361,17.895683875936562,26.652923714265402
13.381584731568692,17.788783924207745,28.27512753921265
13.789533441668317,17.463934686280787,29.904457140587464
14.116738804849183,16.91283039480631,31.49525886145846
14.349240262496435,16.138389844663248,32.99870674268175
14.4752764558537,15.155997785853122,34.36633739338099
14.486289736420504,13.993417886779815,35.55405024903051
14.377755121465782,12.689192911689137,36.52598849403067
14.149704827713352,11.289642405199531,37.25765576594324
13.806857528129601,9.844873702420868,37.737727039015496
13.35832292289831,8.404441259731506,37.96826507054142
12.816922292370927,7.0133484930235985,37.96338421121939
12.198226146584302,5.708969592026692,37.74670837292876
11.51944601264642,4.519224256586504,37.34816038249378
10.798322519270586,3.4620531541327133,36.80065616242809
10.05212974119387,2.5460021797818966,36.137177565954666
9.296876639459787,1.7715818778101649,35.388519923894926
8.546742767023847,1.1330333886019246,34.58182047230505
7.8137472961217025,0.6201792663919349,33.73982101792857
7.107623488184648,0.2201278459232518,32.88072459465725
6.43585616186268,-0.08130179991837033,32.018469965535935
5.803835659048962,-0.2984839527944664,31.16325458123733
5.215085033031617,-0.4452105697716593,30.32216742333168
4.671524405763386,-0.5341934302122116,29.499832331679183
4.173745056389814,-0.5767878772363085,28.698999606990327
3.7212740985569033,-0.5828812501884022,27.92105372390781
3.312817671417393,-0.560895709558421,27.1664264636484
2.9464760866502955,-0.5178647328026157,26.43491841956476
2.6199283788938748,-0.4595524199534916,25.72593931286086
2.330586417278133,-0.39059348700956026,25.038680699201922
2.075720428384139,-0.31463890349035417,24.372235030070293
1.852558724236537,-0.23449751319565282,23.7256738597
1.6583648505277993,-0.15226787472429476,23.098096092617308
1.4904954481365467,-0.06945726561340855,22.48865507603292
1.3464419862242494,0.012913397248136005,21.89657135773878
1.2238592698648265,0.09421880866720424,21.321136202485388
1.120583311332095,0.17415207906053887,20.761709540055282
1.0346408219727612,0.2526600740462759,20.21771490241874
0.9642522558078159,0.3298900777384719,19.688633062789222
0.907830031011385,0.4061465047038773,19.173995471906125
0.8639732787420429,0.481856405211108,18.673378150814877
0.8314602235833124,0.5575425780026324,18.18639640300442
0.8092390864846044,0.6338032025755143,17.71270051642888
0.7964182183301924,0.7112970145000919,17.25197250891861
0.7922560179115883,0.790733163201437,16.803923906445068
0.7961510594635807,0.8728650057227434,16.36829451592504
0.8076327491775971,0.9584871983201217,15.944852150645778
0.8263527443466351,1.0484355478100884,15.533393278557735
0.8520773002402351,1.1435891748884426,15.13374458603845
0.8846806558330355,1.2448746212807629,14.745765478825204
0.9241395276843081,1.3532716010670502,14.369351575748281
0.9705287493535445,1.4698201535164175,14.004439288898048
1.024018069688983,1.5956289999394768,13.651011625956095
1.084870105251199,1.7318849399154008,13.30910539720691
1.1534394282613238,1.8798631419417395,12.978820062207655
1.2301727600896213,2.0409381887371154,12.660328510474338
1.3156102297243335,2.216595726028747,12.353890138230105
1.4103876451050061,2.408444532644369,12.05986666065864
1.51523971071649,2.618228774811293,11.778741187468045
1.63100410517337,2.847840122840731,11.511141189764619
1.7586263049949078,3.099329285894074,11.257866098374949
1.899165002077954,3.374916349781593,11.01992039663948
2.053797908392509,3.676999070076587,10.798553200976237
2.2238276669460384,4.00815796079965,10.595305453408622
2.4106874865154593,4.371156605705916,10.412065969731437
2.615945980775914,4.7689350781310855,10.251137675089135
2.8413105100166876,5.204593654934598,10.115315383788078
3.08862808314061,5.681363114933148,10.007976393552282
3.3598825642951358,6.2025567856753545,9.933184893569383
3.657186525467639,6.771498112095326,9.89581062483249
3.98276557585991,7.39141584889768,9.901661230320695
4.338932364190114,8.06529704087922,9.9576260841498
4.728046680010291,8.795685830209594,10.071826816184906
5.152457176214313,9.584414005364334,10.25376589821469
5.614419223605145,10.432247451005027,10.514459105868308
6.115982359948204,11.338431916734383,10.866529958930625
6.6588398521524645,12.300122842234096,11.324233970274516
7.244132302491056,13.31168894465836,11.90336754028354
7.872197406605999,14.363890133289885,12.62100102905184
8.54225952848197,15.442949960990706,13.494959426908274
9.252056555113061,16.52957451849856,14.542960469613654
9.997408619775197,17.598016244844167,15.78131509327432
10.771744928938736,18.615343240275124,17.223108400799436
11.565622060612261,19.5411479964384,18.875823960815943
12.366289836359375,20.32800070940227,20.738465090932053
13.157387491614937,20.922995226887856,22.79837497031982
13.918878626903213,21.27070951071112,25.028160583039394
14.62734954218127,21.317758100489065,27.38335377181683
15.256789426132016,21.018812474979168,29.801626301360006
15.779928692982791,20.34351074651645,32.204405618050956
16.17012462227062,19.283156381304813,34.50149437209571
16.403656074074327,17.85570001157304,36.59871482528145
16.46214721779444,16.107449386484053,38.40775118988919
16.334730232979645,14.110443176149646,39.85650271104134
16.019531354346995,11.955433180890545,40.89776307585189
15.524156251280912,9.741644609977957,41.51422181718717
14.865048377499901,7.565438340692982,41.718681133636466
14.065838275469396,5.51026276884079,41.54968114268132
13.155009659136692,3.6397538399331575,41.06390185307241
12.163312601860799,1.9947932079274862,40.32731666651475
11.121335359754696,0.5942360273958971,39.40697621218905
10.057533401218663,-0.5617326064663475,38.36469372878731
8.99686237010648,-1.4869087389167257,37.253128980952056
7.9600230051515,-2.2041873300583705,36.1141232754848
6.963230813001845,-2.7412561525347856,34.978764192592735
6.018377806420864,-3.127240748189964,33.868548397051974
5.133448093392568,-3.390368323288249,32.79707871095726
4.313067940688225,-3.556532824463543,31.771880365806616
3.559099946270103,-3.6485634743021538,30.796079477261664
2.871220439894245,-3.685990100075672,29.86981654040072
2.2474441059123156,-3.685127081815642,28.991357608105588
1.6845783962124732,-3.659339475022903,28.157919154358833
1.1786028545847334,-3.6193957899903744,27.366248584368318
0.7249761518588735,-3.573845718182114,26.613010515145692
0.31887776421376995,-3.5293862144154518,25.895027014992753
-0.04460700610920365,-3.4911965812249597,25.209413279530224
-0.37034965731403213,-3.463234241665547,24.553642002399908
-0.6630802544582897,-3.448489478749154,23.92556174834281
-0.9273207258028889,-3.4492010340371357,23.323387771254314
-1.1673431142912534,-3.467036195607827,22.745678193765404
-1.387147237108913,-3.5032396286543297,22.191304236151517
-1.5904531526314147,-3.5587552056436995,21.659420077006708
-1.7807046677287781,-3.634324781494429,21.149435731907236
-1.961080832030152,-3.7305674088579788,20.66099484156385
-2.1345129642955563,-3.848041994588089,20.193958287138724
-2.30370524979402,-3.9872959074497167,19.748393950040192
-2.4711573484058484,-4.148901577915664,19.324572591116404
-2.639187772516335,-4.333482687466555,18.922969651812128
-2.8099570418457214,-4.54173112364839,18.544272711715173
-2.985489807794895,-4.774415471456805,18.189394323906647
-3.1676952697341836,-5.032381413564004,17.8594899543678
-3.358385285543355,-5.316544013877177,17.5559807446651
-3.5592896130226537,-5.627871454507824,17.280580772430785
-3.7720677109936522,-5.967359381292812,17.0353283768153
-3.9983164818771577,-6.335994587152002,16.822620919427454
-4.239573254085713,-6.734706331389214,16.64525203486059
-4.497313186153796,-7.164303171362284,16.506449953174844
-4.772940130253573,-7.625392799354016,16.40991480863188
-5.067769828779908,-8.118282080434387,16.359851939282034
-5.383004147219185,-8.642854352729994,16.360996984983167
-5.719694890316013,-9.198421192786947,16.418627068811315
-6.07869563824304,-9.78354642521746,16.538550481619072
-6.460600021390664,-10.395841381934462,16.72706510832199
-6.865664991652513,-11.031732563728154,16.990873440860295
-7.293718032120713,-11.686206244882502,17.336939643148593
-7.744047987011822,-12.352539523673485,17.77227217506354
-8.215280420770045,-13.022034136026653,18.303614597459198
-8.705240269226277,-13.683778114842033,18.937028317350315
-9.210807148527682,-14.3244708208879,19.67735544809493
-9.72777209895813,-14.92835808960318,20.527559133379366
-10.250708689911322,-15.477334402264427,21.487954071341417
-10.772876008278736,-15.951275099292246,22.55536252164987
-11.28617548660752,-16.328659507793596,23.72226045727885
-11.781186798448877,-16.58753048547137,24.976012160997055
-12.247308766277044,-16.70680270461257,26.298323713249808
-12.673027766518654,-16.66787882974091,27.66506717055719
-13.046326984633621,-16.456462445492008,29.046625848737158
-13.355234310665825,-16.064379508695566,30.408875286535114
-13.588485367785879,-15.491154741694825,31.714837580654592
-13.736253872882168,-14.745059656512916,32.92693315585929
-13.79087909017703,-13.843376978676435,34.0096228502932
-13.747505710042157,-12.811722453812532,34.932117338777836
-13.604550778124672,-11.68241887482086,35.67076846007157
-13.363928358362259,-10.492095149311941,36.210776889382466
-13.030994038869721,-9.278837141660983,36.546958344701906
-12.614212033443922,-8.079301227232392,36.68348206390218
-12.124588214268876,-6.926191409141203,36.632683751299346
-11.57494355424292,-5.84640308588971,36.41320857110095
-10.979117801046137,-4.8599851662468545,36.04782085793454
-10.351191221536592,-3.979913435351591,35.561215726307985
-9.704796080206188,-3.2125421075398157,34.97809967105882
-9.052565164581623,-2.5585292883157114,34.32170390516811
-8.405738673415842,-2.014016897190738,33.612788239354664
-7.773928280641243,-1.5718728955685357,32.86910830543551
-7.1650210332329864,-1.2228539309526945,32.10526542898414
-6.585196574978045,-0.956601938075721,31.332835857228392
-6.039028093867294,-0.7624367337914393,30.560677097915285
-5.5296386958263755,-0.6299424731146815,29.795324500312944
-5.058888835517959,-0.5493682152469986,29.04141261856699
-4.6275754971499765,-0.5118738856468703,28.302077477450826
-4.235628963947912,-0.5096558133499409,27.579314303375096
-3.882297620995101,-0.5359838980043218,26.874279299762918
-3.5663150167601927,-0.5851778055202728,26.18753364565735
-3.2860463057780724,-0.6525441124501244,25.519233760269074
-3.039613281724476,-0.7342910357019041,24.86927491312026
-2.8249986196122343,-0.8274328017623679,24.23739634856376
-2.6401308255763434,-0.9296919997758646,23.623255963684358
-2.482951879548377,-1.039405406009488,23.026481775738887
-2.3514697650706267,-1.1554366523861352,22.446706315404107
-2.243798102137349,-1.2770975979409733,21.88358892382855
-2.1581850012220256,-1.4040792119005614,21.33682985194705
-2.093033088567595,-1.5363920719778814,20.806179127110617
-2.0469124485156764,-1.674316125932308,20.29144238760015
-2.018568011075751,-1.8183590849694249,19.79248528654916
-2.006922696878668,-1.9692226592038387,19.309237615996352
-2.0110774261107753,-2.1277757677835303,18.841697976380157
-2.0303089079163987,-2.295033829860867,18.389939593130833
-2.064065954211033,-2.4721432457190327,17.954117738287362
-2.1119649070596402,-2.6603701938249666,17.534479132423076
-2.1737846306086452,-2.8610928868748484,17.13137366499792
-2.249461394951925,-3.0757964378848874,16.745268766902676
-2.33908386752132,-3.306069477292952,16.376766787102515
-2.442888324359342,-3.553601625737902,16.026625757167864
-2.561254095247936,-3.8201808565979056,15.695783965006397
-2.6946991590021057,-4.107689669069906,15.385388793833524
-2.8438757037282096,-4.418098827529721,15.09683030437914
-3.0095653564748175,-4.753457196451892,14.831780034691896
-3.1926736619814293,-5.115875902246358,14.592235445333916
-3.39422324523534,-5.507504674335615,14.380570324455782
-3.615344921058488,-5.9304977499197244,14.19959125458387
-3.8572658097584815,-6.386966167026165,14.052599886790393
-4.121293275411251,-6.878912624486458,13.943460209652534
-4.408793218717907,-7.408144377157229,13.876669164270684
-4.7211609291882,-7.9761589078771715,13.857427747969368
-5.059782337486968,-8.583996463027185,13.891708055504555
-5.4259831243782095,-9.232053105744935,13.986309402996358
-5.820962770399976,-9.91984796606536,14.14889364496134
-6.24571032721592,-10.64573920343612,14.387985940974156
-6.700898549246454,-11.40658534365091,14.712922555359773
-7.186753181029309,-12.197352774422761,15.133721954787399
-7.702894848349195,-13.010677101076896,15.660849980943592
-8.248152411365187,-13.836396674849592,16.304845168879464
-8.82034912781958,-14.661091701180514,17.07576798018688
-9.416066896622306,-15.467682234972509,17.9824402990253
-10.030399518790732,-16.23516233706212,19.031452371234987
-10.656713463267891,-16.9385730846942,20.225937452889312
-11.286443819266085,-17.549338568706787,21.56415355443091
-11.908963060847267,-18.036097534222616,23.037968685022623
-12.51156911086923,-18.366146706733115,24.63141823682723
-13.079644030890707,-18.507556675249575,26.31958020563209
-13.597031600133572,-18.431917723492802,28.068075302693153
-14.04666701197,-18.117522745162088,29.83351469527315
-14.411462160057638,-17.55261858299747,31.5651551998398
-14.675406161316811,-16.738201142933654,33.20785813105543
-14.824788867347067,-15.689756862063486,34.7061906095023
-14.849407018469066,-14.437424189316047,36.00920687500412
-14.743583951213843,-13.024289677541182,37.07519211068629
-14.506838421997521,-11.502907553746434,37.87554475194091
-14.144082069713988,-9.930537029810097,38.397082999151095
-13.665301424795404,-8.36389385700316,38.64237854827546
-13.084770103557158,-6.854304546554775,38.62815181948585
-12.419915261776817,-5.444005377677527,38.38216680335665
-11.690009004132884,-4.16400756126614,37.93931487543024
-10.914861523085564,-3.0335752817500103,37.337619841463145
-10.113663128755418,-2.061053570483803,36.61475792627363
-9.304071314133319,-1.2456081909900671,35.805447952194264
-8.501583291146229,-0.5794077665118766,34.93981950895733
-7.719187185632248,-0.049851507999952305,34.042675252941535
-6.967253099813458,0.35843018653288705,33.13345345014103
-6.2536093679722,0.6619472293241773,32.22666234314759
-5.583746517231525,0.8771352672839205,31.33257603799469
-4.9610971854134185,1.019528485040762,30.458026790451942
-4.387350256066901,1.103257271116215,29.607180645836472
-3.8627685374110348,1.1407964965870199,28.78223007118054
-3.3864894705755266,1.1428935050781897,27.983973141504485
-2.9567966720347334,1.1186157933180363,27.212273254547213
-2.571356369632593,1.0754716037604646,26.466407916931026
-2.2274171538477416,1.0195692698884247,25.745322372038213
-1.9219742820402095,0.9557917712524631,25.04780616193336
-1.6519014231792126,0.8879711955437668,24.372610106336392
-1.4140535552621858,0.8190538312673324,23.718519063577936
-1.2053450021274825,0.7512508126397768,23.084393144150834
-1.0228065262089734,0.686172037634114,22.46918733228439
-0.8636251243085865,0.624942865982207,21.871957026985545
-0.7251698026011212,0.568304185923134,21.291854963674528
-0.6050061978901844,0.5166970482077279,20.728123342659124
-0.5009025032589787,0.47033336828497346,20.18008373916771
-0.41082876996160894,0.42925430584762253,19.647126445361828
-0.3329513052967042,0.3933779204216174,19.128700235153257
-0.26562357323186647,0.362537621636975,18.624303088457562
-0.20737473158773645,0.33651281478421313,18.133474111167285
-0.1568967051687434,0.31505300625826654,17.65578669829754
-0.1130304955786065,0.2978964920912554,17.190842877163988
-0.07475226218920583,0.28478461377806163,16.73826870984738
-0.04115957122425739,0.27547243374696306,16.29771061102706
-0.011458097575661075,0.2697365608809113,15.868832435315447
0.01505102664644142,0.26738074590604016,15.451313198387828
0.03898309491286474,0.26823976780962866,15.04484531242443
0.0608808749665508,0.2721820457139658,14.649133234819471
0.08122480138981127,0.27911133539899097,14.263892447468107
0.10044232275689559,0.2889678052555133,13.888848700971606
0.1189164380982607,0.3017287320199595,13.523737473247516
0.13699347444314047,0.3174090112616116,13.168303605171388
0.1549901687457711,0.33606164030440483,12.822301087142641
0.17320012478152724,0.3577783011191007,12.485492980132852
0.1918997196589196,0.38269014681048286,12.157651463181272
0.2113535362863901,0.41096887680102073,11.838558006816273
0.23181939815525285,0.44282817190179974,11.528003678872944
0.2535530817120135,0.47852555046419076,11.225789596012655
0.2768127798388466,0.5183647000976126,10.931727541294638
0.3018633878865511,0.5626983354651465,10.64564077577278
0.3289806815737978,0.6119316309348437,10.367365080681488
0.35845545407447943,0.6665262769220136,10.096750076754166
0.3905976778968572,0.7270052101878013,9.833660879059607
0.425740755797666,0.7939580707513908,9.577980159989636
0.464245924007897,0.8680474409981982,9.32961071032464
0.5065068704651627,0.9500159255433456,9.088478609401806
0.5529546304924619,1.0406941328621382,8.854537141223231
0.6040628223214911,1.141009620899293,8.627771624959825
0.6603532848493743,1.2519968678628421,8.4082053670416
0.7224021797727065,1.37480832491955,8.195906989440896
0.7908466193788215,1.5107265978034903,7.990999446708648
0.866391879252623,1.6611777870636528,7.793671114993523
0.9498192512288777,1.8277459885778706,7.604189422177403
1.0419945850483598,2.0121889126334076,7.422917592242746
1.143877555935111,2.2164545152999655,7.250335202158229
1.2565316777448363,2.4426984418201014,7.0870633991548235
1.3811350547678922,2.6933019472493442,6.933895803315305
1.5189918260667226,2.970889769699963,6.791836327267735
1.6715441994594131,3.2783471663632198,6.662145382227726
1.8403848912897158,3.6188349555935684,6.546396205422084
2.0272696740644136,3.99580090507564,6.446543330484702
2.234129575096627,4.412985121604642,6.365005513320728
2.4630820499739574,4.874416175312505,6.304765690504172
2.7164401548923123,5.384393459745011,6.269490732515563
2.9967183361036733,5.947449665026426,6.263673773003285
3.3066329112008077,6.568285130186506,6.292801610003644
3.6490945977425193,7.251663147556289,6.3635488742718165
4.027189506859656,8.002251941884658,6.483999028412254
4.4441438188872695,8.824395024168984,6.6638893426656525
4.903265858025391,9.721787040376197,6.9148721530508075
5.407857470570553,10.69702746234533,7.250777096924831
5.961084526100448,11.751020301325546,7.687847579309607
6.565794143339556,12.882185971908571,8.244908255254066
7.224264206907052,14.085454080848573,8.943397726504898
7.937869482745909,15.351017351019463,9.80717148121513
8.706649170708433,16.662853063885905,10.86194551151274
9.528764627978221,17.997067087397397,12.13421545496001
10.399845491363294,19.320195312300672,13.649459605996485
11.312240328103798,20.587714475748687,15.429435261728454
12.254217139581845,21.743166757394537,17.48843553392771
13.209201266617335,22.71846931446823,19.82852559583102
14.155191821530776,23.43610855626618,22.434059501326935
15.064554334765479,23.813915973013973,25.266201887764527
15.904428457513603,23.77286151236475,28.25868897626801
16.63798601681038,23.247668180274406,31.316499264435443
17.226692054056105,22.199040656906433,34.31918865329503
17.633536292517533,20.6251285597231,37.13006117600561
17.8269273610722,18.569006770780774,39.61093717572105
17.78464673479635,16.11908617421757,41.640298206057174
17.497064995978256,13.400865323075841,43.130798227865654
16.96885331437399,10.561020784674911,44.04153928607618
16.218725450119145,7.747465396441786,44.38172826223444
15.277236635779756,5.090374665374924,44.20501650097906
14.183155625372523,2.6885836092574893,43.59674409270479
12.979221467678995,0.6035793964073357,42.65810881626073
11.708108260898191,-1.1392588447203693,41.49133488432401
10.40919901058194,-2.5443436491078333,40.188597041574106
9.116447863603197,-3.6372429140121145,38.825672909982146
7.8573200198506115,-4.456051201549327,37.459857057694954
6.652613217296216,-5.044199955715336,36.13092342691149
5.516892121508629,-5.445259436140392,34.86380187589016
4.459276926003695,-5.699672519234782,33.67188396025244
3.484380314330195,-5.843049714445283,32.56024441072145
2.593251173527121,-5.905570942539968,31.52840300178955
1.7842408403594838,-5.912084270410333,30.572494798225115
1.0537510218312534,-5.882587041679563,29.686862318857766
0.39685143287247315,-5.832874101928875,28.865153575411473
-0.1922277246007189,-5.775219953567636,28.10103213904916
-0.7197146657866917,-5.719021236953931,27.3886012439594
-1.1920092957547856,-5.671365112710377,26.722628163316575
-1.6154737353609425,-5.637512718052064,26.098636253984616
-1.9962844839541007,-5.621299750116908,25.51291446196427
-2.3403327494994324,-5.625462320879349,24.962479426353614
-2.6531617320579763,-5.651898341698275,24.445013944739188
-2.9399317372828646,-5.701874677092791,23.95879715446302
-3.2054058094774573,-5.77618928577611,23.502635801814954
-3.4539500837470403,-5.875296184527321,23.075801854219236
-3.6895442825279066,-5.999399662009611,22.677978966056845
-3.915798759886303,-6.148522888278267,22.309218538183995
-4.135975268134882,-6.322554964756217,21.969905007536482
-4.353009223708197,-6.521279542673771,21.660729337786396
-4.5695317160706885,-6.744387388867712,21.382669288492128
-4.787889862572953,-6.991474675590756,21.136974799851593
-5.0101643868630354,-7.262028298585763,20.925156659962248
-5.238183508399848,-7.555399175704239,20.748976464855193
-5.4735323931563205,-7.870764246460632,20.61043570208054
-5.717557546874986,-8.207077790251168,20.511761566059263
-5.971365648185986,-8.563012725879839,20.455386842060612
-6.235816436124048,-8.936892774205132,20.443920884571597
-6.511509403024969,-9.32661679231436,20.48010839090663
-6.798764219072474,-9.729577257862534,20.566772378458793
-7.0975950501213765,-10.142575829448608,20.706737585144182
-7.407679247850197,-10.561740154298718,20.902730527622342
-7.728321311779124,-10.982447633225366,21.15725280277742
-8.05841356299761,-11.399263635196371,21.47242506657672
-8.396395637227384,-11.805903562237464,21.849800652724905
-8.740215691805993,-12.195229988902037,22.290150181379218
-9.08729709452695,-12.559297513097036,22.793221894483867
-9.434515255309611,-12.889458506181581,23.35748687845765
-9.778190065323441,-13.176542081952714,23.979883660476816
-10.114099966688531,-13.411115709910156,24.655582493868522
-10.437523790933309,-13.583833438646026,25.3777952502399
-10.743315952976854,-13.685866374850304,26.137661121427904
-11.026019157359412,-13.709400052888716,26.924239921282688
-11.280016318026581,-13.648170486334212,27.724642190772034
-11.499719899063333,-13.49799769628518,28.524317332012718
-11.679792539723081,-13.257264812395455,29.307507132704814
-11.815388067193659,-12.9272853288245,30.057852993461925
-11.902397498532682,-12.512503453542973,30.75912313594282
-11.937681222376193,-12.020484349601933,31.396004673605553
-11.919267066676236,-11.461672199080358,31.954889134081938
-11.846495028250978,-10.848921876880752,32.42457307585328
-11.720093276459751,-10.196839950863065,32.79680058490485
-11.542176315410805,-9.52099693826598,33.06659185757728
-11.316164027843723,-8.83708982475101,33.232329032759765
-11.04662848684636,-8.16013828730023,33.29560180836013
-10.739082575850215,-7.503789285337534,33.26084501338248
-10.399729494100109,-6.879785153098709,33.13482271520341
-10.035194505509288,-6.297624678350188,32.92602519631837
-9.65225974909795,-5.764420280172896,32.64404553753994
-9.257620022502497,-5.284931993175692,32.29899339734045
-8.85767297004395,-4.861743516351046,31.90098828606926
-8.458351960935962,-4.495538055285659,31.45975706397211
-8.065004949398336,-4.185431304437743,30.984343881180852
-7.682318363388646,-3.9293238233089265,30.482927557985004
-7.314281900182582,-3.7242430271286104,29.96273246771488
-6.9641880964471365,-3.566654003724299,29.43001428768362
-6.634659586396587,-3.4527268641461797,28.8901008070905
-6.3276968564244145,-3.3785554229677137,28.347469306190487
-6.044739802316301,-3.3403273103026536,27.805844821938695
-5.78673726068618,-3.334449157200494,27.268307033715935
-5.554219723752128,-3.3576325159018996,26.737396921080137
-5.347371510210509,-3.4069470211778734,26.21521738493974
-5.166099658095666,-3.479847319625425,25.703524501840842
-5.010097672924113,-3.574179795596003,25.203807956306715
-4.878902982305723,-3.6881743435978867,24.71736051329709
-4.771947514247435,-3.8204255472788136,24.245337240772127
-4.688601241422144,-3.9698667348917653,23.788805673869202
-4.628208835406996,-4.135739554749822,23.348788325512388
-4.5901197734507955,-4.317560982868349,22.92629897726246
-4.573712355548551,-4.515089048291962,22.52237409488806
-4.578412139475671,-4.728288035920426,22.138100553732
-4.603705301412552,-4.957293491490632,21.774640661952763
-4.649147392618108,-5.202376995546207,21.433255254663813
-4.714367898503888,-5.463910379558023,21.115325408244615
-4.79907092345776,-5.74232881644007,20.822373093391413
-4.903032229176326,-6.038092021063495,20.556080843985807
-5.026092751161736,-6.351642639368138,20.318310258878885
-5.168148611783921,-6.6833607873422105,20.11111886502783
-5.329137543111405,-7.033513629120139,19.936774541705894
-5.509021533221858,-7.402198869030671,19.797766325602595
-5.707765421655567,-7.7892810957545215,19.6968099764748
-5.925311100599947,-8.194320086996822,19.636846178133247
-6.161546938352518,-8.616490499354784,19.621028683640034
-6.416272043928487,-9.054492879557431,19.652699103384702
-6.689155053566064,-9.506456697867728,19.73534441641939
-6.979687262757234,-9.969837184763142,19.872532722719953
-7.287130176672267,-10.441309207239744,20.06782234692889
-7.610457935543768,-10.916663293054402,20.324639297642268
-7.948295617743461,-11.390711202871184,20.646118476133232
-8.298855154873936,-11.857211095426887,21.034905159520164
-8.659871520289304,-12.308825155881314,21.492915435269033
-9.02854296124372,-12.737125239159838,22.021057714767863
-9.401480283668677,-13.132664108434211,22.618922415601748
-9.774671462374492,-13.48513051275701,23.284453422055165
-10.143468966186921,-13.783604766767018,24.01362276311543
-10.502607911753573,-14.016926727159422,24.800138400933776
-10.846263181726984,-14.174179309771318,25.635222862124184
-11.168152621838077,-14.245277622349708,26.50750585795413
-11.46169105925829,-14.2216369073478,27.403074796312882
-11.720195982508194,-14.096873493509833,28.30572093601309
-11.93714035466358,-13.867474888686829,29.19740425445609
-12.106441606628088,-13.533362171459572,30.05893672289039
-12.222769180597641,-13.098264483194411,30.87085361703114
-12.281847211546609,-12.569835327880135,31.614410212303547
-12.28072534794067,-11.959464848256259,32.272613183825754
-12.217990473532247,-11.281779058583599,32.83117929933113
-12.093895848255256,-10.553860244371602,33.27931413834069
-11.910391798094466,-9.79426379926443,33.61022265871202
-11.671052531336077,-9.021936658184751,33.82129883617117
-11.38090521279883,-8.255154488463116,33.91398634144995
-11.04617805775179,-7.510586598857491,33.89334684688308
-10.673992096544023,-6.802571850493328,33.76740794374887
-10.2720252538394,-6.1426524241278715,33.54638259200295
-9.848177217778487,-5.539373553689577,33.241854653769806
-9.410259826123115,-4.998323914264805,32.8660127448817
-8.96573153041616,-4.522368251502406,32.4309925698468
-8.521487289896346,-4.1120127494351335,31.94836217899871
-8.08370824311569,-3.765843375025546,31.42876049119496
-7.657769609236444,-3.4809850529457784,30.881680442713208
-7.248200961403487,-3.253541491271178,30.315375710274623
-6.858690386770671,-3.0789886515312537,29.736863910050573
-6.492122921695664,-2.952506971530778,29.151998260396034
-6.150643695788199,-2.8692472361605064,28.56558227271154
-5.835737060985437,-2.824532021275565,27.981506518708034
-5.5483142777494425,-2.8139990574453995,27.40289164747792
-5.288803804690667,-2.8336951348744277,26.83222672971067
-5.057239695348148,-2.880129863364015,26.271496201931345
-4.85334492538855,-2.950298248546658,25.722291975087106
-4.676607593306411,-3.041680088905853,25.185909658526604
-4.526348838473497,-3.1522229629483833,24.66342944211545
-4.40178200995172,-3.280314280328804,24.15578313269859
-4.302063120821799,-3.42474664562415,23.663809319026356
-4.226332965361944,-3.5846796959873517,23.188298787100866
-4.173751490651139,-3.759600648563251,22.730032243904557
-4.143525128217351,-3.9492850287404444,22.289812220694273
-4.134927829527871,-4.153758430270179,21.86849077990674
-4.14731653143884,-4.373259660973922,21.4669943825113
-4.180141720012882,-4.608205229745218,21.086347008384113
-4.232953675476554,-4.859154809765306,20.727692371139995
-4.305404876482492,-5.126777050073008,20.392315831781563
-4.397248924706847,-5.411814887219068,20.08166638694029
-4.508336225684647,-5.71504931907351,19.79737887724265
-4.638606531873698,-6.037260436757747,19.541296316021008
-4.788078321699149,-6.379184365985929,19.315491962409304
-4.956834856058105,-6.741464649602445,19.1222904383608
-5.145006624218563,-7.124596519813088,18.964286797986173
-5.352749768179586,-7.528862481517256,18.844361981883473
-5.58021996434541,-7.954257688336915,18.765692513240985
-5.827541152777693,-8.400403784889788,18.731751606513097
-6.094768450399502,-8.86645027257951,18.74629806419488
-6.3818445836741855,-9.350963108394868,18.813348451616786
-6.688549253181528,-9.851801259382457,18.937127111163754
-7.014441028987077,-10.36598341278436,19.121987695039646
-7.35879171062531,-10.889549085639707,19.37229920617635
-7.72051361325053,-11.41742106786475,19.692289260079967
-8.098081007836198,-11.943279492072499,20.08583772188732
-8.48944798771127,-12.459461766063995,20.55621542481713
-8.891966376763117,-12.956906869579353,21.105765795694005
-9.30230891951498,-13.425166594518291,21.73553236363199
-9.716404821927934,-13.852509367935085,22.444842666911374
-10.129396577863542,-14.226143163213086,23.230869076874328
-10.535628641116189,-14.532581211633758,24.088199087297752
-10.928679485576646,-14.758166221599286,25.008460462840226
-11.301448430773021,-14.889754348945932,25.980058123172864
-11.646306750302035,-14.915538883682576,26.988086611356927
-11.955318560395781,-14.825966754288915,28.0144806831552
-12.220530594848439,-14.614671892583816,29.038453384441816
-12.43432145650906,-14.27932393661284,30.037243864173984
-12.589791157604393,-13.822275972029232,30.987156965745555
-12.681162235811879,-13.250898234536509,31.864828289150456
-12.704156449299315,-12.57751055118441,32.64860097057392
-12.656308056702539,-11.818874317873936,33.31986544960941
-12.537177486379653,-10.995268018806287,33.86420187502178
-12.348438183089225,-10.129235980975118,34.27218286447694
-12.093823524710384,-9.244153004139354,34.53974085316604
-11.778937512866301,-8.362774741907872,34.66806990529024
-11.410949272881378,-7.505938908515091,34.66310168510036
-10.998204161147958,-6.691547973095648,34.53465348211121
-10.549791322737134,-5.933910018591872,34.295381060035446
-10.075108165593795,-5.243454780124341,33.95967623437707
-9.5834571752375,-4.6267896629696015,33.54263161843937
-9.083701580363849,-4.087024556321809,33.05916132028633
-8.583995794961494,-3.624277534918515,32.52332672141442
-8.091596312712023,-3.236274068449987,31.947879666459293
-7.612750238196828,-2.918965082060666,31.3440071070729
-7.152652620372411,-2.667108225379775,30.721243616640884
-6.715460293592802,-2.474776909436621,30.08751057658645
-6.304348686448486,-2.335779579237056,29.449240957565685
-5.921598471310193,-2.2439855396420394,28.811553687881137
-5.568700402493126,-2.1935630486536337,28.178449071055603
-5.246468707647141,-2.1791408096194362,27.55300466661193
-4.955155560444242,-2.1959063142850908,26.93755827214717
-4.694561210919689,-2.239654669420863,26.33387053898857
-4.464136135512607,-2.3068004220826492,25.743264155239565
-4.263073030542171,-2.3943631283239135,25.16673954453248
-4.090387606385377,-2.4999354313092716,24.605068893885036
-3.944987974097985,-2.6216404998420293,24.05887131571208
-3.8257329964256925,-2.75808397153699,23.528672326707564
-3.7314803499842704,-2.9083041036917625,23.014950806580213
-3.661125261089112,-3.071722663679689,22.51817634860667
-3.6136309745268527,-3.2480981650232432,22.038839550125005
-3.5880520255643944,-3.4374823381563018,21.577477392915966
-3.583551336716338,-3.6401801761668455,21.1346954783912
-3.599412071973741,-3.8567134775958283,20.711188535486137
-3.635045066756897,-4.0877874872018145,20.307760319326967
-3.6899925219073344,-4.334259983206835,19.925343764913492
-3.7639285113014043,-4.59711195268016,19.565022044400617
-3.856656709265686,-4.877418816763056,19.228050987031544
-3.9681055980766553,-5.176320999948811,18.9158831425286
-4.098321268232393,-5.494992472160114,18.630193584770048
-4.2474577748248254,-5.834605722610607,18.37290734381303
-4.41576486177891,-6.196291448871348,18.14622809948464
-4.603572711685396,-6.581091067632111,17.95266744511669
-4.811273222953962,-6.989899987666938,17.795073609312134
-5.039297160150728,-7.423399453362485,17.676657978686652
-5.288086372344798,-7.881974705846707,17.601017066662617
-5.55806013664257,-8.365617273743927,17.572146696703122
-5.8495745739082325,-8.873809475697406,17.594444095474554
-6.162874022463602,-9.405389798811223,17.67269232282935
-6.498033274420033,-9.958398848705881,17.812020033827
-6.854889720962494,-10.529907215146842,18.017828058100864
-7.232964773221136,-11.115829049419176,18.295672857173255
-7.6313744931211795,-11.710728589644523,18.651095854238594
-8.048730262314374,-12.307631434049075,19.089387338727388
-8.48303161680342,-12.897858064634232,19.61527470930581
-8.931555145184614,-13.470903751236175,20.232527973916394
-9.390745613253717,-14.014395938027896,20.94348151752442
-9.856118181130325,-14.51416643232562,21.748480980752127
-10.32218353691036,-14.954479443923843,22.645278165194714
-10.78241061913866,-15.318455386524773,23.62841499138097
-11.22924375665678,-15.588721560251464,24.68865827871787
-11.654191718893081,-15.748301756728345,25.81256740676529
-12.048004401015923,-15.781725996367246,26.982291759025216
-12.400947766259222,-15.676300041675601,28.1756977033253
-12.703178673382146,-15.42342684921534,29.366908918538446
-12.945208492550474,-15.019827970422137,30.527304361424374
-13.118429188021686,-14.468484883077624,31.626955272778115
-13.21566025865343,-13.779121722711857,32.636404014109075
-13.231662966741464,-12.968091081875997,33.528608869410924
-13.163563247520814,-12.057603299232522,34.2808211116087
-13.011129257809298,-11.074344436723896,34.87614347685306
-12.776864331801534,-10.047635510036294,35.30455377396509
-12.465899129691667,-9.007367788367361,35.56326007521726
-12.085693549777034,-7.98198377562192,35.65636593085155
-11.645583883171874,-6.996752259504468,35.59393702408789
-11.156228587484948,-6.07251681913188,35.39064683291592
-10.62901383834315,-5.225001715043953,35.06422036941605
-10.07547733774039,-4.464662995003485,34.633888882278335
-9.50679784513564,-3.7969973519103655,34.11902484417628
-8.93338213350181,-3.223178123062633,33.538063319591544
-8.364564345491837,-2.7408773191460347,32.90775097619169
-7.80841803991341,-2.345147359254199,32.24271078048133
-7.271670321872935,-2.029265563695605,31.555275187748528
-6.75970084252982,-1.7854782881097229,30.855523702556376
-6.276605717726839,-1.605612561082717,30.151458481925243
-5.825306633260554,-1.4815472926755544,29.44925910009048
-5.407687532934106,-1.4055524703235929,28.753569845352335
-5.024744390621992,-1.3705140039945298,28.06778627684967
-4.676736942533205,-1.3700656433754694,27.394319908759314
-4.363334439520564,-1.3986494490851191,26.73482968223435
-4.083750221314337,-1.4515242064283547,26.09041605154289
-3.8368621197330195,-1.5247380837488314,25.461778273848722
-3.621317370668924,-1.6150785250237107,24.849338307390347
-3.435621914028391,-1.7200092723198428,24.2533360990728
-3.278214768731181,-1.8376017504972832,23.67390144208502
-3.147528671215484,-1.966465877679464,23.111107380661938
-3.0420384377356524,-2.1056836694848076,22.565009609368314
-2.9602986177555923,-2.254747721299359,22.03567564852511
-2.900971999298359,-2.4135057061789507,21.523206896440342
-2.862850446318263,-2.5821113432622593,21.02775603233312
-2.844869421733649,-2.7609818085167523,20.549541704999832
-2.846117398064459,-2.950761222778433,20.088862001965587
-2.8658411945482447,-3.1522896184702573,19.64610784872664
-2.903448114142567,-3.366576622242026,19.221777226711307
-2.958505591279209,-3.594778969483422,18.81649090716837
-3.0307389042232202,-3.8381808672058697,18.43101026050221
-3.120027355011773,-4.098176127294628,18.06625760068709
-3.2263991743267453,-4.376250888783066,17.723339446568463
-3.350025266317918,-4.673965624107138,17.403573010228207
-3.491211766570055,-4.992934970740049,17.10851614042468
-3.650391241783813,-5.334803738689769,16.840000837801288
-3.8281122087205364,-5.701217211145501,16.600170296351518
-4.025026488978271,-6.093783578927148,16.391519186321347
-4.241873742119877,-6.514026033964443,16.21693654529811
-4.479462330563244,-6.963321706395656,16.07975014774767
-4.738645465506159,-7.442824291157031,15.983770532421907
-5.020291367436924,-7.9533669201806765,15.933331929038797
-5.325245956262677,-8.495341670911877,15.933326084253629
-5.654286381556579,-9.068552174928666,15.98922338973576
-6.008063541149131,-9.6720362666442,16.107073726602053
-6.387031660308229,-10.30385671783277,16.29347706406751
-6.791363078726107,-10.960860134217604,16.55551116290777
-7.220846708402251,-11.638407405211598,16.900600935958373
-7.6747693004949475,-12.330084094501036,17.33631149616531
-8.15177983845791,-13.02740620755572,17.87004532981635
-8.649739220540873,-13.719546091377234,18.50862435793517
-9.165560062298667,-14.393114677925734,19.257741256669465
-9.695045042240352,-15.03204909983388,20.12127298414838
-10.232736709808918,-15.617667113676253,21.100464791282093
-10.771796828224911,-16.12895865858667,22.19301647090576
-11.303938546160111,-16.54318567538027,23.392134400796664
-11.819438945379517,-16.836848278962965,24.685650889709475
-12.307261281406838,-16.98704275689154,26.055350719356085
-12.75531365359823,-16.973181059468477,27.476673596960936
-13.150862062833156,-16.7789641096259,28.918966853981157
-13.481099672055143,-16.39441248109459,30.346430739241455
-13.733850949338699,-15.81767780383303,31.719819363025394
-13.898361939268616,-15.056314290421586,32.99883580248276
-13.966101440853997,-14.127709599229544,34.14500950122831
-13.931479448075477,-13.058473377233387,35.124704673419885
-13.792385796291184,-11.882752055449235,35.91182524858604
-13.550467741792806,-10.639643504008603,36.489792006481906
-13.21109929109212,-9.37006891559766,36.852481719666805
-12.7830408634768,-8.113565998680327,37.00401152744482
-12.277834644676522,-6.90546481553771,36.95747047630857
-11.709017607829223,-5.774800170908244,36.73288186163503
-11.091252817493787,-4.7431411405906685,36.35477861651969
-10.43947815668269,-3.8243339678369948,35.84977545942114
-9.768153512036685,-3.0250076556445142,35.24444386932904
-9.090659731939137,-2.3456088372635095,34.563676327750976
-8.418873018483238,-1.7817156095973536,33.829603624509325
-7.762912860502863,-1.3254126714791516,33.06103132634009
-7.131043463624544,-0.9665690286869331,32.27330101568701
-6.52969856015312,-0.6939236543516027,31.478457491700368
-5.963596342837246,-0.49593980702290874,30.685605881547566
-5.4359130673246225,-0.36142884600979497,29.901361398974437
-4.948488534239513,-0.27996880123403806,29.130319612451526
-4.502042488382255,-0.24215438983209658,28.37549985868179
-4.096386783665991,-0.23971750068764458,27.63873522282275
-3.7306232831620205,-0.26555405792215503,26.920998011852344
-3.403321604705053,-0.31368746696719507,26.22266004012462
-3.112673947628648,-0.3791924402716904,25.543693210633712
-2.856626449284923,-0.4580969863342098,24.883818906883867
-2.6329879844771167,-0.5472752359161355,24.242615630624023
-2.43951820969468,-0.6443397154326208,23.619593956168842
-2.2739971230369593,-0.7475386002094879,23.014246827343033
-2.134278588253642,-0.8556612401831959,22.426081905398313
-2.018330256587852,-0.9679536752510797,21.854641337102233
-1.9242621861866884,-1.084044785971278,21.299513090806066
-1.8503462575674392,-1.2038830227184343,20.76033696852213
-1.7950282504435968,-1.327683216603269,20.2368075607594
-1.7569342054914976,-1.4558827184912881,19.72867575821557
-1.734872459109783,-1.5891059797327352,19.235749947338196
-1.7278325185996544,-1.7281366375909781,18.75789766749453
-1.734981744060199,-1.8738961697492824,18.29504826855042
-1.7556606234563124,-2.027428214198444,17.847196954429965
-1.789377268732123,-2.18988769773179,17.414410510005517
-1.8358016222429883,-2.362533966697911,16.996834968821958
-1.894759742089879,-2.5467271587060605,16.594705474773104
-1.9662284295456023,-2.7439270863592724,16.2083586121041
-2.050330368663665,-2.9556939173396986,15.83824751755921
-2.147329864054678,-3.183689923032769,15.484960140268289
-2.2576291841163987,-3.429681523802939,15.149241073993979
-2.381765439819416,-3.6955407757599597,14.832017447510927
-2.5204078492237194,-3.9832453130513676,14.534429416020087
-2.67435515052789,-4.294875571738453,14.257865841367721
-2.844532826390216,-4.632607865107951,14.00400576972437
-3.0319896836488405,-4.998701543570063,13.774866295390611
-3.237893188890022,-5.395478042261249,13.572857314293636
-3.4635227844577545,-5.825289084129994,13.400843486218683
-3.7102601939942255,-6.290470657152172,13.262213393215054
-3.979575464163022,-6.7932786209182945,13.160955338102726
-4.273007173768367,-7.335800934965436,13.101738385649494
-4.592134869992004,-7.919840580244454,13.089995999440891
-4.9385413668172085,-8.546762350577792,13.132007833860646
-5.313762076276172,-9.217295974193476,13.23497274547114
-5.719218069531369,-9.9312877359728,13.407062725943378
-6.156129139247979,-10.687393295647428,13.657443086459773
-6.625402853731487,-11.482706302196497,13.996238778064198
-7.127495607965958,-12.312321471587072,14.434420328221412
-7.662242209039228,-13.168838026777292,14.98357595440484
-8.228651889577412,-14.041820958340415,15.65552996702983
-8.824671213962043,-14.917254582265148,16.46176339104855
-9.446918578891154,-15.77704604406427,17.412593688476168
-10.09040134775387,-16.598665302915016,18.516080645428765
-10.7482353671614,-17.35504010412574,19.77665000551153
-11.411397547744603,-18.014853434775063,21.193470505366864
-12.068554437286963,-18.543406310959515,22.758686919581677
-12.706021198247322,-18.904195156818425,24.455699633452543
-13.307912604528322,-19.061292757574755,26.25777866805844
-13.856545737300557,-18.982500535005002,28.12738224714901
-14.333137653848107,-18.643056904717717,30.016578871518234
-14.718806502950704,-18.029466140396522,31.868903742192014
-14.995831612657925,-17.14281129835644,33.62278370857717
-15.149064118305995,-16.000815924504405,35.21634527772744
-15.167319693276529,-14.638003569373245,36.59304050270804
-15.044548963500107,-13.103607639994332,37.70720357369079
-14.780587484215534,-11.457358865001003,38.528521760338286
-14.38134321747858,-9.763787210145756,39.04455591800208
-13.858375728506179,-8.08604187141908,39.26086146414102
-13.227932366548833,-6.4803206180490465,39.1988104737698
-12.509600536365916,-4.991782687345291,38.89171060347066
-11.724786474961725,-3.652393952949641,38.38009895950482
-10.895230766449519,-2.4806832452671355,37.70710043564475
-10.041727860654833,-1.4830246482274883,36.91453134892347
-9.183150894244537,-0.6558798482379516,36.040115399246545
-8.335815408490582,0.011567992925309856,35.11587642595503
-7.513161453174339,0.5348406400915,34.167555353209444
-6.725699755064104,0.9319392407504208,33.21478883604615
-5.981153468083447,1.2215994765124574,32.271767794769765
-5.284727688704825,1.4220435996578868,31.348132092618123
-4.639448454922546,1.5501746783350883,30.44992064594995
-4.04652620432447,1.6211262210334825,29.580461100401973
-3.5057120983971357,1.6480748992297756,28.741137342001558
-3.0156272639989794,1.6422337358479253,27.932012289417536
-2.574054098678272,1.6129591395847358,27.152308347369626
-2.178185322699513,1.5679220544641586,26.40076152266206
-1.824830801785613,1.513308418937305,25.675870902806242
-1.5105848012083471,1.4540260279563064,24.976065935845558
-1.2319577398702672,1.3939037208133473,24.299811962072575
-0.9854770906118806,1.335875009545349,23.645671246541504
-0.7677621242174795,1.2821423966696754,23.012333275815113
-0.5755769367310591,1.2343212616013808,22.398624824887882
-0.40586577970266424,1.193563781310802,21.803507507155874
-0.2557742254255553,1.1606642408544885,21.226068261481107
-0.12265920182113099,1.136147532141699,20.66550648393531
-0.00409045742095436,1.1203428045320944,20.121120212205412
0.10215441695117083,1.1134442304445953,19.592292837616508
0.19809966932935857,1.1155607546027475,19.07848117413937
0.28558436701768847,1.1267565514615288,18.579205285401812
0.36627756211180856,1.1470837490125614,18.09404020129968
0.4416947733955966,1.176608804884893,17.622609499099923
0.5132151215575036,1.2154337520195848,17.164580644722147
0.5820986251061643,1.2637133716071407,16.719661962239652
0.64950330396921,1.3216692032612696,16.287601105106994
0.7165018506901442,1.3896011677383275,15.868184928565489
0.7840977192013091,1.467897455979649,15.461240700851318
0.8532405517512999,1.5570432291540186,15.066638636198164
0.9248409186830058,1.6576285764068182,14.684295782453594
0.999784385939298,1.7703560883644776,14.314181349287857
1.0789449535233973,1.896048322796057,13.956323619429492
1.163197926322768,2.035655361388626,13.610818645793994
1.2534322879296775,2.1902625799614657,13.277841002894172
1.35056264910022,2.3610986745366422,12.957656932861324
1.4555408355301265,2.549543897529487,12.650640306102446
1.569367164388155,2.757138355824822,12.357291905194625
1.6931014346197741,2.9855900981225654,12.078262638696476
1.8278736207875093,3.236782563291284,11.814381398848559
1.9748942116823085,3.5127807628760546,11.566688391835736
2.135464069651144,3.815835314851404,11.33647488718161
2.3109835998638197,4.148383114301779,11.125330446008956
2.502960904474472,4.513042998222876,10.935198782788992
2.713018447026113,4.912604210279749,10.768443469968652
2.942897557798543,5.350004767608664,10.627924675593787
3.1944598593697435,5.828295943724136,10.517087979634425
3.4696843697485242,6.3505879782852634,10.440065970108998
3.770658632889036,6.919970782153461,10.401792667722619
4.099561717878491,7.539401819841996,10.408129717308688
4.458636305633506,8.211551554164846,10.46600151207876
4.850146339587486,8.938594931601493,10.583533716069764
5.276315863460792,9.721935589493404,10.770185689719094
5.739243740924053,10.561848179330434,11.036861720317185
6.240788031082043,11.457024100986088,11.395978324563922
6.782413035542378,12.404008094802524,11.861454932825643
7.364991701343836,13.39651910743179,12.44858298418452
7.988556574001285,14.424660772026868,13.173714481475198
8.651994452751218,15.474047371831578,14.0536971293378
9.352684123914615,16.524903085368276,15.104972872193498
10.08608403145787,17.55123769073964,16.342256103335586
10.845288502523754,18.520260324847452,17.776726276490482
11.620587871967947,19.39225876490305,19.413719125709157
12.399089293110878,20.12123078101227,21.249993694372304
13.164479084527274,20.656580415877045,23.270796430534965
13.89702917153591,20.94614784910188,25.44713189435585
14.573961013247738,20.940684597222454,27.733848959878525
15.170268848867908,20.59958821849925,30.069293256207136
15.66005852736173,19.897288628640926,32.37726187630148
16.018372654082697,18.829222361483342,34.57172621941005
16.22335458532346,17.416013551300136,36.56422450418294
16.258478954875756,15.704508156139394,38.27305610614333
16.114487341665736,13.764817803966677,39.63267798887822
15.790659005581617,11.683467375138083,40.6013361424921
15.29514236598151,9.553814951790132,41.165209317676336
14.644257478761531,7.465698580631481,41.338193792404795
13.860897562050063,5.496423158985863,41.15761364428836
12.972336114737214,3.704679848362685,40.67714367856853
12.00783034512085,2.1280487242009727,39.958718415129724
10.996387935834386,0.7837796736568041,39.06507970702748
9.964960306590987,-0.32809434299280626,38.05406599425046
8.937189977775747,-1.2204659982309,36.97506572209495
7.932716959343538,-1.9146939203688371,35.86749603037812
6.966964963137173,-2.4366584622849294,34.76084212786546
6.051287791840145,-2.8136702147092896,33.67569556608402
5.1933509826806805,-3.0722973685674027,32.625287504628545
4.3976401672927246,-3.237011981602711,31.617142671852996
3.666013273186175,-3.3294815723380844,30.654619084309044
2.998240069248374,-3.3683218466015945,29.738214309056083
2.3924950562707514,-3.369149745638907,28.866600337002083
1.845786706451133,-3.344812105585874,28.037398291885005
1.3543177107254076,-3.305701409203514,27.2477288680946
0.9137781520953653,-3.260100495585407,26.494582849472465
0.5195775394644555,-3.2145210068489574,25.77505511185719
0.16702345376331834,-3.1740163195019258,25.08647994711889
-0.14854500344620847,-3.1424601160037327,24.426498371012226
-0.4316611219870679,-3.122788104373982,23.793080970864352
-0.6866647729557505,-3.117203986855263,23.184523616751996
-0.9176607052814649,-3.1273526013864936,22.59942828234241
-1.1284957053364237,-3.1544639077356047,22.036677296299864
-1.3227502446408086,-3.1994716234967107,21.49540643617205
-1.5037410161842921,-3.263110121648078,20.97498020162541
-1.6745314313476891,-3.345992851765648,20.474971179876636
-1.8379477185020592,-3.44867513669657,19.995144480905992
-1.9965987386313182,-3.5717037747512856,19.535447639308195
-2.1528980224585577,-3.715655466515676,19.096006047393782
-2.3090868473970003,-3.8811656924017104,18.67712381930583
-2.4672574202106228,-4.068949291210464,18.279289927832735
-2.629375420337638,-4.279813626358763,17.903189459440227
-2.7973012958260424,-4.514664868124408,17.549719865430056
-2.9728097938414138,-4.77450755953124,17.220012122278845
-3.157607254572372,-5.060437262371695,16.915456730595995
-3.353346203802668,-5.3736256908341895,16.637734459577032
-3.561636747233533,-5.715297327039905,16.388851660874685
-3.784054199952722,-6.08669607190446,16.171179807430242
-4.022142278117275,-6.4890400172630045,15.987498628296361
-4.277411038144023,-6.923461940184586,15.841041771730326
-4.55132857393675,-7.390932639458436,15.735543289245324
-4.845305279977316,-7.8921637980288,15.675282337905218
-5.160669267074381,-8.42748673216015,15.665122285887241
-5.49863129505762,-8.996703285736967,15.71053881609658
-5.860237390461893,-9.598905405791639,15.817629605164399
-6.246307190461459,-10.232260818215655,15.993095694102447
-6.657356061039555,-10.893764012090628,16.24418181229117
-7.093499268115573,-11.578954816185874,16.578559834857334
-7.554337056500291,-12.281611649190781,17.004136596282837
-8.03882056617075,-12.993433485243074,17.528765071106907
-8.545100266089795,-13.70373402320443,18.159837444319013
-9.070361193840542,-14.399183493087095,18.903741228332155
-9.610652896808254,-15.06364737351112,19.765167141940253
-10.160726608539292,-15.678185424411936,20.746271970885424
-10.713897677033254,-16.221285841578275,21.845722863755572
-11.261957057501156,-16.66941332263896,23.057682197724866
-11.7951607814548,-16.997940210578168,24.370832709628854
-12.302329162962593,-17.18249997157205,25.7675857717234
-12.771086087126875,-17.20074707206107,27.223651488165498
-13.188260913998718,-17.034426878693004,28.708163145104038
-13.540459747041673,-16.671562353667014,30.184523956604686
-13.81478898414382,-16.108471128850763,31.61206817344885
-13.999684572520286,-15.351266846986743,32.948500203019954
-14.08577053419644,-14.416504590048312,34.152911969188956
-14.06664776414979,-13.330723158762256,35.18901840708053
-13.939506870207397,-12.128813453890384,36.02814430963642
-13.70547240255074,-10.851366677109047,36.65148780395025
-13.369620311626202,-9.541367641639939,37.0512948374482
-12.940659436504054,-8.240732293174597,37.2307835334166
-12.430319778722152,-6.987202692115777,37.202899884509655
-11.852532559920478,-5.812006564875313,36.98819615831279
-11.222510143298072,-4.738501918298208,36.61224484838954
-10.555834608380128,-3.7818213470486306,36.10301352450248
-9.867645402583053,-2.949362216707012,35.48854655115565
-9.171986657842705,-2.241870817867276,34.79516912318874
-8.48134211736827,-1.6548450016028018,34.04629201512271
-7.806357133308865,-1.1800133857321018,33.26178473680996
-7.15572678518914,-0.806713743309206,32.457815446433976
-6.536217734642153,-0.5230644850428157,31.64702738397885
-5.952787761154751,-0.3168849639474025,30.838923911071504
-5.408768797181741,-0.1763652030592442,30.040354864363096
-4.906084369275802,-0.0905128539082159,29.256024803653556
-4.445478737060613,-0.049417816883022124,28.48897124490194
-4.026741385099178,-0.04437739384492952,27.740983991136424
-3.648916112474249,-0.06792125142728936,27.01295376798878
-3.3104884644989454,-0.11376905135991791,26.305149749564002
-3.0095486268266187,-0.17674647160143905,25.617432240588176
-2.7439292756087554,-0.2526787029852861,24.94941000362989
-2.511319433457493,-0.3382749090680388,24.300552633532305
-2.3093563132181925,-0.4310127212792843,23.670267904763293
-2.1356976126976956,-0.5290285260658636,23.057952818409884
-1.9880768943884193,-0.6310169092697279,22.463025598705702
-1.8643446527835255,-0.73614095811768,21.884944405649694
-1.7624975169106118,-0.8439540019188532,21.323217188003586
-1.6806978125489829,-0.9543326489925186,20.77740596513188
-1.6172854546842885,-1.0674205330133915,20.247127911588173
-1.5707838804893548,-1.1835819301127277,19.732054911562887
-1.539901481673363,-1.303364285946907,19.231912724222436
-1.5235297612300818,-1.4274686549868918,18.746480524091503
-1.5207392279683196,-1.5567270711966945,18.275591322283148
-1.5307738544119167,-1.6920859181307115,17.819133607385805
-1.5530447595506742,-1.8345944318356726,17.37705444654142
-1.5871236361632268,-1.9853975407252245,16.949364239718587
-1.6327363209311405,-2.145732314636069,16.53614330966167
-1.689756801773923,-2.3169273542450584,16.137550526333143
-1.7582018679234723,-2.5004044966568895,15.753834200567514
-1.83822653119655,-2.697682238450936,15.385345531948504
-1.930120278529016,-2.9103802789571205,15.032554956853463
-2.034304152749451,-3.1402245586996793,14.696071811165643
-2.151328597216586,-3.389052104620479,14.376667795370055
-2.2818719364482467,-3.658814887442116,14.07530480395152
-2.4267392949446727,-3.951581738342991,13.793167750942333
-2.5868616752360793,-4.2695371511284135,13.531703081159776
-2.7632948182729287,-4.614975499459346,13.292663690030237
-2.9572173483438773,-4.990288811800367,13.078160965788694
-3.169927553596926,-5.397945753779238,12.890724589636676
-3.4028379639564537,-5.840458853182609,12.733370543817983
-3.657466652153923,-6.320336254668023,12.609677430559792
-3.9354238920472384,-6.840013405581671,12.523870622135568
-4.2383924537852495,-7.401759063802439,12.480912844283852
-4.5680993931501925,-8.00754892578295,12.486598412326153
-4.926276704476587,-8.658899089844933,12.54764632993602
-5.314607666498742,-9.356650665925258,12.671784634316799
-5.734655151559401,-10.100696404098047,12.867814524258778
-6.1877676550449285,-10.889640690597828,13.145637755716974
-6.674958444192902,-11.720386320720209,13.516224438440515
-7.196753199296849,-12.587646037961994,13.991490828527812
-7.753002087549643,-13.48338514297563,14.58404848970337
-8.34265373527652,-14.39621494978245,15.306778453384286
-8.963491519253976,-15.310776905118914,16.17217890191507
-9.611837529510554,-16.207184673479677,17.19143592729762
-10.28223699674794,-17.060625902716314,18.373179108857105
-10.967146256827565,-17.841263468131615,19.721913313669095
-11.656660253875227,-18.514610129609245,21.236171669931036
-12.33833001143473,-19.042567345539,22.90651601834207
-12.997133817638693,-19.385299291760926,24.71361739963519
-13.615673665250874,-19.504035042996538,26.626765013372975
-14.174664738337023,-19.36473876503497,28.603245394777186
-14.653764000877855,-18.942361447683325,30.589055867356752
-15.032739870767866,-18.225123257249546,32.52131412827255
-15.292919861272827,-17.218048905750585,34.33246492893625
-15.418777156704067,-15.944894202780334,35.9559825509136
-15.39945006797234,-14.447754445838576,37.332815638747064
-15.229954992435475,-12.784061244570978,38.41747390317876
-14.91187422642592,-11.021268983116354,39.18257577106879
-14.453379512107126,-9.230117195836584,39.620945321398786
-13.868573566953696,-7.47771384090513,39.74490751853045
-13.176260479079726,-5.8216791319337755,39.58309265429614
-12.398353488551734,-4.306234811025755,39.17558993415166
-11.558169639557898,-2.960574518864199,38.56852244398336
-10.678841428209047,-1.7993156714534084,37.809025688351305
-9.782012308535968,-0.8244724729983197,36.94129839993229
-8.886901842422176,-0.028260628446138303,36.004009059526126
-8.009751375351296,0.6038905952844963,35.02901314307415
-7.163607009593488,1.090569315062208,34.04113005569238
-6.358367402602315,1.4521067430749748,33.05864895847987
-5.601016037815107,1.708882063067309,32.09424636994303
-4.895964189472402,1.8801776262700087,31.156062714602182
-4.2454448207747975,1.9834954242236256,30.248764370042334
-3.6499137426880894,2.034225784725694,29.374490137743066
-3.108429215254674,2.0455641081807086,28.533636636967454
-2.618993245726063,2.028588469590296,27.72547438338776
-2.1788467673736474,1.992431440862882,26.94860801726085
-1.7847169643230254,1.9444987058728258,26.20130445039701
-1.4330188062378704,1.890702841705353,25.48171558775795
-1.120014975565216,1.8356925734052911,24.78802089462085
-0.8419393370493341,1.783066262284467,24.11851162368081
-0.5950893271189266,1.735564058233074,23.471634378277834
-0.3758924285649926,1.695236759154384,22.846007658174006
-0.18095144746031622,1.6635915968014863,22.24042150048838
-0.007072756086969695,1.6417163876565797,21.653827430042686
0.14871891190950265,1.630384095519183,21.085323670548544
0.2891760838746239,1.630140085252816,20.534138871806164
0.4168320682048272,1.6413743593509804,19.99961638294124
0.5340103069088016,1.6643809583595706,19.48120024957302
0.642837891752055,1.6994065325268775,18.97842354485788
0.7452619149537515,1.7466898908068547,18.49089928590981
0.8430676130182283,1.8064941248563946,18.01831397852086
0.9378975026844388,1.8791327010960024,17.56042372865022
1.0312709064399808,1.9649907188785505,17.117052824966084
1.1246034266611735,2.0645423496213846,16.68809470860083
1.21922605689397,2.1783653005832684,16.273515287524663
1.316403720252771,2.3071529865461935,15.87335861251739
1.4173531019756997,2.451724940610359,15.487755002685066
1.5232596988054994,2.6130358482481064,15.116931786732923
1.635294044381539,2.7921834423056584,14.761226909502268
1.7546270888580822,2.99041534531156,14.421105740337726
1.8824447134008782,3.209134782516298,14.097181509674007
2.019961346159828,3.449904906352705,13.790239891395148
2.1684326150037676,3.714451260561155,13.50126833842094
2.329166922007017,4.004661658180907,13.231490862923943
2.5035357525991637,4.3225824378841216,12.982409022623452
2.692982434447179,4.670409681345463,12.755849917959551
2.899028932261349,5.050473502022332,12.5540220019041
3.123280098189407,5.465212933029891,12.379579425256203
3.367424585385961,5.91713822921361,12.235695442634288
3.633231365803973,6.408776540114528,12.126145027146631
3.9225404629852156,6.942595899699465,12.055396200535453
4.237246108308053,7.520901327838356,12.028708566609435
4.579270049734907,8.145695594041024,12.052235990231202
4.950522187692055,8.81849595958406,12.133128105480873
5.352845098723546,9.540097184024424,12.279622144372196
5.787938372012407,10.310270586378063,12.50111221433455
6.257258100753039,11.12738951371667,12.808177405749413
6.761886467724264,11.987973972502115,13.212542872954652
7.30236634681162,12.886152516707536,13.72693944342804
7.878496515230536,13.813049186139818,14.364817982188121
8.48908486137978,14.7561190123652,15.139866076918208
9.131660430318087,15.698478971723185,16.065269216290815
9.802150906687757,16.618313203620037,17.15266071415397
10.494540796602466,17.4884709937972,18.410720195566025
11.200537473897901,18.276419213774727,19.84341693942818
11.90928708669376,18.944748023148648,21.44795907591833
12.607198569829729,19.45244318179873,23.212606404736835
13.27794839721959,19.757107197643386,25.114628373147973
13.902745837445101,19.81820949005453,27.118818935101555
14.460931197888996,19.60125589036719,29.177075642299048
14.930950610790243,19.082498103638567,31.229552575530427
15.291696228558918,18.253504122888284,33.207745094881844
15.524123598445414,17.124678425228872,35.039528494622154
15.61297271256458,15.726780166726074,36.65569037651943
15.548350501798057,14.109735965501368,37.9969946408222
15.32690886454707,12.338583471497454,39.020483727374646
14.95239368560526,10.48707881518285,39.70373914433733
14.43544577586766,8.630115673823116,40.04623497052758
13.79267797247631,6.836397270538514,40.06761780889942
13.045190723990416,5.162662409612542,39.80347919583056
12.21677988426158,3.65026681614853,39.299692110609016
11.332113083745147,2.3242759226646323,38.60651873347804
10.415109280624849,1.1946706806102154,37.77348706194705
9.487674310381678,0.2589525275961885,36.84562730930314
8.568854049262415,-0.4946203759424874,35.86123104257316
7.67439041833025,-1.0837982459218813,34.85097190116855
6.81661587779197,-1.5295189596853092,33.83805276119724
6.004599946137789,-1.8536974745493133,32.83900362481975
5.244460399457313,-2.07765595950856,31.864800765480833
4.539763776052131,-2.221124382729825,30.922062710687
3.891957225936545,-2.301695975635058,30.01416765723266
3.300791492591153,-2.3346147793041276,29.14221108430853
2.764710103835839,-2.332786412677083,28.30577538948658
2.281191637819041,-2.306925643241926,27.503516479419286
1.8470402459676019,-2.265777526855332,26.73358975698267
1.45862500165623,-2.2163689521066887,25.99394476938871
1.1120718016818425,-2.1642630698923386,25.28251810595826
0.8034131379102138,-2.113800410723799,24.597351034331876
0.5287016174367017,-2.0683182068718096,23.93665386099325
0.28409304206877806,-2.0303444132050337,23.298834294593206
0.06590444025762768,-2.0017659542368875,22.682502805776505
-0.12934814090415445,-1.9839724507903522,22.086464379725456
-0.3049279165372746,-1.9779775650130522,21.509703201721457
-0.4638681807001708,-1.9845204705762292,20.951364646460735
-0.6089727068320407,-2.004150019016459,20.410737356122596
-0.7428233033876029,-2.037294068230915,19.887237076059204
-0.8677925536909832,-2.0843162472465657,19.380393163075965
-0.9860601617695535,-2.1455622006677753,18.88983819728228
-1.099631658175018,-2.221397113647418,18.415300839520057
-1.210358497203546,-2.312236078054735,17.956601924238242
-1.3199588054462796,-2.418568629410894,17.513653718769447
-1.4300382269636471,-2.5409785643452754,17.086462282641634
-1.5421104577963451,-2.6801599392707627,16.6751329025669
-1.6576171765588321,-2.836929950336804,16.27987864488358
-1.7779471623273686,-3.012239198742746,15.901032147329694
-1.9044544489678308,-3.207179649169312,15.539060859311745
-2.0384753986547874,-3.422990386128696,15.194586029479979
-2.181344587945992,-3.6610610557891925,14.86840582733477
-2.3344093878030248,-3.9229326401425144,14.561523067249345
-2.499043083809999,-4.210294935475499,14.275178072575473
-2.676656322907611,-4.52497978554873,14.010887265340342
-2.8687065854922897,-4.868948737720773,13.770488079850795
-3.0767052628619718,-5.244273332500317,13.556190756172489
-3.302221764769494,-5.6531056887129525,13.370637442782924
-3.546883884420339,-6.09763639478845,13.216968785396826
-3.8123734022968945,-6.580035954474974,13.098897743872493
-4.100415609729658,-7.10237516712545,13.020789684135462
-4.412761073998992,-7.66651887426534,12.987746736242102
-4.751157549004826,-8.273986536552776,13.005692865628905
-5.1173094673203865,-8.925772235745729,13.081453919317008
-5.5128219527515885,-9.622116126897863,13.222823912212936
-5.93912581160025,-10.362219420394435,13.438604845058338
-6.397379573634312,-11.143896140316095,13.738602278297325
-6.888344486637071,-11.963157881386383,14.133552736526568
-7.412228612975858,-12.81373350114004,14.634952054443904
-7.968497105998808,-13.686535277098947,15.254746713095077
-8.555647721580733,-14.569097757213319,16.00484447230216
-9.1709540886175,-15.445036346516462,16.896398589853607
-9.810184694320023,-16.293599826172652,17.938825265979485
-10.46731332312422,-17.089423007514107,19.138531525567835
-11.134246915149937,-17.8026181449344,20.4973660951369
-11.800608962112355,-18.399367855013406,22.01086367109809
-12.453629100929524,-18.84318438352368,23.66643438377034
-13.07819957001874,-19.09696237437413,25.441748519682
-13.657162216950262,-19.125857294245918,27.30366268643732
-14.171880316470746,-18.90086060115487,29.208094018439922
-14.603122531294973,-18.402727616188532,31.101229373070787
-14.932239834285465,-17.62568838539085,32.922315342571075
-15.142554005830153,-16.580211473327378,34.60799747946427
-15.220810380154138,-15.294085394793388,36.09780060836187
-15.158496920069384,-13.811296416215344,37.33996607537116
-14.952817300501609,-12.188606730018844,38.296625811446035
-14.607141210655646,-10.490269165919612,38.947318703858485
-14.130838716730107,-8.781778494100468,39.290176759619285
-13.538517272896463,-7.123783936829252,39.340639269047934
-12.848787993686816,-5.567191278226824,39.12811215429651
-12.082761333158741,-4.150115682978998,38.69138794120493
-11.262494194143281,-2.8968587575933897,38.07376991069733
-10.409582510726063,-1.8186473817405489,37.31871048952423
-9.544032406914432,-0.915603555412464,36.46647860823118
-8.683471691139337,-0.17934202010967437,35.552041182207205
-7.842700733473457,0.4043277354875827,34.604078322585714
-7.033538287837672,0.8529602636577457,33.64489432252671
-6.264895615403292,1.1854897493116845,32.690932950596256
-5.543007647992854,1.4207603773598385,31.753625875730762
-4.8717568773045885,1.576538125016908,30.840361562985194
-4.253038345657303,1.668923280641844,29.955430361067634
-3.6871281926452633,1.7120683157585552,29.10086259926129
-3.173031047741797,1.718111043689368,28.277122998405403
-2.708791944638689,1.6972479255813138,27.483655740590937
-2.2917661155158533,1.6578899864499153,26.71929258338392
-1.9188452717529756,1.6068601966302893,25.982544942814435
-1.586642274403608,1.5496046697740868,25.271803212713866
-1.2916379532194142,1.4904002715096474,24.585465348341966
-1.0302946932802404,1.4325485438419996,23.92201375282397
-0.7991416238204162,1.378550805899949,23.280055931868898
-0.5948360702834053,1.3302624919158608,22.658340894614796
-0.41420554387595343,1.2890267501205814,22.055760208961452
-0.25427405785913104,1.2557884545858262,21.471340091684407
-0.11227604782778783,1.2311903689862318,20.904228930883686
0.014339324019085359,1.215653449386415,20.353683144587876
0.12791116071175965,1.2094433171244108,19.819053194310662
0.23057521111321774,1.2127248592835995,19.299770812381393
0.32427609385059647,1.2256067773567585,18.795337990496613
0.41078213131583186,1.248177737683215,18.305317949417844
0.4917018261294754,1.2805355999454233,17.82932811403067
0.5685012358116651,1.3228110240600666,17.36703501393306
0.6425216870506938,1.3751865877496978,16.918150987451707
0.7149974234848161,1.437912390381298,16.482432565002135
0.7870729046652093,1.511318974798675,16.059680431116085
0.8598195728433453,1.5958282680602256,15.649740903380769
0.9342519820053987,1.6919631235183372,15.252508914801762
1.01134324329334,1.8003559391353636,14.867932540219867
1.0920397852767252,1.9217567283129524,14.496019165758462
1.1772754586663134,2.057040927225856,14.136843462497568
1.2679850347014825,2.2072171334938697,13.790557392125093
1.3651171558091297,2.373434881090109,13.457402544133792
1.4696467969087923,2.556992460918145,13.13772518232216
1.582587286049511,2.7593446896900584,12.831994463929053
1.7050019134085752,2.982110404472304,12.540824388287174
1.8380151268562381,3.2270793077375006,12.26500013320849
1.982823268274211,3.4962175970880907,12.00550954482625
2.1407047446323397,3.791671571577768,11.763580656530996
2.3130294473685686,4.115768096301524,11.540726217794106
2.5012671274393203,4.471010408774921,11.338796301840894
2.7069942945187027,4.860067241070757,11.16004011260676
2.931899028488161,5.285752583880033,11.007178095650424
3.1777828589747665,5.750992603637359,10.883485328804822
3.446558571879651,6.258775213337988,10.792886859052588
3.740242426858142,6.812076569724375,10.740065066207508
4.060938802607663,7.413757318506293,10.7305781372887
4.410814715629223,8.06641976271306,10.770987146183499
4.79206097693652,8.77221537466755,10.868986813587535
5.20683596692663,9.532590397787168,11.033531475980148
5.657187151930786,10.347956038696132,11.274942775452583
6.144944607577154,11.217269520932568,11.604978740427047
6.6715800883255145,12.137513984907562,12.036834982396416
7.238024818447404,13.103070241824929,12.585037647713722
7.844439538587997,14.10498360083087,13.265175019012
8.489931954538173,15.130146741720294,14.093401694304603
9.17222032261684,16.1604474477003,15.08563906488666
9.887248357687245,17.17196996305349,16.25639357194952
10.628766901900045,18.134390876730315,17.61712790363169
11.387912547712826,19.010770603652585,19.174160464966327
12.152832622117831,19.75799832290054,20.92614660515693
12.908428042681201,20.32818002675354,22.8613193035249
13.636306536157079,20.671233631110226,24.95483418103293
14.315051400642504,20.738833513845666,27.1667490055392
14.920905300047554,20.489599713771213,29.441315691482156
15.428933602024378,19.89505847508703,31.70828770698655
15.814660473323636,18.94547718581435,33.886754560138236
16.056066810088158,17.65433913801164,35.891555189833326
16.13572184299015,16.06015877618911,37.64164377520794
16.04272583122298,14.224695366523077,39.069073432339415
15.774111534252881,12.227403187424091,40.12681382888769
15.335415682764436,10.156947014270024,40.793686069982876
14.740284438751342,8.10144307413439,41.07534775589989
14.009176615046888,6.139409452971612,41.00128548908797
13.16741037760361,4.3330965010577405,40.61877536771885
12.24290571421645,2.725079833580153,39.98537947835786
11.263981780187892,1.3380861392355468,39.161596408871226
10.257490641934133,0.17732196807726797,38.20487434933725
9.247447755363472,-0.7657421143388876,37.16557975771408
8.25419847882038,-1.5091381256704406,36.08494515155556
7.2940686994709285,-2.0764629870476092,34.994643697335334
6.379396714916848,-2.4936569693408113,33.91748222365606
5.518828460067956,-2.786639484163657,32.868715934344536
4.717767521076811,-2.979755857661544,31.857590910400464
3.978893069472154,-3.0948922732854856,30.88884987147239
3.3026836956806473,-3.151087536714766,29.96405315657886
2.687907649202599,-3.164482226986301,29.082653977980453
2.13205781512372,-3.1484759330081844,28.242823150323332
1.6317224905200236,-3.113997281137545,27.44204933022846
1.1828913211813568,-3.0698218329497355,26.677553886776817
0.7812006374704086,-3.0228968437363832,25.946561665477834
0.422124898845599,-2.9786491380461744,25.246465199634955
0.1011218577094396,-2.941263995174762,24.57491372778731
-0.1862609907736415,-2.9139303015271083,23.92985168515548
-0.4443116650733166,-2.8990515861782065,23.30952518812518
-0.6771044481220163,-2.8984249269522113,22.71246986206388
-0.8884707862353967,-2.913390838752173,22.137489269973187
-1.0819858305639245,-2.94495763976668,21.58363010376513
-1.2609668842739945,-2.9939037610791956,21.050158049032806
-1.428480695965503,-3.0608612212943753,20.53653665872904
-1.5873571219151246,-3.1463831465236987,20.04241051308855
-1.7402071708523401,-3.2509978411179494,19.56759326749072
-1.889443852938742,-3.37525153778566,19.112060787863037
-2.037304588285139,-3.5197415907257175,18.67594936018479
-2.18587419829658,-3.6851415254541418,18.25955887300475
-2.3371077130835842,-3.872219021930198,17.86336086261762
-2.492852386669408,-4.081847578232803,17.488011345198
-2.6548684240821965,-4.315012273603936,17.134368413177377
-2.8248479947537426,-4.5728097143868345,16.803514624497836
-3.0044321378923313,-4.856441895917735,16.496784245891227
-3.195225159507163,-5.167203339348076,16.21579540806429
-3.398806078420842,-5.506460456822118,15.962487172581863
-3.6167366000240007,-5.875621655274109,15.739161373985684
-3.8505649813479708,-6.276096205781313,15.5485288564632
-4.101824998942031,-6.709239385851738,15.393759333916712
-4.372029042558937,-7.17628086105636,15.278533517177612
-4.662654135349084,-7.678232742091348,15.207095313011763
-4.975119431589509,-8.215773291833997,15.184300737059631
-5.31075347888305,-8.789101960289557,15.215658621536301
-5.670749276361976,-9.397761442238586,15.307356166440258
-6.056104951816274,-10.040423001190868,15.466259829821796
-6.467547777960963,-10.714632688289328,15.69987898054534
-6.905439338282026,-11.41651870693898,16.016276249497043
-7.369660057653881,-12.14046452463465,16.423904888197622
-7.859472192639263,-12.878758955783841,16.931350219736096
-8.37336192823913,-13.621243831198752,17.546950365433492
-8.908863671026731,-14.354992299089197,18.278272251808463
-9.462373168120859,-15.06406600343269,19.13142437286384
-10.028960840500599,-15.729416129117462,20.11020025643209
-10.602202631188458,-16.329008879293944,21.21506847100759
-11.17405232977339,-16.83826570917675,22.442057993493613
-11.734785835375396,-17.230905882526848,23.781631502587285
-12.273052612359436,-17.48025558208976,25.21768961191021
-12.776070487581242,-17.561036468120154,26.726896785668753
-13.22999436570051,-17.451564022399058,28.278549258413534
-13.620475098515982,-17.136177921165405,29.835197051757778
-13.933400649834926,-16.607611741304474,31.354167682650097
-14.155779416569334,-15.868919762387687,32.79001015234549
-14.27669012598102,-14.934554029100672,34.097696296750684
-14.28819245950731,-13.83025793454466,35.23622032909201
-14.186077296297853,-12.591621126790416,36.17208462596336
-13.97034323754335,-11.261394048132725,36.8821103854094
-13.645319302146316,-9.885922333693063,37.35510052709687
-13.219406962078454,-8.511250743703682,37.592097541151496
-12.704475575452781,-7.1795015814976715,37.60526133175606
-12.114998391243729,-5.926038874696131,37.41565616323831
-11.46704888809929,-4.777724918592746,37.05040630328224
-10.777283522768423,-3.752331515034106,36.53972106911074
-10.062019418692563,-2.85895702546818,35.914213742250595
-9.336482526644408,-2.099168980734345,35.20279119453859
-8.614263788227147,-1.4685513718186525,34.43122729345129
-7.906986688788513,-0.9583679116429561,33.621396442320744
-7.224164567582947,-0.5571261034333592,32.79105541328262
-6.573211664058038,-0.2519115206667618,31.954023213914272
-5.959566878920704,-0.02943625217331336,31.120608877594016
-5.386891012599127,0.12320001657671992,30.298160415207086
-4.857303994992615,0.21800467972250942,29.49164096310757
-4.371635996429942,0.26579567375433555,28.704170846459768
-3.9296736962893024,0.276063788880973,27.937501659971627
-3.5303894661340025,0.2569482152340934,27.192408727974414
-3.172146416371501,0.21528739912478195,26.469001697883183
-2.852876122987682,0.15671576051677044,25.76696079339635
-2.570228544052125,0.08578464370637484,25.0857099234226
-2.321695379307154,0.006092401642215986,24.424538800806374
-2.104709152190315,-0.07958639173866253,23.782685575001103
-1.9167208068855186,-0.16917882863129424,23.159390016252534
-1.7552587784739848,-0.2612021932110598,22.553925525902446
-1.6179724367918429,-0.3546648227731272,21.96561650023137
-1.502662614136507,-0.4489797839658141,21.39384600937531
-1.4073016656907784,-0.5438910744753651,20.838057438050463
-1.3300452208365832,-0.6394116018525897,20.297752682992556
-1.269237489849021,-0.7357719433061727,19.772488693436355
-1.223411709855021,-0.8333787822052596,19.261873541368164
-1.191287055453033,-0.9327818993416122,18.765562779302225
-1.1717631074354826,-1.0346486358123559,18.283256548299743
-1.1639127690639381,-1.139744816620817,17.81469770578717
-1.1669743428720365,-1.24892121406975,17.359671124978657
-1.1803433304272195,-1.363104727044674,16.918004254516422
-1.2035643906253575,-1.4832935490018646,16.48956900252342
-1.2363237863312813,-1.6105556887431751,16.074285012109364
-1.278442561770308,-1.7460302901629907,15.67212441744336
-1.329870621243006,-1.890931267240948,15.283118205462568
-1.3906818207253777,-2.046552826214143,14.90736435481544
-1.461070135022273,-2.2142764857652644,14.54503797889321
-1.5413469216884237,-2.3955792256468995,14.196403762924657
-1.6319392662357783,-2.592042391325103,13.861831055809972
-1.7333893584499511,-2.80536095300576,13.541812055546878
-1.8463548140189423,-3.037352656641613,13.236983612429775
-1.9716098159280906,-3.2899665054661096,12.948153265650582
-2.1100469025661135,-3.565289864542985,12.676330224141816
-2.2626791699948927,-3.8655532766430896,12.422762096948581
-2.4306425793527944,-4.193131801566435,12.188978264209327
-2.6151979608893496,-4.550541325868821,11.976840844065796
-2.817732176475267,-4.940427815823433,11.788604233300568
-3.0397577340441333,-5.3655468808156765,11.626984149560926
-3.2829099303275218,-5.828730253667966,11.495236935389142
-3.548940321199287,-6.3328348571631725,11.397249533638885
-3.8397049699737145,-6.880668998767376,11.337639918244346
-4.157145491618433,-7.474888922727231,11.321866737473407
-4.503260386362867,-8.117857489214087,11.356345330574955
-4.880063537767689,-8.811455242807252,11.448564897532323
-5.289526049595684,-9.556832773966683,11.607198173266726
-5.733496848168128,-10.354092414966257,11.842190187995705
-6.213596756621681,-11.201887514762248,12.164806299515622
-6.731080188996557,-12.096929677591218,12.58761147114904
-7.286658437120087,-13.033399682859418,13.124342803660943
-7.880279072132598,-14.002268007577944,13.789626184369421
-8.510857742689364,-14.990547979420116,14.598477061239876
-9.175962268822664,-15.980530686188906,15.565517653456332
-9.871455173551476,-16.949087302604816,16.703843185657576
-10.591110434973336,-17.867170985516267,18.02348508821089
-11.326233787375616,-18.699702530593758,19.529458639328197
-12.065333132594343,-19.406070739880274,21.21945563322357
-12.793904933219313,-19.941500444763154,23.081355079266537
-13.494420094351659,-20.259510201432388,25.09087202066505
-14.1466023969543,-20.31556596631228,27.20982267648515
-14.72808531526958,-20.071813927177654,29.3856038815172
-15.21549998034718,-19.502452705155022,31.55249335722915
-15.585982781547797,-18.598942676133188,33.63519821426123
-15.8189994490263,-17.373969394677733,35.55467294473234
-15.8982809255907,-15.863034775012888,37.235642537053664
-15.813585604107095,-14.122864651280135,38.61466237747072
-15.56197774518048,-12.226491468298974,39.64716470589954
-15.148366844168757,-10.255718285355439,40.31199512233753
-14.585184062590422,-8.292388475520905,40.61248775690254
-13.89124455987026,-6.4101830352189495,40.57399684512023
-13.090004390875475,-4.668427904738985,40.23867016039576
-12.20751828767111,-3.1087402702285356,39.65879974788254
-11.270417500311666,-1.7545600966073622,38.890168743432056
-10.304165392717792,-0.612987210803976,37.98649490495022
-9.331745724233507,0.3219675870977077,36.99555470735753
-8.372831828861845,1.0656093600002485,35.95707113355115
-7.443401111374189,1.6389525910136145,34.902099190387055
-6.555709439550583,2.0656948643232984,33.85348072395784
-5.718522018696587,2.369934687692197,32.82692860853668
-4.937502150168202,2.574621086418522,31.832377442393117
-4.215676567304636,2.7006248420984993,30.875346809205148
-3.5539174797491677,2.766285467520894,29.958166802231613
-2.9514017608789147,2.787291408688637,29.080996399380236
-2.4060243281360245,2.7767737979402107,28.242619754068116
-1.9147550185423652,2.7455228263549154,27.44103713012948
-1.4739365231704327,2.7022628709000602,26.67388215987807
-1.0795260189284777,2.6539446245321487,25.938701276238177
-0.7272858929145267,2.6060289541384276,25.233129233570878
-0.412930149959536,2.562748658241168,24.554989810175638
-0.13223331179673786,2.5273417819002932,23.902345074723144
0.1188917279728452,2.5022547573390646,23.27351110297684
0.34434105860007225,2.4893162900419665,22.66705326919073
0.5477872237034036,2.4898842934011496,22.081770377590917
0.7326624684650382,2.5049687773205678,21.51667392272253
0.9021541282614742,2.535333741319793,20.970966563644104
1.059209160397503,2.581581015728301,20.44402232631686
1.2065453765299265,2.644218759638166,19.935369972689585
1.346667409581828,2.723717032961718,19.4446802715891
1.4818858504148384,2.8205525511669562,18.971757474519116
1.614338323137018,2.935244424475533,18.516535059162063
1.7460115409969996,3.0683823866358204,18.079075694155215
1.878763604307051,3.220648733517094,17.65957535578027
2.014345973952566,3.3928349166933836,17.25837155818832
2.154424684057326,3.585853467606812,16.875955720555787
2.3006004495518146,3.8007456579432652,16.512989770459573
2.4544273819690745,4.038685024347207,16.170327160125055
2.617430051951786,4.300976592206812,15.849038540290815
2.7911186308222855,4.589051314555882,15.550442384467514
2.977001806222803,4.904454887934586,15.276140871669147
3.176597097345038,5.248829706752551,15.028061301783733
3.391438091793221,5.623888261321678,14.808503212281634
3.6230779861145814,6.031375764525326,14.620191157440647
3.8730886326192886,6.473019205285931,14.466332760572135
4.143054073791316,6.950459380100061,14.350681101567805
4.434557281333911,7.465161769332116,14.277599686811158
4.7491585119221895,8.018301450655507,14.252127080112185
5.088363354225682,8.610616665126743,14.28003665109568
5.453578189791662,9.242225316384621,14.367884712609385
5.84605045746582,9.912398815134566,14.523037469840446
6.266790853519128,10.61928861030709,14.753663626638007
6.7164745059224416,11.359602936416893,15.06867521272573
7.195318361981971,12.12823535813075,15.477594400859227
7.702932706408881,12.917853337945932,15.990319251326547
8.238146121052171,13.718465069455979,16.616757363606038
8.798805596700808,14.516996853408736,17.366294847993316
9.381557219863929,15.296931527989884,18.247071116056475
9.981618143564889,16.038080086237134,19.2650407485557
10.592557501949392,16.716581098396734,20.42282563166415
11.206112280662138,17.30524088233834,21.718396839555915
11.812073052539457,17.774333472111127,23.14367772758376
12.398282242386937,18.092962531999028,24.683224592040748
12.95079154745533,18.231035874418293,26.313209436620998
13.454221877064871,18.16180910219406,28.000982500015667
13.892355149514444,17.864820137223298,29.705503936540868
14.248960180080513,17.328880204821544,31.378875965698377
14.508815407784166,16.554649071471943,32.96906021717567
14.658844692578185,15.55625807489296,34.42363639649836
14.689239290711711,14.361506241297597,35.69419117793192
14.59441299021616,13.010365468557385,36.74069821302293
14.373640613152448,11.551859947573293,37.535150103773574
14.031268109556589,10.039745718642294,38.06379144075605
13.576449731608456,8.527692446271896,38.3275743412053
13.022448046331935,7.064765640799052,38.340836921880125
12.385604329200524,5.691894019496087,38.128569574528115
11.684131675183412,4.439732962301138,37.72287231317116
10.936892270794402,3.3280028848124212,37.159264034270514
10.162296835672418,2.366095983560901,36.47339771563007
9.377420115333573,1.554572930522047,35.698531342607794
8.597376164975868,0.8871260153298982,34.86388231926212
7.834953148626425,0.3526384396473916,33.99381357165368
7.100476307795839,-0.06292530650970651,33.10768989799966
6.40185110153591,-0.3749483613697175,32.2202017884887
5.74473407500639,-0.5989635435886393,31.341962782666265
5.132782939274163,-0.7498154777434818,30.48022311547381
4.56794577395001,-0.8411321405253088,29.639588255238987
4.050759163024349,-0.8850405172964185,28.82267389327153
3.580634486746849,-0.8920613832200986,28.030663166674387
3.1561195129955655,-0.8711265841860515,27.263755965416756
2.7751285341373424,-0.8296736099778569,26.521515154341255
2.435138659992626,-0.7737836948193967,25.803122496247937
2.133352778803221,-0.7083396271952765,25.1075601616021
1.866831467330345,-0.6371873720352828,24.43373379025039
1.6325970802672467,-0.5632915340999957,23.780551501502902
1.4277136373189008,-0.48887891058486604,23.1469709598629
1.2493461525947895,-0.41556725900323277,22.532024169010107
1.0948028594059434,-0.3444782901856509,21.93482740499545
0.9615634734897355,-0.27633507443929856,21.35458175947645
0.8472962746967718,-0.21154474357119643,20.790568189034637
0.7498664126911561,-0.150267744374664,20.242139742247314
0.6673374810629106,-0.09247506365436073,19.708712718656564
0.5979680702311473,-0.037994878035183886,19.189757849314166
0.5402047093334208,0.013449965001620587,18.684792123698983
0.49267234322099773,0.062212321544748476,18.193371574624887
0.4541632623036953,0.10869778549038155,17.715085131145752
0.4236252083583626,0.15334731510868987,17.249549527328544
0.4001492157528052,0.1966245142047426,16.796405187406048
0.3829576116875727,0.2390067558603501,16.355312976848854
0.371392487771674,0.2809794550256433,15.925951701048291
0.3649048653508998,0.3230329051279381,15.508016239317165
0.36304470550323326,0.3656611924319741,15.101216215556317
0.3654518587454343,0.4093627898536947,14.705275124184812
0.3718480067644801,0.45464250949918406,14.319929848355823
0.38202961667867097,0.5020145608820125,13.9449305257449
0.3958619054993683,0.5520065202725858,13.580040734711648
0.4132737969186778,0.6051640667663944,13.225037990299302
0.43425384284536683,0.6620563832777729,12.87971455556449
0.45884707702438904,0.7232821566105305,12.543878589539752
0.4871527665724291,0.789476140806675,12.217355669275248
0.5193230284790498,0.8613162728143848,11.899990740531912
0.5555622813380833,0.9395313497033793,11.591650570536892
0.5961275071789471,1.0249092925863617,11.292226797580145
0.6413293037411932,1.11830603427929,11.001639697043725
0.6915337134140912,1.220655075510798,10.719842812748539
0.7471648209095626,1.332977757835567,10.446828637459
0.8087081171073591,1.4563942996095514,10.182635568359446
0.8767146309159264,1.5921356332648993,9.927356413862023
0.9518058338480944,1.7415560658862703,9.681148788995714
1.0346793225847926,1.9061467581482505,9.444247809852676
1.1261152821373235,2.087549975390437,9.216981585319173
1.2269837250493936,2.287574003971682,8.999790108906275
1.3382524886994724,2.508208539238038,8.793248277207049
1.4609959508774475,2.7516402292690425,8.598093906329959
1.5964043903310927,3.020267888754909,8.41526178481531
1.7457938697720807,3.3167166636414667,8.245924990725634
1.9106164483849561,3.643850108235,8.091544908762252
2.092470431896219,4.004778704649107,7.953931602724842
2.2931102311539524,4.402862774522658,7.835316414240186
2.514455212505962,4.841706960710153,7.738438843532737
2.7585966691366988,5.325142438469082,7.66664987719709
3.0278017019646177,5.857191688922403,7.6240338896500495
3.3245123473151916,6.442008963907029,7.615550948020594
3.6513376976927243,7.083787424739284,7.6472006274019035
4.01103599985115,7.786621300889939,7.726207049759819
4.406482749487861,8.55430829064888,7.861222447309982
4.840619609693684,9.39007391973475,8.062542642096108
5.3163775557147686,10.296195979487818,8.342321800996649
5.836566027570787,11.27350409950939,8.714764898306077
6.40371816636933,12.32072809942118,9.196263641855234
7.019880660015681,13.433670905938513,9.805424427401928
7.686335772515018,14.604190464125239,10.562914870135613
8.40324351858696,15.818994455010147,11.491029446515508
9.169194810220713,17.05828726413513,12.612847833056442
9.980673347607123,18.294366637670457,13.950838554566717
10.831437072441638,19.490352593763486,15.52475817079872
11.711851269088575,20.599342891925424,17.348732197115297
12.608236333979422,21.564415255800014,19.42750445025802
13.502333148856046,22.320003625147255,21.752033356394545
14.371032905853587,22.79520327624879,24.294910045226164
15.186554474232608,22.919421405278925,27.006448474935365
15.917261434158544,22.630397532710454,29.812659176751055
16.529267879750932,21.883936989699738,32.6164890465138
16.988865884644337,20.66382819473391,35.30346228700502
17.265616619361737,18.989638686070837,37.752021704186575
17.335716562351976,16.919844510448286,39.84750028308368
17.18505634172594,14.548431335384631,41.49715781817296
16.81132804167659,11.99474730164445,42.64278365087151
16.224673178023664,9.388470345387766,43.26761627047219
15.446683631652617,6.853166824784929,43.395870470986374
14.507965381388178,4.4922756077300585,43.08539371018778
13.444799530230785,2.3803042734307645,42.4158948178118
12.295572920760883,0.5601547495889125,41.47601139164616
11.097580476751256,-0.9542944389844521,40.35206793603933
9.884590472988608,-2.1722699904291902,39.1201883063255
8.68531561026386,-3.118929061737312,37.842127335693185
7.5227308398611665,-3.8285428441938993,36.5642533665195
6.414060824837682,-4.338961763337189,35.318692353944314
5.371221890884501,-4.687668235233749,34.12563605726942
4.401520087777685,-4.909313911013722,32.996033300541896
3.5084504443822375,-5.034440779928142,31.934161105156363
2.692491593823887,-5.089040366953072,30.939815501002318
1.9518328634716315,-5.0946444045108015,30.010034301188814
1.2830032197126728,-5.068711766265849,29.140367193767858
0.6813931045372167,-5.025149303757256,28.325758661881178
0.1416731655481459,-4.974864531167461,27.561125237125715
-0.3418793949857853,-4.926292246584338,26.841705625680497
-0.7751334682543095,-4.885866672762468,26.1632506611241
-1.1639220522888816,-4.858428867991575,25.522105980188734
-1.5139130230930882,-4.847569407552463,24.915226975233818
-1.8305216339406924,-4.855911467783634,24.340154298824324
-2.1188554257883236,-4.88534149593088,23.79496931012054
-2.38368385775033,-4.937194984559862,23.278242191211746
-2.629426406239463,-5.0124043425522835,22.78898066017563
-2.860154103945684,-5.111614964413877,22.326583865268763
-3.079600500428527,-5.235274615974347,21.89080379517188
-3.2911788459421953,-5.383700309205473,21.48171507876153
-3.498002955519906,-5.5571259849610515,21.099693133746488
-3.702909727230409,-5.755733572225412,20.745400073014668
-3.908481690037221,-5.979669339744153,20.419777453620313
-4.117068262603974,-6.2290468886779555,20.124044755064563
-4.33080463132497,-6.5039376421759805,19.859702326881553
-4.551627317966281,-6.804349263220329,19.62853739603925
-4.781285617073566,-7.130192076304224,19.432631531717885
-5.02134815247911,-7.481233290468979,19.274367698198066
-5.273203842761846,-7.857038639923569,19.15643466360531
-5.538056590530044,-8.256901004558962,19.08182605893516
-5.816913035345415,-8.679755690140796,19.05383079402943
-6.110562753841214,-9.124082395368522,19.07601084534535
-6.419550376460682,-9.587794543350144,19.15216166627825
-6.744139246996559,-10.068117693136548,19.286249697570028
-7.084266513234862,-10.56146026202928,19.48232077967569
-7.439489944074827,-11.06328186074046,19.74437285486714
-7.808927362791816,-11.567967216141483,20.076186427952376
-8.191190407562175,-12.068716903889248,20.48110714009463
-8.584315407796074,-12.557469787000894,20.961776877212234
-8.985695502525259,-13.02487582352998,21.51981349387489
-9.392019686480749,-13.460341186108522,22.155444858865554
-9.799226146824461,-13.852169554546832,22.867110733258468
-10.202478857136517,-14.187822839641067,23.65105585389199
-10.596177629405396,-14.454320127293313,24.500948842454967
-10.974012290440964,-14.638784012827983,25.407572765779804
-11.32907087622652,-14.729127915558088,26.35864204589289
-11.654009261302908,-14.714856641273936,27.338803919180894
-11.941285126704221,-14.587927219225708,28.329877447707617
-12.183452581554176,-14.343591680668954,29.31136646070031
-12.373505514584254,-13.981123603134137,30.26125381404561
-12.505248852925941,-13.504322464220198,31.157045061175594
-12.573668867701835,-12.921699833934982,31.976985752465023
-12.575268308605486,-12.246281813757223,32.70133704685871
-12.508331163301305,-11.495010536837382,33.31356935730203
-12.373086255928662,-10.68778599983876,33.801331841351285
-12.17174864896405,-9.846245813838557,34.157080213132446
-11.908431540337329,-8.992421554309146,34.378293181981476
-11.588936647036583,-8.147426421745061,34.467268840534736
-11.220445077986861,-7.330316594416052,34.43055284047049
-10.811140881266631,-6.557232187982113,34.278097086031394
-10.369804243278933,-5.840873169718808,34.02227234084276
-9.905410462068735,-5.1903131848562145,33.676858553874126
-9.426765257085503,-4.611110723334152,33.256116994207694
-8.942198430483371,-4.105648857078923,32.77401640049055
-8.459328295599624,-3.6736234398508065,32.243650094005226
-7.98490030792514,-3.312602707110902,31.676849545012313
-7.524696095962151,-3.0185939587271906,31.083976500974764
-7.083504102977004,-2.78657037257277,30.47386181017061
-6.665140308261045,-2.610928774985313,29.85385361065411
-6.2725066509993646,-2.4858646204309336,29.22993849532028
-5.90767532708904,-2.4056621847707174,28.60690418569748
-5.571988551034537,-2.364905844675108,27.988519007494123
-5.266165226987453,-2.3586227761857033,27.377710478219868
-4.990407922493552,-2.382369241472756,26.776731611876404
-4.744505367303554,-2.432272668305773,26.187308644996296
-4.527927286496152,-2.5050406757775803,25.610767679879007
-4.339909673248027,-2.5979466072614947,25.048140330359328
-4.179529610842848,-2.7087993709862004,24.500250053731083
-4.045769492636461,-2.8359036892569156,23.967781699078937
-3.9375710023655346,-2.9780153407258676,23.451337120614514
-3.8538795483661055,-3.1342946947067665,22.951479680599352
-3.793680034525339,-3.3042607859469553,22.46877024254092
-3.756024933466042,-3.4877473416359024,22.003796933175796
-3.7400556326839194,-3.6848615178644386,21.557200598579964
-3.745017975112903,-3.8959455955660554,21.129697536113046
-3.7702728293690293,-4.121541493132418,20.722100770717628
-3.81530241453951,-4.362357645111517,20.33534086850851
-3.8797129788667957,-4.61923754885352,19.9704870404762
-3.9632342970626295,-4.89312907336834,19.628769076255704
-4.065716311027796,-5.185053441030608,19.311600449970957
-4.187123095541187,-5.496072621339898,19.020602741968638
-4.327524185002966,-5.8272537092555705,18.757631304290577
-4.487083149981034,-6.17962869602343,18.524801844342953
-4.6660431635005395,-6.554147881042929,18.324517288629135
-4.864709147706025,-6.951625029728909,18.159493892885703
-5.083425944022002,-7.372672274706883,18.032785061404635
-5.322551808803962,-7.817622718910522,17.947800701768998
-5.582426409683259,-8.286438778383365,17.90831914975834
-5.863332398168819,-8.778604569265129,17.918487739044537
-6.165449580869433,-9.29300119096621,17.982806964115
-6.488800732535436,-9.827764705353085,18.106091923862067
-6.833188226586477,-10.380128103743267,18.293403414448722
-7.198120951618808,-10.94625074920148,18.54993980835501
-7.582731495144331,-11.521041835827912,18.880879950945936
-7.98568437599334,-12.097988431349133,19.291167085671876
-8.405077262505008,-12.66900367155903,19.785224781410097
-8.83833867973254,-13.224316467889349,20.366598611369405
-9.282127704749023,-13.75243017621925,21.037522638565285
-9.732243526455715,-14.240183125464318,21.798418280215106
-10.18355534857188,-14.672947256093709,22.647345283433374
-10.629965633942383,-15.035000371331435,23.579440200116924
-11.06442163318645,-15.310100297559803,24.58639576369718
-11.478990834432782,-15.482273327203226,25.6560524185277
-11.865014610984428,-15.53680332394513,26.772186812192032
-12.213350147760172,-15.461372443092671,27.914585867686306
-12.51470317594797,-15.2472632853959,29.05948328160478
-12.760043195308244,-14.890492880783968,30.180403581900784
-12.941079647043916,-14.3927217547694,31.249406715766984
-13.050763870843262,-13.761777963945491,32.238659049913544
-13.083770451511285,-13.011665040767724,33.12218695574866
-13.036905845800892,-12.161985720708152,33.87761406260061
-12.909394490490687,-11.236801464724516,34.48766025719138
-12.703003869520357,-10.263042779680088,34.941200902626534
-12.4219889936331,-9.268663834367503,35.233748314782495
-12.072860000611215,-8.280776221340679,35.36731093962653
-11.663999396692303,-7.323990462085397,35.349686176940516
-11.205173185106748,-6.41914348638286,35.193325920199456
-10.706989560628411,-5.582511523747787,34.913961713478685
-10.180359033418478,-4.8255222322813704,34.52918280751032
-9.636002063606673,-4.154907331247667,34.05713113929927
-9.084037346288032,-3.5731899735236246,33.51542606822887
-8.53366908269641,-3.0793828071503646,32.920374332665176
-7.992977771956981,-2.6697787412234337,32.286470005343034
-7.468808144930248,-2.338738372513029,31.626152656158606
-6.966740628117817,-2.079406815453807,30.949771423470146
-6.491129066297234,-1.8843211117724297,30.26569622709007
-6.04518668674396,-1.7458930591735684,29.58052092911625
-5.631103573555778,-1.65676939109236,28.899312561424498
-5.2501813804370165,-1.610081847386921,28.22587221086931
-4.902973948835632,-1.5996049300703277,27.562984324082322
-4.589425427825021,-1.6198405329747536,26.912640690159737
-4.30900011978064,-1.666047592051485,26.276232652227133
-4.060800462704358,-1.7342325642695082,25.654710207293686
-3.8436712730086113,-1.8211137129913888,25.048709890069293
-3.656289642457407,-1.9240693606014452,24.458655121558532
-3.4972407723004975,-2.041077738008005,23.884833454875153
-3.3650806092869154,-2.1706539300201357,23.327455226328336
-3.258386492698515,-2.311787702875714,22.786697797136576
-3.1757971905539937,-2.4638846703509154,22.26273904972216
-3.1160437474032094,-2.6267122500608564,21.755783215638125
-3.077972525364826,-2.800351118677013,21.26608154147684
-3.0605617241718357,-2.9851523347428297,20.79394978903231
-3.0629325367377827,-3.181699909397941,20.33978413562395
-3.084355949390515,-3.3907783262780775,19.904076692748937
-3.124256040640959,-3.6133443079674903,19.487431589408473
-3.1822104755220755,-3.8505019703691383,19.0905823586136
-3.2579487376219722,-4.103480376475632,18.71441120723222
-3.3513484892675693,-4.373612379834315,18.35997062487253
-3.462430301622907,-4.662313521454245,18.02850768066009
-3.591350849325598,-4.971059600767521,17.721491250536154
-3.738394516475791,-5.301361372940792,17.44064229370078
-3.9039632096268635,-5.6547346256809625,17.18796713441613
-4.088564016103421,-6.032663656842894,16.965793480646916
-4.29279418000589,-6.43655591317559,16.776808595662374
-4.51732269207124,-6.867685271906733,16.624098599258026
-4.762867603289827,-7.327121173648139,16.51118727264605
-5.030167978856731,-7.815640587116877,16.442071931520378
-5.319949216183884,-8.333619666639352,16.42125286946348
-5.632880272504579,-8.880902047205641,16.4537515166276
-5.969521207729289,-9.456641144653489,16.545110778846286
-6.330259383233694,-10.059114775563565,16.70136902452869
-6.715232720492336,-10.685512122489389,16.928996934717265
-7.12423868863714,-11.331695836123057,17.23478408750234
-7.556628253577915,-11.991946207977485,17.625660022463368
-8.011185001435123,-12.658700166161832,18.10843314322759
-8.485991178022914,-13.322305529137697,18.689430951454316
-8.978284592018415,-13.970820415465772,19.37402784552523
-9.48431330148103,-14.589898379392762,20.16605340644268
-9.999198736633133,-15.162810387911136,21.06708617884631
-10.516822229871421,-15.670662808654585,22.075656629456923
-11.029754386479853,-16.092872601010033,23.186408557015287
-11.529250546226207,-16.4079523696744,24.389299345085536
-12.005337579517914,-16.594634103882473,25.668952030362092
-12.447015941175382,-16.633317870990048,27.00429880404627
-12.842594719901621,-16.507770684157222,28.36866575889612
-13.180165238699521,-16.20692763372417,29.73043063929967
-13.448200521529962,-15.726576386747393,31.05432978942556
-13.636245320798706,-15.070658420099775,32.303396050993165
-13.735638153890308,-14.251918975666143,33.44138751820001
-13.740188407468635,-13.29169921535084,34.435443703415416
-13.646723980124476,-12.21878860964547,35.258616373221095
-13.455432558562666,-11.067421318709469,35.891900867103764
-13.16994331017917,-9.874666182657315,36.32545760227042
-12.797131747646663,-8.677578660417707,36.558853410894876
-12.346671027675695,-7.51051932625639,36.6003325212528
-11.830388618193469,-6.40298855004625,36.46529750058102
-11.261510237844213,-5.378201602870735,36.17429656186393
-10.653879354510995,-4.452473305860626,35.750851849059984
-10.021231222988993,-3.635339873004686,35.219427108715344
-9.376580100627006,-2.9302485674826,34.603746751196105
-8.731753200506123,-2.335604231752706,33.92557390902127
-8.097080921886207,-1.8459689903589112,33.203960610644216
-7.481233858806586,-1.4532506718482392,32.454915225147175
-6.891184699399377,-1.1477681515336922,31.69139545034477
-6.332267199352946,-0.919133167347706,30.923525125596477
-5.808303628599124,-0.7569295738284663,30.1589417040012
-5.321774734142355,-0.6511994308549081,29.403199589455227
-4.8740107245535595,-0.5927615453300382,28.66017579520167
-4.465386819801708,-0.5733947685813563,27.932444061330113
-4.095511709250552,-0.5859186287297755,27.221599476573
-3.7634013815158043,-0.6242004973725133,26.528527196656185
-3.467634068663989,-0.6831134980430112,25.85361639923408
-3.2064844941551933,-0.7584640828000985,25.196924953646956
-2.9780373313711013,-0.8469033695149492,24.55830229121129
-2.780280905440043,-0.9458322713816443,23.937478425169765
-2.6111828446500236,-1.053307233156533,23.334126610928866
-2.4687497322159895,-1.1679509506726122,22.747906206163503
-2.351072925067586,-1.2888706680443238,22.178491186267962
-2.2563626711938576,-1.4155853850194173,21.625588676594617
-2.18297252819526,-1.5479624404720613,21.088950878679597
-2.1294159038277454,-1.686163362741724,20.56838293726745
-2.0943763325254725,-1.830598510971252,20.06374862793203
-2.076712888743652,-1.9818898110032321,19.574975231444927
-2.075461930215232,-2.1408407680192183,19.1020585812804
-2.08983616875852,-2.3084128815487,18.64506900209109
-2.119221886610648,-2.485707571413936,18.20415867741142
-2.1631749535455507,-2.673952726755225,17.77957087429812
-2.221416153786695,-2.8744930000866673,17.371651394120615
-2.2938262003257375,-3.0887829728832408,16.98086259822043
-2.3804406952708543,-3.3183823088150977,16.607800363094317
-2.48144518521532,-3.5649519766991338,16.25321434230811
-2.5971703567739506,-3.8302505591311524,15.918031942593744
-2.7280873153634118,-4.116129556065788,15.603386450480597
-2.874802785541058,-4.424526436392476,15.3106497630582
-3.0380539588576796,-4.757453975419758,15.041470169147482
-3.2187025898701656,-5.11698413253091,14.797815578165018
-3.417727796951923,-5.505224362051942,14.582022480101296
-3.6362168558297157,-5.924283804529325,14.396850709768687
-3.8753530744246674,-6.376226272693357,14.24554373938088
-4.136399602302161,-6.863006332739544,14.131893679554794
-4.4206777532616295,-7.386384108914017,14.060309357809945
-4.729538105148789,-7.947813754574212,14.035884675819581
-5.064322292732119,-8.548299921766398,14.064462815699857
-5.426313043341317,-9.188216167670937,14.152689654506274
-5.816669652440269,-9.867079285741156,14.308046841854356
-6.236345812169793,-10.583274377661454,14.538851318251487
-6.6859865778068786,-11.333727562435936,14.85420360530483
-7.165801416690178,-12.11352717857967,15.263862152882908
-7.675410917794406,-12.915500944850331,15.778015837344505
-8.213666095231872,-13.729766645777403,16.406922269117764
-8.778441598959576,-14.543288236913359,17.160377417546552
-9.366407882344145,-15.339488116080496,18.04698452011113
-9.97279276181302,-16.09798898749577,19.07320047151672
-10.591149969621041,-16.7945828126759,20.242159629731756
-11.21316102370586,-17.401544738165153,21.552311776051162
-11.828506187353305,-17.88841829694155,22.995964610403856
-12.424848760399504,-18.223383204898724,24.557889251798308
-12.987981693755957,-18.375266142587687,26.21422023219544
-13.502182920790341,-18.316158695202493,27.93194051608797
-13.950812015812533,-18.024466034769997,29.66925934418865
-14.3171531529379,-17.488043944666288,31.377135282553084
-14.585468274650513,-16.70693181321231,33.00204721832999
-14.742175244401649,-15.695114070538992,34.489876826970125
-14.777019425100539,-14.48079986406388,35.79048148914243
-14.684078118722052,-13.104927872752944,36.862289167708276
-14.462439108193944,-11.617950371865144,37.67613257495362
-14.116433463972736,-10.075336291384065,38.21762644996281
-13.655373342460807,-8.53253197571948,38.4876773361244
-13.0928305718725,-7.040225992709047,38.501118378938365
-12.44556834198031,-5.640646616142572,38.283851865866644
-11.73228626410993,-4.36532965614705,37.86913837322648
-10.97234894323798,-3.2344398286360185,37.29373343398311
-10.184643314324926,-2.2574245998913254,36.594458075219855
-9.386663079165771,-1.4345974080191817,35.80557087930854
-8.593865409710528,-0.759201227914908,34.95707244227153
-7.819298639718743,-0.21956224492760001,34.073882917164106
-7.073467148875125,0.1989432476447321,33.17571858903612
-6.364382495123876,0.5122633856724305,32.27745169067123
-5.69774559880914,0.7364395000133036,31.389748928759705
-5.0772092706510605,0.8867521363705353,30.519824312020297
-4.504679475373494,0.977188867851949,29.672190970389714
-3.980624235029393,1.0201641125080785,28.849342084482007
-3.5043689682269274,1.0264223971202242,28.05232685546437
-3.074365313413261,1.0050659002767672,27.28121235525317
-2.6884267889642066,0.9636594396542492,26.53543738769927
-2.3439291116457928,0.9083782162958289,25.814072437150845
-2.0379759342247423,0.8441740656380481,25.116002708333777
-1.7675325298079887,0.7749441967196784,24.440051111706534
-1.5295308756184764,0.7036925042856614,23.785056251779007
-1.3209499440806758,0.6326778455091164,23.14991798983832
-1.138875000772455,0.5635465832617781,22.533620561123644
-0.9805394850246703,0.49744858228286604,21.93524084756097
-0.8433527108296613,0.43513700770750097,21.353947383662874
-0.7249162393176369,0.377052948804151,20.78899404195615
-0.6230313805808703,0.3233962415421981,20.239711083665064
-0.5356999063585751,0.2741840077521567,19.705495321023964
-0.46111970921184076,0.22929844432877403,19.185800461185092
-0.3976768344117835,0.18852533470164887,18.68012823130532
-0.34393503956440735,0.15158465009279823,18.188020569675842
-0.29862380313880604,0.11815448133304163,17.7090529668298
-0.26062550422511965,0.08788940684042076,17.242828920166556
-0.22896232894567226,0.060434267342791045,16.788975400308477
-0.20278332058304593,0.035434188351749614,16.347139198294318
-0.18135187723224716,0.01254157042818007,15.916984016264454
-0.1640339093053595,-0.008579343334474788,15.498188171080018
-0.15028679640030707,-0.028249812655632606,15.090442794006492
-0.1396492260359528,-0.04677543648180529,14.693450426098892
-0.13173195298467005,-0.06444613593162979,14.306923925757777
-0.1262094851234792,-0.08153700608750844,13.930585620678196
-0.12281267788441977,-0.09830981622794424,13.564166650401807
-0.1213222027945193,-0.11501498669752842,13.20740645767489
-0.12156284478875584,-0.13189391148595603,12.860052396852055
-0.12339857671954256,-0.1491815296819356,12.521859435856609
-0.1267283567440691,-0.167109077199889,12.192589934972416
-0.13148259419973235,-0.1859069734109071,11.872013491279118
-0.13762023149078095,-0.20580781634084838,11.55990684212747
-0.14512639285642515,-0.2270494756486275,11.25605382494017
-0.15401055523914434,-0.24987828530926787,10.960245394049188
-0.16430520148715205,-0.2745523483643388,10.672279698454954
-0.1760649215540318,-0.30134497475784255,10.391962227511163
-0.18936593301558174,-0.33054828056976365,10.119106034787194
-0.20430599797738175,-0.36247698324942185,9.853532053921839
-0.22100471920834489,-0.39747243303467633,9.595069524348459
-0.23960420405123928,-0.43590692586493374,9.343556549550069
-0.2602700903022938,-0.47818834794923276,9.098840816227893
-0.2831929338085676,-0.5247652068800511,8.860780509711562
-0.30858996300604896,-0.5761321088842836,8.629245469428188
-0.3367072110220333,-0.6328357465176122,8.404118638672625
-0.3678220413012001,-0.6954814658193531,8.185297875758641
-0.4022460879890718,-0.7647404865605647,7.9726982094624255
-0.4403286375091935,-0.8413578535541774,7.766254641207791
-0.48246048286946236,-0.9261612007447836,7.565925620558262
-0.5290782871632934,-1.0200704124851978,7.371697350339225
-0.580669497379116,-1.124108267340275,7.183589114409707
-0.6377778538148424,-1.239412147931992,7.0016598663088985
-0.7010095438340754,-1.3672468943282485,6.8260163726088985
-0.7710400509857516,-1.509018866277469,6.656823273070141
-0.848621751041191,-1.666291258404866,6.494315503283562
-0.9345923044290091,-1.8408006784316886,6.338813627485669
-1.0298838886643251,-2.0344749461930363,6.190742753156835
-1.1355333029875858,-2.2494519933385577,6.050655848705139
-1.2526929582055244,-2.4880996300105784,5.919262464992543
-1.3826427344230434,-2.7530357817613096,5.797464074445137
-1.5268026435209157,-3.0471485688865974,5.686397490868496
-1.6867461657949205,-3.3736152762013276,5.587488119666903
-1.864214032885421,-3.7359188107213788,5.5025151087868
-2.0611280908938903,-4.137859623812461,5.4336908152221355
-2.2796046835935195,-4.583560226064485,5.383757348450036
-2.5219667263521095,-5.077458274836743,5.356103259842024
-2.790753271387547,-5.624282676248657,5.35490364520395
-3.0887248618777448,-6.229005108771317,5.385286899676076
-3.41886229607685,-6.89675672632916,5.453530925432252
-3.784355525102006,-7.632696419406083,5.567290458654282
-4.18857823599909,-8.441812820709773,5.735854928826414
-4.6350421718803725,-9.328637246684375,5.970432277429204
-5.127323373074615,-10.296839171635488,6.284447592355134
-5.668950284061553,-11.348670208027327,6.693835132887572
-6.263241136422127,-12.48421811966889,7.2172869478261585
-6.913075412428151,-13.700431351621567,7.876399338672531
-7.620581995446388,-14.9898806775862,8.69562869491643
-8.386725702111343,-16.339243672163295,9.701930671328343
-9.21077573159909,-17.72753806021872,10.92391391144536
-10.089646383455424,-19.124201847345475,12.390299322431346
-11.017115231595433,-20.487231646590757,14.127454561517824
-11.982950391022344,-21.761750462918343,16.155799145875562
-12.972019758249143,-22.879571423638353,18.484989763523142
-13.963511831143059,-23.7605127990991,21.10804625916456
-14.930464605499257,-24.316313582523872,23.99500128151924
-15.839860347331006,-24.45785840764575,27.087231477829743
-16.653570296817392,-24.105886169990377,30.29422612056537
-17.330383833696015,-23.204339102462622,33.49489027904892
-17.82919313584763,-21.734134800745064,36.54517192450613
-18.11311876630199,-19.723880522479398,39.29252540788772
-18.15400776593533,-17.253654167626614,41.59554414741486
-17.936440539995044,-14.449131435936454,43.344719046321245
-17.460306789002875,-11.46606954296308,44.47891663212483
-16.741257745883964,-8.46848116385522,44.99286268184082
-15.80886878301075,-5.606123387714887,44.93368963061052
-14.70295367007251,-2.996951371420394,44.388219487787175
-13.468907360082891,-0.7179977091335177,43.46533849935055
-12.153061338618096,1.1949866346521005,42.2784565579979
-10.798830795289682,2.7413087022257265,40.93178035418573
-9.44406414341348,3.9457599487715744,39.51200902819758
-8.119643658789359,4.848617669198799,38.08518159129275
-6.849139101087344,5.497120840173553,36.69733696683817
-5.649208331740193,5.939225167523977,35.37738990589115
-4.530438555632431,6.219644822416296,34.14088001779023
-3.4983800173299553,6.377767727391355,32.9936936068685
-2.554599946481658,6.446905125311007,31.935276772360453
-1.697653888307979,6.454380495440738,30.961163886476825
-0.923924296406674,6.422076306640842,30.064829429372395
-0.2283114042316141,6.367178156416266,29.238960300864754
0.3952179493347652,6.302956434595844,28.476274062235355
0.9532075111881707,6.239498355338357,27.770003894482155
1.452395009212431,6.1843506544091795,27.114152009832775
1.8994819207788374,6.1430614882085655,26.503590551191262
2.3009716502876048,6.119625202335373,25.934067951308876
2.6630607506687047,6.116840558919357,25.40216134142447
2.991570513257168,6.13659519478617,24.905202229533852
3.2919087132823406,6.180088782369773,24.441192875007268
3.569053409546289,6.248005943978963,24.008723879327377
3.827552436168867,6.340648190194995,23.606898798538555
4.071533621309246,6.458032403596598,23.235268464711613
4.304721871745966,6.599961840331917,22.893775707253642
4.530460125538978,6.766074327074891,22.5827099314617
4.751731845843348,6.955871285317923,22.302670278607295
4.971183248487479,7.168730392098935,22.0545356714814
5.191143858271724,7.403904055624455,21.839439810968734
5.413644302086823,7.660505420425921,21.658749044329664
5.640430494170958,7.937483302993877,21.514040917344765
5.872973570054515,8.233587288085408,21.407081117136144
6.1124750987976935,8.547324189649046,21.33979639631099
6.3598672646739836,8.87690720717629,21.314240944733328
6.615807875685658,9.220199401418192,21.332553561279884
6.880670243259538,9.574653586867361,21.396902909295694
7.154528200941529,9.937251402084646,21.509418168441076
7.437136804726286,10.304445171498225,21.67210259261907
7.727909596336354,10.67210719181871,21.886727936361243
8.025893721234073,11.035492208707993,22.154708521343732
8.329744675528406,11.389219995789986,22.476954985534952
8.637702998356334,11.727285952060752,22.853709582201198
8.94757580006834,12.043108273158579,23.284367328712747
9.256726571261144,12.329620240422642,23.767290326492187
9.562077177762871,12.579415176552091,24.299626048649355
9.86012621071427,12.784949301121404,24.877144028068397
10.14698780666295,12.938803813589063,25.49410869527555
10.418454549671068,13.034001933290341,26.143208444274155
10.670086999364026,13.064369516491597,26.815561542319532
10.89733068442732,13.024919821324653,27.500817428592608
11.095659071298169,12.912235018515624,28.187366628047698
11.260738190661492,12.724810563812747,28.862663723388216
11.388605545661127,12.46332518233696,29.51365602195291
11.475853032871244,12.130800467006551,30.12729697075141
11.519801365183788,11.732620906644968,30.691110020458265
11.51865238472551,11.27639750226358,31.193758000396752
11.471606078036741,10.771674744030983,31.625567572999515
11.3789312224308,10.229499181823208,31.978959720345255
11.241982274484853,9.661884966327822,32.24874593651579
11.06315992447322,9.08122438771205,32.43226476139603
10.845818009345587,8.499697213001138,32.52935199349037
10.594124421375533,7.928730566034591,32.542157033287076
10.312887551459092,7.378551905377098,32.47483400851774
10.00736215915797,6.857863444969407,32.333147102290624
9.683049163416808,6.373650027024199,32.12403366639107
9.345502810074372,5.9311169172127665,31.85516652253768
9.000156357009072,5.533741534772415,31.534549758472032
8.652174327890265,5.183415032217843,31.17017236379996
8.306336045314747,4.8806461249707285,30.769733328248456
7.96695201192941,4.624800028196134,30.340442060649476
7.637812078668703,4.414348686703426,29.888890278797447
7.32216238759531,4.2471134481293396,29.420986321163085
7.022706835324924,4.120486824594727,28.94194006882352
6.7416282064133615,4.03162518750389,28.45628592902516
6.480624051978557,3.9776086372249124,27.967932057857986
6.24095269339692,3.9555676612914734,27.48022561981975
6.023485275175229,3.9627785302168164,26.99602591234942
5.828760456705882,3.9967307991116816,26.517779263994147
5.657039028641948,4.055170968634534,26.047591513542233
5.508356402960798,4.136126505578187,25.587295470884428
5.3825715176773645,4.237914208993638,25.138512006588645
5.27941119813367,4.3591364771210435,24.702704327746236
5.198509421246737,4.4986684924320794,24.28122561415401
5.139441240603284,4.655638772472295,23.87536056546142
5.101751357750847,4.829404981296626,23.48636160160094
5.084977479910762,5.019526387846293,23.11548051488345
5.088668698761716,5.225733906902696,22.76399633283117
5.11239917056552,5.447898269259737,22.43324004655859
5.155777385291196,5.6859965391712235,22.12461671145409
5.2184512907847145,5.940076925324045,21.83962524823559
5.30010949539082,6.210221612771585,21.579876069905215
5.400478715637347,6.496507175074298,21.34710643564748
5.519317570742164,6.79896200860831,21.143193184990324
5.656406758501777,7.117520168496883,20.97016223156295
5.811535583299343,7.451970986192162,20.830193892432305
5.9844847527408085,7.801903925764582,20.72562279490565
6.175005321949971,8.166648308322886,20.658930740384786
6.3827936523747,8.54520782604993,20.632730523490814
6.607462275385821,8.93619020816548,20.649738323309748
6.848506622267278,9.337733022477485,20.71273193515106
7.105267715576186,9.747427428634367,20.824491846752178
7.376891127814459,10.162242765646768,20.987722055853276
7.662282817501677,10.578456162086338,21.204947675313328
7.960062863491912,10.991592876697071,21.478386901685855
8.26851864342503,11.396384735260783,21.80979597779358
8.585559638463906,11.78675568289674,22.20028750992082
8.908676773578335,12.155844887986651,22.650125036561253
9.234909975417299,12.496078682770934,23.158500158269227
9.5608283708667,12.799302478205417,23.723302780208016
9.882528143881073,13.056982154492637,24.340899859892968
10.19565336386987,13.260480819609487,25.005943013151988
10.495444915350117,13.401410890739834,25.711229642936352
10.776821809169993,13.472053125663395,26.447644875866246
11.034497484952706,13.465823927600264,27.20421131028064
11.263131149188055,13.377761010784019,27.968269241780703
11.457510799379923,13.20498706057164,28.725800870744358
11.612760615005474,12.947103594887803,29.461898022593637
11.724561310406886,12.606465220568685,30.161355250207926
11.789368478189656,12.188289805553463,30.80935120025768
11.8046116211442,11.700573525703653,31.392164179384412
11.768856124968101,11.153800344037764,31.89785668446243
11.681912268350109,10.560460405306547,32.316861405405675
11.54487951305203,9.934416768268084,32.64240942180936
11.360120315200897,9.290180031334316,32.87075928362374
11.13116469247373,8.642161673970222,33.00121037039075
10.862553676731649,8.00397717657673,33.03591072024117
10.559635495373719,7.38785952930073,32.97949336152106
10.228332031407486,6.804225248911546,32.83859194412014
9.874894411961439,6.261412612629551,32.62129393412512
9.505665539895533,5.765589884712213,32.33658781272247
9.126864481044699,5.320813431629548,31.99385149732138
8.74440355394771,4.929203878024532,31.60241555162655
8.363744495119775,4.591203305820015,31.171219817102582
7.989795844339334,4.305877087058988,30.70856847287325
7.6268501692898365,4.071228643751877,30.22197786481694
7.278557163914636,3.884502411623951,29.71810439779493
6.947927050704747,3.742457926205406,29.20273621942601
6.637357993157301,3.641605063491788,28.680831700593608
6.348681200442367,3.5783963569894444,28.15658898944147
6.083217875349113,3.5493767057353125,27.633533347823004
5.841842924127556,3.5512937151232626,27.11461188249336
5.625051251569268,3.5811735834487597,26.60228816418442
5.433023386661789,3.636368145833435,26.098631784058135
5.265688043702113,3.71457870064555,25.605399983859293
5.122779975098637,3.813861821501042,25.12411008052052
5.003892095241164,3.9326216963213096,24.656102524822664
4.9085213475672855,4.069592774518784,24.202595159397248
4.836108158103145,4.223815736932389,23.764729657829452
4.786069582950229,4.394609085701532,23.343611314373373
4.757826431296087,4.581538010680991,22.940343381897492
4.750824746327758,4.784381634902695,22.556057078699357
4.764552069298982,5.003099272518359,22.191938242734167
4.798548910300662,5.237795941212286,21.84925143149809
4.852415814187119,5.488687047529826,21.52936206332694
4.925816350756807,5.756061898302833,21.233756978668218
5.018476282078363,6.040245476506444,20.96406356893979
5.130179072861521,6.341557750539398,20.722067372233266
5.260757817195982,6.660269661089781,20.50972776261874
5.410083561648213,6.996554853262778,20.329191054809915
5.578049915614423,7.350436203098002,20.182799999998977
5.764553760723988,7.72172624329825,20.07309825498337
5.969471809079456,8.109960746842669,20.002827962468213
6.1926327243087425,8.514325011284853,19.97491808987926
6.433784521491766,8.933572841183588,19.992460652560215
6.692557016796295,9.365938898266768,20.05867142668032
6.968419223219884,9.809046028766033,20.176831292168963
7.260631806337456,10.259810431383897,20.350204020971095
7.5681950464998415,10.714349128880238,20.581926261726426
7.889793224221825,11.16789614996585,20.874865829929675
8.223736971740871,11.614736057975227,21.23144539275413
8.567905923288576,12.0481658336205,21.6534304664326
8.919694937202905,12.460498366020344,22.141683545418342
9.275968211567784,12.843122515728584,22.695890326929362
9.633026685564232,13.186635312544409,23.314269421384527
9.986595071323661,13.481060631089967,23.993283456036703
10.331835497030983,13.716164886833768,24.7273765498443
10.663394810184199,13.88187325802179,25.508769791829977
10.975491811736147,13.968779353284653,26.32735116510062
11.262048810302286,13.968727438674879,27.170697545739056
11.51686873863754,13.875430559256516,28.024262130574023
11.733854684430144,13.685072453089724,28.87174949961953
11.907263345251378,13.396829309536535,29.695682141283662
12.031978230300648,13.01324283369506,30.47813795361651
12.103783295251471,12.540381905829157,31.20161122989869
12.119614168042268,11.987747891654724,31.849924893040388
12.077763195699829,11.367907265898104,32.409104968480015
11.978016865878573,10.695870560647332,32.86812442388412
11.821709793374042,9.988272231065611,33.21943508316615
11.611687765419935,9.262434466808102,33.4592323013975
11.352182034357046,8.535413101944924,33.58743276752959
11.048606502286058,7.823122494573059,33.60738397454493
10.70729707078505,7.139619443817638,33.525356873696296
10.335217067766852,6.496598347783099,33.34989500481505
9.939653827112242,5.9031174072731725,33.091101133441484
9.52792941709128,5.365545357086159,32.75993680903976
9.107143987739077,4.887694956125536,32.36759472336295
8.68396432524485,4.4710957734730075,31.924983076490644
8.26446405843307,4.115354651304512,31.442340020664265
7.854016439741362,3.8185557632396683,30.928978167048047
7.457236276254262,3.5776606946112155,30.393146038445945
7.0779646379247305,3.3888797007283715,29.841985672176133
6.719288374315099,3.247996039797102,29.28156268871653
6.383586009878366,3.1506345882563056,28.71694584390551
6.072591964800644,3.0924731326802934,28.152316043815325
5.7874719625909785,3.069399674804205,27.591088845758097
5.528903676334016,3.077622028651589,27.036038713217582
5.297157933341027,3.1137373484643027,26.48941717064054
5.092177007012761,3.174769455968506,25.95306022276164
4.9136475947697695,3.2581813417038292,25.428482870591946
4.761066974536566,3.361869320406952,24.916960308947832
4.6338015419611756,3.4841442572906165,24.419596533182343
4.531137467341519,3.6237042029466515,23.937381745284867
4.452323596017256,3.7796017689192567,23.471240259164254
4.396606973485894,3.9512086878106594,23.022070672365018
4.363261531400541,4.13817924519255,22.590779984775313
4.351610545391841,4.340413641607516,22.178313169232595
4.361043489613895,4.558021827923456,21.785679479023578
4.39102788186453,4.791287938603575,21.413976540965677
4.441116649605054,5.0406351069277,21.064413044777
4.510951460848054,5.306590167293695,20.73833060470006
4.600262361960206,5.589747518713717,20.437225135608717
4.708863952372751,5.8907312303904344,20.16276784577234
4.836648208157945,6.210154308978262,19.916825691174466
4.983573945849891,6.548573916967327,19.701480848476088
5.149652798063899,6.906441237666655,19.519048430692287
5.334931457196893,7.284044636739995,19.372091276515096
5.539469837764489,7.681444794021553,19.26343017743729
5.7633147187207046,8.098400603563249,19.196147356625936
6.006468364239468,8.534284907592136,19.17358037738005
6.26885159852056,8.987989597307246,19.19930294698459
6.550260845501087,9.457820348953426,19.277088323510036
6.85031876156122,9.94138234602543,19.41085028731412
7.168418317623642,10.435459849266152,19.604556004775
7.503660560465025,10.93589448606268,19.862104740806537
7.854786838004573,11.437469677250743,20.187166483863773
8.220107043829367,11.93381167223132,20.582975415039225
8.597426445708983,12.417321079428614,21.05207512308722
8.98397491191242,12.879152246667406,21.59601590867982
9.376343798797162,13.30926082893046,22.21500976382716
9.77043731490888,13.696541580742883,22.907555836445205
10.161446652612582,14.029077775262007,23.67005826849168
10.543856306333469,14.294519471579926,24.49646860462053
10.911492413094896,14.480598977445025,25.37799520546316
11.25762222993078,14.575777568951263,26.302930194810113
11.575111583735575,14.569998035981339,27.256647687814052
11.856642990660722,14.455494557767551,28.221822399755137
12.094991107756373,14.227588171629316,29.178902755852015
12.283344625564018,13.885377715404742,30.106846426861722
12.415655519874043,13.432228476753735,30.98409056395995
12.48698911629812,12.875969058273006,31.789688914988343
12.49384332413879,12.228733701021909,32.50451138181926
12.43440421336405,11.506430654792473,33.11237761158226
12.30870882511547,10.727870286715094,33.60099271203514
12.11869473461206,9.913638730125625,33.962573716248265
11.868128289470869,9.084842170966766,34.19409746691403
11.562417515440085,8.261864105273633,34.29715565494216
11.208328838000558,7.463269443261311,34.277458715205846
10.813636650005199,6.704958266910655,34.144075131349425
10.38673982646739,5.9996269012511,33.90851809265251
9.936279165027038,5.356545693627518,33.58379478073213
9.470785140526482,4.781621464016872,33.183517883869
8.998377788450961,4.27768443183615,32.721151043626705
8.52653172701319,3.8449265779124917,32.209427767349105
8.06191086485423,3.481419136696012,31.659953668039822
7.610270330990235,3.1836472560146802,31.082979037667013
7.176418163288839,2.9470152192422105,30.48731436078545
6.7642263720165134,2.7662920182756756,29.880354945467477
6.376679889146555,2.635981743208678,29.268180647515138
6.015952183395445,2.5506147749474426,28.655700526217334
5.683497490699236,2.504963753323501,28.04681819047519
5.380151258237837,2.494193062151444,27.444600031792827
5.106232200997441,2.513952784294122,26.85143449438861
4.8616411011033325,2.5604284781625415,26.269175478447156
4.645953011501265,2.630357384272468,25.69926673993331
4.458500797531527,2.7210203165375844,25.142846793456634
4.298448951603855,2.83021690328354,24.600835514643475
4.164857366070988,2.9562302569421246,24.074004587786387
4.056735281031134,3.0977857033897553,23.563034360156365
3.9730859758294463,3.2540069527927478,23.068559723775408
3.912942983265618,3.4243720576229784,22.591207488047054
3.875398707654549,3.6086706673438527,22.13162743417187
3.8596263502201835,3.8069634270579393,21.690518923810796
3.864896010515179,4.019543848453182,21.268654612990794
3.8905857581608885,4.246902575293702,20.866902521156728
3.9361883682322394,4.489693644912643,20.486247433892004
4.001314295420666,4.748702088019332,20.127812375787073
4.085691333112028,5.024811992189012,19.792880670301518
4.18916126788583,5.318973964454988,19.48291889486549
4.311673700218209,5.6321707545313275,19.199600827359042
4.453277059832739,5.965379635930023,18.944832247483525
4.614106700156625,6.319529986280694,18.720776184266214
4.794369811735486,6.695454365376805,18.529877868005524
4.994326750980264,7.093831272537744,18.37488822890527
5.214268241491732,7.515117696533699,18.25888426249396
5.454487776085839,7.959469587230696,18.185283932131593
5.715248437759955,8.426648530162025,18.15785248480491
5.996743281378282,8.915913264891676,18.18069611192968
6.299048395488907,9.425895348974882,18.258237805308873
6.6220678241564395,9.954459347837778,18.39516908502783
6.965469710111498,10.498549561871336,18.596370105169143
7.328613370846519,11.05402762701989,18.8667896390676
7.71046759515442,11.615508468116715,19.21127586576879
8.109521310171651,12.176206109748207,19.63434909424075
8.523688975223406,12.727805698622696,20.139909064526478
8.950214646322502,13.260383494137178,20.730872852085785
9.38558061925045,13.762401953298745,21.408745308302514
9.825428821153858,14.220811366020433,22.17313293411152
10.26450549103628,14.621291301385165,23.02122431839392
10.696641832529973,14.948662488179748,23.947275351070243
11.114784735580345,15.187490566365359,24.942153910487043
11.511091694741475,15.322885620116006,25.993013883937248
11.877101975448033,15.341474861742535,27.083178098170876
12.203991255825814,15.232491694926344,28.192308955765373
12.482909083285612,14.988887010709911,29.296929390153405
12.705387817053204,14.608335523162921,30.37132220313486
12.863799397257036,14.09399107984159,31.388784009853318
12.951824292710956,13.45484993191733,32.32314760942235
12.964887979355257,12.705616021249567,33.1504260324889
12.900516987046005,11.866026322983844,33.85038853399734
12.758570842466781,10.959676989616893,34.40786783699241
12.541318470077517,10.012474617425399,34.813626604509786
12.253346136175178,9.050900784557163,35.06467622919455
11.901305415791024,8.100305600272101,35.1640283719448
11.493529635685636,7.183430901510911,35.11994822415284
11.039561872528857,6.31931169992838,34.94484741398222
10.549644413920884,5.522630957241943,34.6539900369963
10.034218205645722,4.803526944151578,34.264184305955666
9.503472676228533,4.1677908263356365,33.79260156762228
8.966974089714451,3.617354233767703,33.255816664549016
8.433387140356976,3.150953937662272,32.66911248415137
7.9102922925417865,2.7648687447971447,32.046047656973414
7.40409191133554,2.4536446369004827,31.398255515045523
6.919992099859959,2.2107502361276623,30.73542573745668
6.46204418544085,2.029129834627715,30.065415509167014
6.033229354055522,1.9016418911914426,29.394440899586407
5.6355712332538985,1.821385692283147,28.727307791940703
5.2702635165805445,1.7819279832610424,28.06765200653461
4.93780240497263,1.7774458314008235,27.41816818475085
4.638116292835922,1.8028030981027001,26.78081539197767
4.370687497784436,1.8535769076682476,26.156993828127426
4.134662805286435,1.9260483896406804,25.547691538181386
3.928951145897354,2.0171694365178414,24.953602872115372
3.7523078715312717,2.1245146955805687,24.375222023880234
3.6034059039343385,2.246225740584752,23.812915648525987
3.4808945577820216,2.380952447404851,23.266978628168573
3.383447155240025,2.5277950441827133,22.737676775065186
3.3097987034401686,2.686249091868203,22.225279799363065
3.2587749465112967,2.8561547254172948,21.730087347914576
3.229314065278373,3.037650794276756,21.25245041149398
3.220482207532244,3.2311340309965635,20.792789940474023
3.2314839096271815,3.437223003260206,20.35161412061329
3.2616683299726175,3.6567263291637664,19.929535443561537
3.310532066057146,3.8906144271062706,19.52728845463059
3.3777191747719586,4.139993905136091,19.145748861875397
3.463018864127728,4.406083549969779,18.785954531426544
3.566361174144038,4.69019073714836,18.449128758620972
3.687810815448126,4.99368693831583,18.136706075939532
3.827559184655947,5.317980839921865,17.850360718865403
3.9859144240119737,5.664487403595929,17.592037699370753
4.163289236899977,6.034590989858003,17.363986210928815
4.36018600880184,6.429600436961774,17.168794782272524
4.577178613982951,6.850693746358506,17.00942717890035
4.814890112121529,7.29884979722736,16.889257486532877
5.07396535944118,7.774764331756067,16.812102060839358
5.355037382939349,8.27874737847851,16.782245053414133
5.65868620737214,8.810599399155464,16.804452990408276
5.98538870461556,9.369463877288197,16.883972366929925
6.335457987198403,9.953654977849862,17.026502436925558
6.708970940213108,10.56046050879607,17.238133388281735
7.1056827441543255,11.185922957599303,17.525238047288997
7.5249277705810504,11.82460513461603,17.894303436966386
7.965507135951184,12.4693521806675,18.351687381918513
8.425564590613508,13.111068534229375,18.9032855968862
8.902454408372801,13.738536811697145,19.554097255201754
9.392607600344324,14.33831491554734,20.307683060927356
9.891406095103932,14.89475688098753,21.165520574174984
10.393078347047114,15.390209960362219,22.126277964917797
10.89063377198156,15.80544219983515,23.1850497589942
11.375856781380289,16.120347432993388,24.33262530272677
11.839382984226956,16.31495415878043,25.554889184134193
12.270879070424103,16.37072823115757,26.83247648669993
12.659342646499995,16.27210669618956,28.14081565709036
12.993527861045859,16.008136604773608,29.450677897180846
13.262486911560396,15.574029864055818,30.729306201467747
13.45619778322813,14.972400752327108,31.94211758739904
13.566227907945978,14.213946372880146,33.05486734299633
13.586366447718522,13.31737708670089,34.036055041291085
13.513149742033706,12.308506027101716,34.859268306543825
13.34620917622806,11.21854808715625,35.50513147444324
13.088389571446154,10.081826290440944,35.96256995348643
12.745616537834877,8.93319690405704,36.229213270970945
12.326526875794025,7.8055512096678505,36.310913451197635
11.841909062897912,6.727719291547594,36.220509239118265
11.304023913543682,5.723002540869876,35.97608059426678
10.725884478982264,4.808428839458199,35.59898731838041
10.120569048740649,3.994695168586483,35.11196852551948
9.500625098274215,3.286666241283225,34.537513085824386
8.87760044328769,2.684248425331467,33.896621848701734
8.261715951000216,2.183453586406357,33.20799580867266
7.66167580854797,1.777494989306789,32.48761747611121
7.084598548098035,1.4578011214874507,31.748652262759443
6.536045043820251,1.2148794331060024,31.001581034816674
6.020117636662725,1.0390014960528207,30.254477796111445
5.53960599178584,0.9207099223205901,29.513360186215294
5.096158800647837,0.8511652484736074,28.78255858459013
4.690464809158107,0.8223597195771087,28.065067555773837
4.322431047247836,0.8272270968513881,27.36285861690201
3.991350058259642,0.8596757715625725,26.677144890654493
3.696051152046517,0.9145685782247651,26.008596163481077
3.435033188466416,0.9876681306920774,25.35750775987979
3.206578198185047,1.0755620783904332,24.723929205522094
3.008846374358005,1.1755788130584797,24.107759598543865
2.8399537433380466,1.2857009972239997,23.508816534164247
2.6980342586065094,1.4044818268500852,22.92688478189312
2.5812882560043793,1.5309670980742123,22.361750009318026
2.4880192366946585,1.6646248105255081,21.813221882533604
2.4166608652880353,1.8052830965493702,21.281149967944167
2.3657959266756916,1.9530766193782434,20.765435072658015
2.334168806290933,2.1084011540655236,20.26603801256223
2.320692865162545,2.271875790289432,19.782987287381072
2.324453886542017,2.4443120281918205,19.316386757383754
2.3447105832601656,2.626688941296811,18.866424138369958
2.380892978795885,2.820133527230949,18.43338094034551
2.432599312208574,3.0259053368964994,18.01764435214051
2.499591967627081,3.2453844499281965,17.61972150234457
2.5817927915979584,3.4800618357374646,17.240256491716806
2.679278033987907,3.73153109420202,16.880050580836503
2.7922730272700576,4.001480498210272,16.540085917443356
2.9211466012540503,4.291684152522185,16.221553189066995
3.0664051114831663,4.603990930754949,15.925883575564445
3.228685835008874,4.940309646020495,15.654785338142974
3.4087493520864087,5.302588642767466,15.41028529753662
3.6074703812972126,5.692787661218939,15.194775299751036
3.8258263634751692,6.112839418229006,15.011063511036498
4.06488289179416,6.5645978723035805,14.862429982511479
4.325774857808322,7.049769609420424,14.752685325293848
4.6096819247834215,7.569824230878377,14.686230471957202
4.917796653119079,8.125879102291004,14.668114289246349
5.2512832977033215,8.718553431584878,14.704084159805818
5.611224994095918,9.347786538046838,14.80062247532312
5.998556786038719,10.012615586077363,14.964959204496761
6.41398178045943,10.710909317242647,15.205047289557415
6.857867738578524,11.439056869330235,15.529483658414655
7.330121753416459,12.191615185988038,15.947354369269267
7.830041501879784,12.960925445313295,16.46797837281695
8.356143117754021,13.736719011565388,17.100521549187796
8.90596826908225,14.5057470781474,17.853452578370046
9.475876797093253,15.251485319639691,18.733817007823973
10.060836468281936,15.953984363738915,19.746318348940815
10.654227996844762,16.589955915450226,20.89221814718607
11.247691135360414,17.13319780864196,22.168103083908072
11.831045358040571,17.55546144893081,23.564616525757796
12.39232476748271,17.827842415647787,25.065310612761564
12.91796883483974,17.92271998602334,26.645832708654023
13.393205379642554,17.816178981136986,28.273699111825437
13.802646928085505,17.490722711653852,29.90890582577495
14.131094789602603,16.937949630622278,31.505557746075212
14.364508340284054,16.160756336660214,33.014551928989206
14.491055735268082,15.174593772396719,34.38713975318096
14.502126352832958,14.007383026576779,35.57896060830878
14.393166523142913,12.697903668594924,36.55395630129026
14.164208341388477,11.292765680918139,37.287514160684694
13.81999976303057,9.842385358196207,37.76829122560947
13.36970631068064,8.396607357298803,37.99842805150017
12.826225583122202,7.000674704085204,37.992195200337584
12.205216837406585,5.692129932219279,37.7734240208401
11.523984136738546,4.498982617137019,37.372265513155696
10.800356581518379,3.439189922667067,36.82185689609675
10.051686553871685,2.5212546195232264,36.15537389663833
9.294047261729501,1.7456024312223155,35.40376644515746
8.541666723987657,1.1063660538750404,34.59428335568924
7.806596891946103,0.5932514409888306,33.749737404473734
7.098589507309032,0.1932536980750864,32.88836817370789
6.425135719069896,-0.10791054686047069,32.02412435442918
5.791622506516131,-0.3247033874208791,31.16719452272017
5.201562300745675,-0.4709888050194405,30.32464684959086
4.656859542392809,-0.5595354569343212,29.50107790675514
4.158086630698225,-0.601742090916665,28.699208293637138
3.704750088861346,-0.6075281129205572,27.920393071616818
3.2955348856360263,-0.5853386295459414,27.16503656158012
2.928520396578284,-0.542223019381208,26.4329147228659
2.601365504170455,-0.48395606089140364,25.72341578975337
2.3114630473359616,-0.41517945781736687,25.035712940732918
2.0560655190749,-0.33954872537423747,24.368883111234226
1.8323848473302802,-0.2598758058608375,23.721984844534944
1.6376695082538162,-0.17826168884474397,23.094106144807807
1.4692622917625644,-0.09621601946176703,22.484391178951952
1.3246418982344232,-0.014762484093935907,21.892052671244105
1.2014512846272156,0.06547008251259258,21.31637509423256
1.0975153602495704,0.14417022349052766,20.756712331206483
1.0108502968833197,0.22127898052910697,20.21248236471576
0.9396663895962105,0.29693637952151986,19.68316069827118
0.8823660976291079,0.3714379922033338,19.168273599537596
0.8375386165972096,0.4452003073742576,18.667391816814522
0.8039520869408365,0.5187337172334738,18.180125124185775
0.7805443294099748,0.5926220239926747,17.706117858564635
0.7664128150498909,0.6675074849935706,17.245045495015653
0.760804422430993,0.7440805317042065,16.796612242751735
0.763105406022058,0.8230734131296416,16.36054961629086
0.7728318937461807,0.9052571234610294,15.936615932276577
0.7896211459843839,0.991441074782231,15.524596693978854
0.8132237398103472,1.0824750669151753,15.124305846891643
0.8434967884277708,1.1792531872165952,14.735587916647834
0.8803982642154459,1.2827193429334738,14.358321072753764
0.9239824622464577,1.3938741873705547,13.99242119759763
0.9743966176155392,1.5137832484344667,13.637847079801256
1.0318786725326794,1.6435861037802468,13.294606894820777
1.09675617620753,1.784506470199315,12.962766184715475
1.169446290431645,1.937863085008288,12.642457604427431
1.2504568648662464,2.105081252348289,12.333892765153731
1.3403885367196384,2.2877049049568416,12.037376577926036
1.4399377979751544,2.487408988486158,11.753324583761549
1.5499009575910945,2.7060119057303837,11.482283851894447
1.6711789037490452,2.9454876552712217,11.2249581352893
1.8047825393529222,3.2079771538199515,10.982238092557951
1.9518387189250883,3.4957980318036217,10.7552375155789
2.113596452190527,3.81145192187,10.545336637907276
2.2914330531272915,4.157627900135148,10.354233731618333
2.4868597956805347,4.537200265550093,10.184006314276823
2.7015264793939293,4.953218223990337,10.037183358377982
2.9372240984195126,5.408884246034005,9.916829883861679
3.195884531840343,5.907516853068884,9.826645160879895
3.479575815741515,6.452492318006777,9.77107536712819
3.7904910999474692,7.047158215172316,9.755440804987032
4.130928816411824,7.694709911358857,9.786076510165342
4.503260876178152,8.398018994333631,9.870483032126872
4.9098848601384715,9.159400407045943,10.017481017337692
5.353155185741222,9.98030295746277,10.23735857948653
5.8352871605923795,10.86090639295446,10.541993833545456
6.358226774086627,11.799608192081095,10.944925934638038
6.923478218978269,12.792385942896292,11.461336154869002
7.531880799230417,13.832028574542878,12.10788598260679
8.183327577811221,14.90724442182654,12.90234276935092
8.876420593169719,16.001679369940057,13.86290735726872
9.608062727408676,17.092917496448845,15.007146990397262
10.3729955450814,18.151591946323126,16.350438497496686
11.163306832010012,19.14080410502047,17.903852926652426
11.967951864693934,20.01612639961589,19.671478369559082
12.772358055300302,20.726528848964456,21.647297320423295
13.558210512895124,21.216587578059453,23.81191545020858
14.303539506282643,21.430257130019296,26.1296666406842
14.983238745520062,21.316267844025298,28.546845686385495
15.57012161621801,20.834819917413416,30.99195230996677
16.036558014204815,19.964726205311027,33.37874335450807
16.356623364333206,18.709643423504012,35.61247579470801
16.50854824852061,17.101755034807834,37.59897082351742
16.477119479212405,15.20146968227183,39.25520265013247
16.255605354247425,13.092483529871984,40.5193555070563
15.846807687960707,10.87276168799011,41.35808816801204
15.262995409980851,8.643191009775094,41.7693101461476
14.52471193767679,6.496332898826767,41.779966247151584
13.658692742411231,4.507561141113063,41.439677696145125
12.695297245613007,2.730001310420122,40.812053192812954
11.66590271930979,1.1935152653943957,39.965741797753296
10.600633563666646,-0.09301983400599845,38.96689397144785
9.526654988643296,-1.13740884882631,37.87393528464463
8.467104841089597,-1.9591077894236715,36.734795159759585
7.440614981893985,-2.5844570803834412,35.58620235041045
6.4613023590857495,-3.042755180174124,34.45442076389562
5.539086288392003,-3.3633785530960045,33.35679418151782
4.680197945126898,-3.5739016572615587,32.303593916389545
3.887774598026552,-3.6990400797972107,31.299829532684235
3.1624622269556992,-3.7602009885202783,30.34683374461484
2.5029784354445965,-3.7754403869711664,29.443545119588144
1.9066097863561242,-3.7596660017529677,28.58748391295923
1.3696333681977495,-3.7249686561723085,27.775454941402394
0.8876624324131397,-3.6810038060283112,27.004027101650774
0.45592168552699913,-3.635374999173565,26.26984103235212
0.06946059647641217,-3.593992341217101,25.569791157336148
-0.27668603455597623,-3.5613930963900997,24.90112023517421
-0.5873812172588706,-3.5410201888426753,24.261456040654426
-0.8673043847157188,-3.535459283096558,23.648812150762193
-1.1208982725705332,-3.5466376328802545,23.061568479661002
-1.3523379326636946,-3.5759889368569873,22.498442267701353
-1.5655167661986922,-3.6245886551792696,21.958456541614716
-1.7640453701131675,-3.693264016365065,21.44091041372589
-1.9512597753073275,-3.782682513287683,20.945353754559
-2.1302363178826935,-3.8934221799425055,20.471567554562416
-2.303810933794403,-4.026026423332873,20.019550518918678
-2.474601115474446,-4.181045686565319,19.589511980987403
-2.645029128401563,-4.359067749035026,19.181870972083797
-2.817345367555645,-4.560738026030119,18.7972611706156
-2.9936509479026,-4.786770807063609,18.436541414309612
-3.1759187775495037,-5.03795196195849,18.100811451864768
-3.3660124634836412,-5.315133238401863,17.79143260097079
-3.565702453031394,-5.619217867743122,17.510052939911013
-3.776678823477301,-5.951136782869469,17.258636563822954
-4.000560101140464,-6.311814332319415,17.039496257464236
-4.2388974229167,-6.702121953346763,16.85532864463257
-4.4931732516746425,-7.1228178570310625,16.70925043661492
-4.764793727219766,-7.574470407165946,16.604833779894555
-5.055073584874163,-8.057362586360199,16.546137854867478
-5.365212416709481,-8.57137480787012,16.53773276032767
-5.696260905724772,-9.115843454361055,16.584710297694407
-6.049075560347422,-9.689393052080566,16.692674528602662
-6.424260458616992,-10.289741118099741,16.86770294356236
-6.822094638605428,-10.913476699347928,17.116266841900536
-7.242444124839233,-11.555816749133387,17.4450972898535
-7.684658262333286,-12.210349068443065,17.860981164561682
-8.147451161812345,-12.868776836415591,18.37047089926431
-8.628770771511194,-13.520687869167393,18.979492482908427
-9.125660497657787,-14.153381450459575,19.692840182681383
-9.634121457545044,-14.751796079372033,20.513554710533196
-10.148987310180917,-15.29859115362794,21.442195502289014
-10.663827917046529,-15.774441763134542,22.476038349497106
-11.170902299773987,-16.158604606032664,23.60825664321032
-11.661184584547735,-16.429799997031722,24.827175794179993
-12.124487593094392,-16.56742567909157,26.115720971360908
-12.54970595727691,-16.553070331826596,27.45119986872717
-12.92519267783161,-16.37223032496319,28.805563902689897
-13.239269104818343,-16.016061091777416,30.146262014196708
-13.480848842845866,-15.482930755843128,31.437734163661265
-13.640133371891583,-14.779510070998498,32.64348910356749
-13.709315497929447,-13.92115053303887,33.728588923341434
-13.683211734544306,-12.93138333074221,34.662250108073245
-13.559741855089108,-11.84050906369147,35.42020264140528
-13.340186469209534,-10.683413910028747,35.986453952798016
-13.029180976653304,-9.496898917982943,36.354192464450946
-12.634441588854067,-8.31690152244868,36.525718339697775
-12.166257986601364,-7.1759952275845835,36.51146615192186
-11.636818680356724,-6.1014754730480565,36.32833700661114
-11.059452664098457,-5.1142045707175905,35.997648129623265
-10.447872187485073,-4.228238108906362,35.54302148313915
-9.815488568783996,-3.4511287578792373,34.98848008827899
-9.174851149159267,-2.784725167432617,34.35692849177512
-8.537234881972575,-2.226258611192144,33.66909306827955
-7.912379817397005,-1.769528010719523,32.94291267401777
-7.308369030516757,-1.4060375238958285,32.19331301523841
-6.731621379137906,-1.1259927606367526,31.432270479109793
-6.186971291331898,-0.9191093222423654,30.669067468148754
-5.677808127707239,-0.7752240851576173,29.9106530307264
-5.206250870968903,-0.6847237568072135,29.16204172494326
-4.773338492873845,-0.6388181407138559,28.42670415515559
-4.379221248663852,-0.6296900666306142,27.706920833490333
-4.02334267059414,-0.6505530386533351,27.00408530872709
-3.7046058320772715,-0.6956438125643313,26.31895260930639
-3.421520427301041,-0.760172110854115,25.651835465172265
-3.1723293976444444,-0.8402446309699023,25.002754312353034
-2.955115347798321,-0.9327759908723213,24.371548579976416
-2.767887967134941,-1.0353955245281796,23.757956932670684
-2.6086542373060992,-1.1463559156719578,23.161673548478525
-2.475473479192636,-1.2644474594437136,22.58238654765501
-2.366499362797665,-1.3889201441010717,22.019803608773326
-2.2800109424240596,-1.5194146197169047,21.47366876940628
-2.21443463776684,-1.6559023519560792,20.943773490159053
-2.1683588956365,-1.798634751280709,20.42996429581858
-2.1405430616767833,-1.9481007464864324,19.932148699404067
-2.129921782922522,-2.1049920795787567,19.45030065139318
-2.135606060505093,-2.270175494416073,18.9844664173724
-2.1568818830583014,-2.444670943066782,18.534771550754783
-2.1932071981681664,-2.629634918307004,18.101429471896566
-2.244207822189108,-2.8263480206691565,17.684752072182878
-2.309672747078092,-3.0362058703618566,17.285162715526777
-2.3895491746875304,-3.2607124671508103,16.90321199696843
-2.48393749154513,-3.501475075344794,16.539596627505443
-2.5930862872710105,-3.760199657534705,16.195181836080433
-2.717387413669588,-4.038685791040902,15.871027704321461
-2.8573709749528544,-4.338819866320266,15.56841986697957
-3.013700027822045,-4.662565177741497,15.288905008858045
-3.187164648139749,-5.011947264853367,15.034331551737862
-3.378674883154017,-5.389032537629319,14.806895831511682
-3.589251948902809,-5.7958978148344515,14.609193888296872
-3.820016845725803,-6.234587917015501,14.444278692899669
-4.07217534541436,-6.70705788833329,14.315722161615948
-4.346998047464125,-7.215095791078353,14.227680603265373
-4.645793907975267,-7.760221361013583,14.184961216461879
-4.969875316842902,-8.343555201744174,14.193085814157754
-5.320512449314643,-8.965652753036661,14.258345987208273
-5.698874272416333,-9.626297183588969,14.3878413191971
-6.105953290834977,-10.324245922240145,14.589488943807753
-6.542470944915016,-11.05692716542819,14.871988670857629
-7.008760638623768,-11.820085938520709,15.244723207720977
-7.504625840102955,-12.60738484169876,15.717568014588776
-8.02917178106222,-13.409973267628715,16.300580776041215
-8.580611258996136,-14.21605138765696,17.00353761484272
-9.156048230000689,-15.010472005358187,17.83528399561151
-9.751247567647193,-15.774444146381185,18.802875541206387
-10.360405739307812,-16.485425241626572,19.91050114800288
-10.975945124574459,-17.117309987219436,21.15821136709972
-11.588363679826447,-17.64103650609975,22.540521410673378
-12.186180291767032,-18.025724288712823,24.045019560464002
-12.756022161675824,-18.240421667911665,25.651181552655967
-13.282900694018311,-18.256462880481504,27.329654688427127
-13.750712935394235,-18.050313052636223,29.042308006207907
-14.142983550914092,-17.606625474200495,30.743317546826717
-14.443826873419347,-16.921081550881482,32.381443613224974
-14.639063120500275,-16.002481365632846,33.9034544057559
-14.717376092267624,-14.873559530668537,35.25838605449722
-14.671364540456924,-13.57015589209498,36.40207005366905
-14.498329724590574,-12.138666076987406,37.3011959587393
-14.200666442108364,-10.632065143360574,37.93618821410682
-13.785783038888374,-9.105126462190817,38.3023857780622
-13.265554873311363,-7.609635108471437,38.4093703993185
-12.655394640982943,-6.190360128676317,38.2786816810086
-11.973080795718372,-4.8823235609529565,37.94045981094981
-11.237508732403635,-3.7095748538417013,37.42968780254998
-10.467517127000832,-2.6853596525072945,36.78265398157438
-9.680903196611366,-1.8133485022664604,36.03407523190223
-8.893690274100297,-1.089498019509184,35.215093313725845
-8.119662858288882,-0.5041388808963363,34.35215224377904
-7.370147343674137,-0.04397809234160155,33.466625263053004
-6.653994358920699,0.3061794827917338,32.574993529354906
-5.977709943131201,0.562077977346537,31.68937146640321
-5.345684133425177,0.7390336651793936,30.818203188685477
-4.760472847355071,0.8512936431602793,29.966999535310137
-4.22309875363839,0.9116668103392086,29.13903108707754
-3.7333467380835916,0.9313596361329874,28.335930994156335
-3.290038238910456,0.9199554942257488,27.558189662581064
-2.8912755984618563,0.8854873214667398,26.80554171535054
-2.534652618775267,0.8345652659542706,26.077256039442528
-2.2174309463663686,0.7725317716451007,25.37234440588371
-1.9366840764564945,0.7036253646325241,24.689705132565912
-1.6894119899144218,0.6311411306437411,24.028217121445394
-1.4726300028349018,0.5575807346682055,23.386797443000823
-1.2834355433867366,0.48478819402035944,22.76443316357339
-1.119056438713896,0.41406984440246797,22.160195721226412
-0.9768840120295379,0.3462983530814115,21.57324405636632
-0.8544939340858142,0.2820014846561932,21.00282096999672
-0.7496573935660767,0.22143679848007358,20.44824581633344
-0.6603447779000221,0.16465368393548163,19.908905600476086
-0.5847237068347279,0.1115442104621511,19.384245793006055
-0.5211529446653006,0.06188424372442084,18.873761636222206
-0.4681734368886394,0.015366197132763486,18.37699035002769
-0.42449747350569256,-0.028375325231411848,17.893504405476637
-0.38899677267995597,-0.06974386590699244,17.42290588516959
-0.3606901023410715,-0.10916643483909574,16.96482186438946
-0.33873091047650694,-0.14708294597147162,16.518900704273676
-0.32239531398439913,-0.18393902429796227,16.084809133241052
-0.31107069780237506,-0.22018155130124412,15.662229994606859
-0.3042450974715684,-0.2562564196859819,15.250860549500645
-0.3014974764594926,-0.2926080605435665,14.85041124003889
-0.30248896183101204,-0.3296803876488933,14.46060483519826
-0.30695506588349664,-0.36791887493002556,14.081175899249045
-0.31469889508988524,-0.4077735449488128,13.711870539063575
-0.32558532933113793,-0.44970269930581364,13.352446401796666
-0.3395361424101625,-0.49417726712696636,13.002672908388103
-0.35652602791827004,-0.5416856861075874,12.662331721326478
-0.37657949157766313,-0.592739262858987,12.331217457537374
-0.39976857129970017,-0.6478779863417586,12.009138669597206
-0.42621134862947824,-0.707676790709868,11.695919131262684
-0.4560712193793746,-0.7727522825573484,11.391399477128918
-0.48955689658632884,-0.8437699628562828,11.095439261723696
-0.5269231250471391,-0.9214519861581432,10.807919521215817
-0.5684720932455769,-1.0065855090901148,10.528745941953625
-0.6145555351792644,-1.1000316868052211,10.25785276516154
-0.6655775211348954,-1.202735379591349,9.995207587354846
-0.7219979425497411,-1.3157356317631683,9.74081725260711
-0.7843367013972639,-1.4401769803276008,9.494735077145805
-0.853178618629519,-1.5773216403138308,9.257069700518874
-0.9291790785603621,-1.728562595038097,9.027995922681239
-1.0130704259617311,-1.8954375900306832,8.807767964967967
-1.1056691290947094,-2.0796439848647115,8.596735687456937
-1.2078837135774492,-2.283054352181282,8.395364408243765
-1.3207234570896742,-2.5077326203181824,8.204259104219524
-1.4453078109619868,-2.755950425033108,8.024193930322948
-1.5828764783576097,-3.03020315337416,7.856148176390614
-1.734800025525051,-3.333224910883804,7.70134998745769
-1.902590826458632,-3.6680012984838744,7.561329401480774
-2.0879140342446645,-4.037778416979903,7.437982499684433
-2.292598123851669,-4.446065885967406,7.333648702502085
-2.5186443474154316,-4.896630820867237,7.251203448724583
-2.768234166557691,-5.393478596912137,7.19416861717777
-3.0437333547916907,-5.9408147720407625,7.1668430089401705
-3.3476909694539825,-6.542980665184088,7.174454879254014
-3.6828307448830895,-7.204352718405201,7.223337703753811
-4.052031621348822,-7.9291928585905005,7.321128807102336
-4.4582930624411965,-8.721433621899337,7.476987779735958
-4.904679500279769,-9.584377935570066,7.7018272185644605
-5.394236678631684,-10.520289509513667,8.008541539179603
-5.929870882055066,-11.529846490703942,8.412209547554705
-6.514180175755233,-12.611429689890082,8.930232168558382
-7.149225116535015,-13.76021950587126,9.582347368188739
-7.836225446160504,-14.967086070590677,10.390439601384305
-8.575169905091741,-16.217280017465438,11.378032169316134
-9.364329824911051,-17.488972938563894,12.569321478801779
-10.199675415786125,-18.75176387313079,13.987590731247948
-11.074208950464515,-19.965365982532205,15.652842117832622
-11.977253688685428,-21.078814023048444,17.578534426588238
-12.893772781928718,-22.03067168026595,19.767437134870487
-13.803837238928583,-22.75082691525138,22.206841640818944
-14.682409752266361,-23.16446978291353,24.863715125178754
-15.499647330102366,-23.198650727806125,27.680803387332084
-16.22192704498298,-22.791324379727154,30.57506453914901
-16.813737875048716,-21.90197654306276,33.43993151809622
-17.240436768936775,-20.521959728415613,36.15250266193841
-17.47164411689719,-18.68189364264645,38.58569163373437
-17.484802156544134,-16.453427183876542,40.623772790140684
-17.268232735696387,-13.943683261084141,42.17818394557394
-16.82301260390684,-11.28271558567536,43.199694828427624
-16.163190700544924,-8.606571722662256,43.683714199011135
-15.314259180039008,-6.0400275195581195,43.66750606562428
-14.310219034236642,-3.682997759268648,43.22056536385819
-13.189886702144184,-1.6031159389982887,42.43123626034374
-11.99316873605292,0.16516404226059822,41.39313626112069
-10.757896632591981,1.6163678894697269,40.19415218825468
-9.517557972559183,2.766959824918289,38.90934616531703
-8.299997094425722,3.647619335198095,37.59776766736113
-7.126966621403023,4.296348250617565,36.30232793551914
-6.0143146756481825,4.75315613299463,35.05160880025297
-4.972576229746467,5.056464543801142,33.86258309573641
-4.007769517857959,5.241010289982903,32.74350584917811
-3.12225050218301,5.336883006781397,31.696536389048223
-2.31553050403626,5.369327626908274,30.71989148357205
-1.5850046495610437,5.359005748598483,29.80948788328352
-0.9265691412560234,5.322492682067147,28.960119846796445
-0.3351247056703812,5.272862902000289,28.166254303212956
0.1950255435695476,5.220275757382086,27.422533149669274
0.6698704863962374,5.172514609982858,26.724063580905938
1.0954627769068095,5.1354590450867645,26.066562708829778
1.477753697153342,5.113485381009927,25.4464072957126
1.822478254959105,5.109798986877363,24.86062568480513
2.1350795457097105,5.126705662426638,24.30685784517661
2.420663250103686,5.165830460433031,23.78330089405663
2.6839748241360084,5.228292080470206,23.288651189732352
2.9293933882447627,5.314840078423562,22.822049655709314
3.160937530524149,5.425961037924163,22.383033966328036
3.382279222579945,5.561958751944491,21.971499219763654
3.596762834959755,5.723012460275559,21.58766744436529
3.8074268628453733,5.909216312088981,21.23206549594844
4.017026460185823,6.120602471679038,20.90551043263014
4.228055256198657,6.357149647173943,20.609101171953267
4.4427652128367,6.618778282393419,20.344215049313046
4.663183492831327,6.905333200992815,20.112507739935825
4.891125460359655,7.216554126296532,19.915914830673138
5.128203043958215,7.552034224983798,19.756653098540156
5.375827767379389,7.911166652899397,19.63721924734497
5.6352078126686544,8.293079042258809,19.560383459391968
5.907338536491371,8.696555998457654,19.529174635135437
6.192985933935815,9.119950020398125,19.546853633770766
6.492662655411315,9.561081880206142,19.61687022656813
6.806596357634434,10.017132463047567,19.742798895049933
7.134690438899762,10.48452944158672,19.928248148356822
7.476477604814774,10.958833994501116,20.17673784628196
7.83106726698216,11.434635090650499,20.491539299508588
8.197088523093846,11.905461599213186,20.875473935789287
8.57263141994229,12.363725492586985,21.330668373730376
8.95519035502193,12.800712369209448,21.858267149073566
9.341614783580008,13.206637924275988,22.458109353336763
9.728073766780915,13.570790100081254,23.128382177610654
10.11004215216429,13.881775513833828,23.865272616879963
10.482317067831506,14.127884345335719,24.66264773927499
10.83907360930372,14.297579231387102,25.511802721346744
11.173967730514843,14.380100355387794,26.401322408212344
11.480292065611145,14.366161192723911,27.317104069381212
11.751186474457457,14.24868889676534,28.24258375334491
11.979899536667709,14.023543206504533,29.159194225783974
12.160090398514766,13.690132472806198,30.047058400162978
12.28615312173754,13.25183996350655,30.88589025294531
12.353539206953734,12.716182291121088,31.65604003230309
12.359049691863447,12.094646483969044,32.339589044996245
12.301067465546806,11.4021909825855,32.92137927943038
12.17970399490428,10.656442573718877,33.389861092165475
11.996842482266693,9.876666682210022,33.73766095361812
11.7560705405816,9.08262246703447,33.96180844638365
11.462507942038545,8.293429022590846,34.06360998211778
11.122546641390993,7.526561639797141,34.04820569977815
10.743529060423425,6.797070158441792,33.923885478920035
10.33339521175925,6.117072165600851,33.70126277997451
9.900329285535616,5.495531487599418,33.392408754355486
9.452432417832716,4.938295651618615,33.01003616964502
8.997441763064334,4.448340439082504,32.56679884400143
8.542508213745252,4.026157302806288,32.074744238961316
8.094037530489528,3.670219023252776,31.544930523917955
7.657593262438625,3.37746727188271,30.987198692448466
7.237855183409442,3.1437788236208544,30.410076808000284
6.838624146359116,2.9643815279569616,29.8207869527146
6.462863068036828,2.834204312508331,29.22532456813625
6.112763831656483,2.7481560683235666,28.62858278519729
5.789830827048417,2.701335802792072,28.034499292730988
5.494973259308385,2.6891811295676606,27.446208900109035
5.228599950060804,2.7075645187118895,26.86619027413364
4.990711920561323,2.752847384273429,26.296399853115343
4.780989454702301,2.821901631736549,25.738389462095036
4.59887152877087,2.912107204745949,25.193406683658566
4.44362644543381,3.021332809975482,24.662478707151624
4.314413232599831,3.147905592578869,24.14648136161553
4.210333889904308,3.2905742188147595,23.646195514154215
4.13047691932978,3.4484686649584178,23.162353144566257
4.07395279517214,3.621059034940859,22.69567531676798
4.039922142617574,3.8081149285320137,22.2469040532227
4.027617429667175,4.009666238166847,21.81682984658446
4.036358955295808,4.225965740550399,21.4063162554647
4.06556585424004,4.457453442845853,21.01632275261538
4.1147627483131695,4.70472231823134,20.647926734332177
4.1835825648944995,4.968484800769559,20.302345360352394
4.27176592177275,5.249539187524378,19.980957668116737
4.379157348304688,5.548734903416049,19.68532718350184
4.505698478870118,5.866935412518394,19.417225018211468
4.65141821795041,6.204977404261035,19.178653185640865
4.816419738587373,6.563624745793705,18.971867563973696
5.000864039532807,6.9435155808929965,18.799399567946928
5.204949654092961,7.345100888057138,18.664075139056834
5.428887980313331,7.7685728133728595,18.56902910898658
5.672873595303754,8.213781208188712,18.517712317495732
5.9370488376323065,8.680137084423508,18.513888066886693
6.2214619074483295,9.166502226495062,18.561613578342605
6.526017767439581,9.671065062223418,18.665201113470232
6.850421259607418,10.191204205730653,18.82915240766704
7.194112122043829,10.723342961294886,19.058059155176487
7.556192042805204,11.262800626671218,19.35646168649266
7.935344575672243,11.803649725624554,19.72865797493984
8.329749714590946,12.33859231236422,20.178456088555677
8.736996216805231,12.858873050515031,20.70886564514441
9.153996386119701,13.354251464057079,21.32172826161192
9.576909930471087,13.813059851630578,22.017293898838346
10.001085561791076,14.222375727236043,22.79375967001035
10.421030967142467,14.568336799716189,23.64679994109055
10.830423269147143,14.836620691462892,24.56913051332858
11.222172598282334,15.013099181860735,25.550163439766372
11.588550318489615,15.084656767715208,26.57581955045116
11.92139019618329,15.040136209752916,27.628569046826804
12.212364986029387,14.871342120814743,28.68776229684143
12.453332540677259,14.574002819534902,29.73028990871503
12.636735277946464,14.148568207793403,30.731572595304332
12.75602604228835,13.600715795902808,31.66683075720573
12.80608411666798,12.941455004490056,32.512529463648185
12.783579707563621,12.186763639498194,33.247848805575174
12.687245652528,11.356755093605475,33.85600552133583
12.518022381587684,10.474448286375095,34.32525898540576
12.279055751624977,9.564277966386792,34.64947520849315
11.975545084642087,8.650524554212822,34.82818913352717
11.614457228566692,7.755849934486872,34.8661831407194
11.204138115456171,6.900097748441982,34.772670138810106
10.753863265892775,6.09946255963748,34.56021760873078
10.273371625939307,5.366066578736674,34.243566590634174
9.772423373237247,4.707921050891256,33.8384878502687
9.26041360452277,4.12920364739016,33.36078436836538
8.746062516523615,3.63075862857929,32.82550618978227
8.237191178449761,3.210722338184258,32.24640126050358
7.740582067953857,2.8651877375859387,31.635591670567866
7.2619162148543115,2.588841561902208,31.003442153301744
6.805774329406191,2.3755301554864032,30.358576727092647
6.3756873973344765,2.218730702686087,29.70799776589443
5.974222316076192,2.111920982734883,29.057266438917964
5.603089556540689,2.0488521997238633,28.41071137662377
5.263261955230672,2.0237362445511327,27.771641261234535
4.955096100524785,2.031361876207877,27.14254527739626
4.6784500535527505,2.0671548534783395,26.52527219152205
4.432793152316217,2.1271959908700815,25.921183995800668
4.217305304657569,2.2082092252996883,25.331283633337648
4.030964468350796,2.3075295999193837,24.756318566668654
3.8726219733520564,2.4230589325064233,24.19686317304344
3.7410660106273363,2.553215017903971,23.653383444791082
3.635074048537626,2.696878591739487,23.126287494041886
3.553455193771154,2.8533409658610758,22.615965103218823
3.495083635020472,3.0222542090901103,22.12281916613284
3.458924331728795,3.2035849486527885,21.647291422753135
3.444052066997359,3.397572262649413,21.18988446103351
3.4496648957022136,3.6046896790556304,20.751181572337114
3.4750929025138744,3.8256109540503216,20.331865715507153
3.519803051446594,4.061179039884079,19.93273856897784
3.5834007665290777,4.312377443694517,19.55474042349585
3.665628736957938,4.580303002355274,19.198971478463346
3.7663632922011727,4.8661389377129805,18.866714938246478
3.885608543852837,5.171126898406437,18.559462144676786
4.023488341360831,5.496536529570058,18.278939810283983
4.180235937145417,5.843630934749288,18.027139213400098
4.356181101978557,6.213626204676087,17.80634695855966
4.551734273002109,6.607642990688785,17.6191765680584
4.767367154585575,7.026647910397339,17.468599724478036
5.003589028315152,7.471382415015368,17.357975398118985
5.26091786761268,7.942276662507894,17.291074335209927
5.539845203982887,8.439345989913276,17.272095422501305
5.840793571012538,8.96206784988124,17.305669260221762
6.164065282695714,9.50923769062482,17.396842866577224
6.509781318990216,10.078803370900669,17.55103783676304
6.8778092415827965,10.66767950295681,17.773972580315856
7.267679409607741,11.2715458218331,18.071537644416058
7.678489386573605,11.884637502370884,18.449611905550043
8.108797415633607,12.499540446266181,18.913807049939262
8.556507282276268,13.107010962915712,19.469128928080384
9.018748856681077,13.69584672834905,20.11954791235987
9.491761140253127,14.252843757697763,20.86747728261351
9.97078766801195,14.762881093902715,21.71316983869486
10.449997427246235,15.209178979241482,22.654058956813497
10.922447620269917,15.573774671998118,23.68409089752509
11.380106948400911,15.838249566109782,24.793118639297806
11.813958698728012,15.984718872111428,25.96645016410792
12.214200692649898,15.99705927371215,27.18466004373938
12.570553091143209,15.86230217101973,28.423774715356057
12.872674561366935,15.572066393636065,29.655921217955516
13.110672684766683,15.123855814965196,30.850481314561513
13.27567729047343,14.522019214433149,31.97571896675632
13.360428582642252,13.778177206141052,33.000759155247955
13.359819470495225,12.910973509881217,33.89770931109201
13.271327451639129,11.94510301667279,34.64365563347379
13.095278514115112,10.90969012107286,35.22225720625351
12.834904036907329,9.836208964825005,35.624711211520335
12.496178682222597,8.756220810165084,35.84996495533099
12.08745729160655,7.699229492633561,35.90418007202754
11.618955316434898,6.690918051242209,35.799577493712825
11.102134846022711,5.751941836350667,35.55287818007065
10.549064003170328,4.897342581154943,35.18358744315866
9.971811734933162,4.136543611235103,34.71235077126366
9.38192584228129,3.473810680910563,34.15955137018046
8.79002376952224,2.9090253872674063,33.54424561255426
8.205507385155187,2.4386161607647026,32.88346197712716
7.636397769098488,2.0565152000866154,32.19183486658166
7.089275408230519,1.7550457963427875,31.481511885132882
6.569305373907646,1.525682418759689,30.762260299747997
6.0803252862435775,1.3596585829059915,30.041700483574783
5.624975018596446,1.2484216288569658,29.32560516900421
5.204849987776681,1.183948771729622,28.618218110375384
4.820663531604231,1.158946529293658,27.922560586349483
4.4724075977987265,1.1669579158819579,27.240706946331645
4.159504333069783,1.202400618760417,26.574020262601216
3.8809439643493033,1.260556363019266,25.923346052973418
3.635406552842318,1.3375279681563856,25.289166394421645
3.4213668144397684,1.430176915092915,24.67171913101514
3.2371823204014105,1.536050955071741,24.07108786497941
3.0811661176685057,1.6533085548298432,23.487268499200205
2.9516452326206175,1.7806448026014912,22.920217652403768
2.8470067270420163,1.9172217427232483,22.36988756456206
2.7657330266492193,2.0626048796304355,21.836251327806966
2.7064281918779445,2.2167067070001782,21.31932152482749
2.667836685744096,2.3797374945675838,20.819164689692656
2.6488560417726057,2.552163136113412,20.3359134491351
2.648544665149389,2.7346695728544828,19.869777758602144
2.6661258249669126,2.9281331142981277,19.42105630809299
2.700988722560194,3.1335958505316364,18.99014892340222
2.752687354867134,3.352245260349857,18.57757061221352
2.820937734371762,3.58539704855385,18.183967784788333
2.905613878533633,3.83448017712338,17.81013709983604
3.0067428403426333,4.101022975496243,17.457047332507862
3.1244989154190046,4.386639113537607,17.125864618773964
3.259197026785883,4.693012087050922,16.817981383839193
3.4112851523811645,5.021876691255697,16.535049195428236
3.5813355184548255,5.37499573547457,16.27901567670472
3.770034129938099,5.7541299776134816,16.05216544504956
3.978168042503962,6.160998929016037,15.857164782866032
4.206609596761198,6.597229804405132,15.697109358544077
4.456296630505295,7.064291483551103,15.575573754497364
4.728207460209768,7.563409942466754,15.496660770216952
5.023329181964845,8.09546125735819,15.465047388559832
5.342617595122331,8.660838073249677,15.486022855311484
5.68694681874689,9.259285497033972,15.565512461582655
6.0570464851103205,9.889702919156758,15.710078291965743
6.453424308427119,10.549909562498096,15.926885412105339
6.876271918362585,11.236373959141567,16.223618811146043
7.325352224891443,11.94391150263621,16.608333133266633
7.799867386639601,12.665360197029756,17.089214308179503
8.298307864268274,13.391253167523553,17.674230433112395
8.818285248894526,14.10951765585733,18.370649898550397
9.35635474670609,14.805243882492613,19.184409478895546
9.90783748877314,15.46058227393067,20.119326000746465
10.466658170869442,16.05484180728242,21.176164401826114
11.025219572735182,16.56487161283264,22.351604061843027
11.574341483463988,16.965806688103974,23.637184102980864
12.103296135071526,17.2322395269167,25.01835366459164
12.599973511817108,17.339835913968326,26.473797095516257
13.051205580149567,17.267341662656708,27.975233439043038
13.4432664538957,16.99883160734195,29.48788735466187
13.762544694588371,16.52594770914296,30.971777873883692
13.996355394210628,15.849786803477144,32.38386309083749
14.133827431779746,14.982065001752563,33.68092063684402
14.166772392458892,13.94523600039446,34.82286550995766
14.09042482584061,12.77138607278459,35.776057908836975
13.903946471560971,11.499948581243087,36.51608850889492
13.610613078302775,10.174521484284456,37.029583739004096
13.217648030864032,8.83926126714647,37.31474758686198
12.735722130127549,7.535405541579898,37.38060429067712
12.17818996661536,6.298421032233932,37.24515493813202
11.560168080779325,5.156107638179383,36.932839206651785
10.897571723579507,4.127771290166349,36.47175992941659
10.206215991032291,3.224374974638585,35.89108360770781
9.50105985513579,2.449437264640967,35.218909277537406
8.795637345839122,1.800388990243345,34.48075002369175
8.101687394093686,1.2701112800789711,33.698638352598735
7.428968314369874,0.8484363305124016,32.89077327089321
6.785226857907042,0.523467801463853,32.07157912148641
6.176284719639606,0.28264919591871795,31.25203666967193
5.606205268092861,0.11356412111246339,30.440162531308815
5.077507551050154,0.004488581926343396,29.64154081474264
4.591401036751322,-0.0552655323095498,28.859841015454386
4.148021407991795,-0.07517039357748152,28.097282895308403
3.746654006273317,-0.06342210472025876,27.35502974743858
3.3859367269716305,-0.026963037854037954,26.63350576304542
3.064038162344169,0.028443286698371997,25.93264203641676
2.7788096593622917,0.0981073428010123,25.25206037027904
2.5279118862107763,0.17829493220032339,24.591205774056444
2.308917693834388,0.26610574180081126,23.94943846945365
2.1193937121142192,0.3593562487869854,23.326095143987597
1.956963397255165,0.45647125176406533,22.720527680315776
1.8193542748508504,0.5563863093473868,22.132125987239917
1.7044319958080483,0.658462015508092,21.560330065385234
1.6102236064112987,0.7624101595738411,21.004635152277814
1.5349321746885842,0.8682312709436358,20.46459273862037
1.476944642724779,0.976162731341865,19.93980942332141
1.4348345074235143,1.0866364760897111,19.429944953549565
1.4073606815643411,1.2002452474376402,18.93471034464613
1.3934636588125542,1.3177163704722943,18.453866659462186
1.3922599031811025,1.439892069817483,17.987224817004318
1.4030352056800757,1.5677154154928097,17.534646670270522
1.425237597485285,1.702221066437934,17.09604752199202
1.4584702780189924,1.8445300615147906,16.671400218586246
1.502484905456718,1.9958479837810166,16.26074096502596
1.5571755036562833,2.157465889479099,15.864177027987065
1.6225731604890752,2.3307634443280594,15.481896535647305
1.6988416250823566,2.5172137424767214,15.11418063591351
1.7862738525180841,2.7183892939070957,14.761418338015574
1.8852894909367008,2.9359686496881277,14.424124433403811
1.9964332544612264,3.1717430859193287,14.102960968949366
2.1203740723368543,3.4276226798613294,13.798762826321878
2.2579048462608355,3.7056409773911154,13.512568042642096
2.409942579642713,4.007957259337607,13.245653583486051
2.577528559416037,4.336855153000546,12.99957734111456
2.7618281671333595,4.694735989440951,12.776227164507565
2.9641297645714118,5.084104860049286,12.577877712327913
3.1858419320646596,5.507546759259137,12.407255824194964
3.428488126384124,5.96768949646519,12.267614884673925
3.6936975595773913,6.4671492057243505,12.16281824474764
3.98319077115847,7.008453273466376,12.09743107979895
4.298757965121316,7.593934359506715,12.076818983978553
4.642227706019521,8.225587958946534,12.107249975957647
5.01542301831134,8.904884756472374,12.195994231131408
5.420101328215757,9.632528069651842,12.351412539276817
5.857874069457642,10.408146315326936,12.583019981454886
6.330101223397553,11.229911214226572,12.901505426150784
6.837755716405889,12.094075187672848,13.318680083913753
7.381252668172714,12.994427225368003,13.847319724979938
7.960239292014476,13.921676860817335,14.500855953897307
8.573343231042514,14.862792434347707,15.29286368251339
9.217880829706063,15.800344088524968,16.236287420073836
9.889532917587934,16.71193467094868,17.34235260137279
10.582004694208115,17.56984171365329,18.619126060136963
11.286698516232281,18.3410361066303,20.069729344673174
11.992443356286177,18.987777647153866,21.690276809809095
12.685340724071136,19.468997088843107,23.4677101949803
13.348800400398506,19.742635247560045,25.37782596871147
13.96384483213446,19.768997688878283,27.38391820974615
14.509751289942189,19.51498425535764,29.436545099047308
14.965068973476997,18.958778818333887,31.474911857181958
15.308990871519494,18.094291697504055,33.43018959038156
15.52298194270439,16.934436389279544,35.23073510196533
15.592481611724248,15.512315711404092,36.808689749187366
15.508435026869337,13.87967740242346,38.106951365930826
15.268391714556634,12.102561449980648,39.08522251767424
14.876959798875488,10.2547523876373,39.72390239949453
14.345514706272432,8.410227147296045,40.02504369202566
13.691204554032266,6.636027463434177,40.01030364318586
12.935426954726282,4.986796274379767,39.71652556037838
12.102034511681444,3.5016945325492226,39.19004502646149
11.215540210848856,2.2037784037284274,38.48090327465852
10.299546453909075,1.1013930843092639,37.63791145885501
9.375538128860368,0.19086001312225187,36.705097774195806
8.46209078980997,-0.5402925351344067,35.71965465291498
7.574472310938349,-1.1101574239371361,34.71119993753048
6.724570665787148,-1.5397172653999793,33.702011028012315
5.9210613829095875,-1.850726041045961,32.70786304077794
5.169729167630945,-2.0642200524444836,31.739153944121714
4.4738708951464075,-2.1995817660861356,30.802085224450614
3.8347245994466643,-2.2740403265723246,29.899753401861783
3.2518864360866457,-2.3024883140712022,29.03307872104907
2.723692351638491,-2.297509399878615,28.201547441529033
2.2475524633318127,-2.2695340026436974,27.4037749725898
1.820234039579989,-2.2270626929212742,26.637913071431246
1.4380940398349535,-2.1769164549038442,25.901930238115188
1.097265111872082,-2.1244878906512996,25.19379431128816
0.7938003963771666,-2.0739782294748155,24.511583006403107
0.5237829694320888,-2.028612315981881,23.853543640091193
0.28340564508815946,-1.9908284477975062,23.218118664385923
0.06902642657024732,-1.9624427854435693,22.603949467585977
-0.12279569213542099,-1.9447896702791887,22.009867420179532
-0.2952805064620003,-1.9388400062977347,21.434878394437902
-0.45141851515958376,-1.9453001943709005,20.87814490441239
-0.5939720932136894,-1.9646941547223875,20.338968496117737
-0.725483561438923,-1.9974308622061003,19.816773953326408
-0.848288237568902,-2.04385962669296,19.311096168056185
-0.9645309371813438,-2.104315122814111,18.821570067124945
-1.0761847170675543,-2.179153934856486,18.3479237148528
-1.1850709242830972,-2.268784147156638,17.889974571191622
-1.292879836972227,-2.373689284180348,17.447628832470883
-1.401191363772281,-2.4944476896773846,17.020883788347458
-1.511495412297237,-2.631748230329226,16.609833172256796
-1.6252116483478283,-2.7864030138734477,16.21467554928831
-1.743708449854253,-2.9593576211393278,15.835725865406612
-1.8683209161131824,-3.151699160877903,15.473430369014421
-2.000367825809751,-3.364662259573908,15.128385205595636
-2.1411674479380305,-3.599632888084343,14.801359074896702
-2.292052098460815,-3.858149693953622,14.493320423724994
-2.454381301818674,-4.141902241962042,14.205469720378234
-2.629553358604151,-4.452725253510338,13.939277410600432
-2.819015036148162,-4.792587563831743,13.696528177099365
-3.0242689835651255,-5.163574069511038,13.479372096117276
-3.246878321991033,-5.567858401819954,13.29038317767295
-3.4884676683664746,-6.007663419920419,13.132625551467603
-3.750719610592741,-6.485205862838242,13.009727163167174
-4.035365356773267,-7.002620631430664,12.925960201263578
-4.344167926545225,-7.561859211740507,12.886326484510393
-4.67889583690204,-8.16455575230246,12.896644578473934
-5.041284764391444,-8.811853375966612,12.963633324247509
-5.432984158920238,-9.504182627930193,13.094983579233185
-5.855485281213455,-10.240983839273705,13.299406113451102
-6.310026707873433,-11.020366083867494,13.586638637326386
-6.797473113125286,-11.838697997350488,13.967388831730899
-7.3181632766896305,-12.69013092083031,14.453183214379703
-7.871724045980865,-13.566063770219424,15.056084331627938
-8.456848754006355,-14.45457298521512,15.788232403360245
-9.071041805270509,-15.339851011383063,16.661164430675193
-9.710336280081727,-16.201723476063293,17.68486739818822
-10.368998905130557,-17.015347443760255,18.8665373704212
-11.039246774581574,-17.751226996986322,20.20904868642799
-11.711012399291167,-18.375709810038042,21.709192342612393
-12.371806661645712,-18.852136128886432,23.35582215402521
-13.006740328175486,-19.142781816376292,25.128146328486267
-13.598769606129322,-19.211651127343096,26.99450365540408
-14.129224281645941,-19.028021053597506,28.91203552440791
-14.578652787215947,-18.57042504403582,30.827662773158064
-14.927974182207214,-17.830528499798085,32.68065492104936
-15.159865230219825,-16.81616519398453,34.40681650358696
-15.260242406805917,-15.552765636727619,35.94393888445906
-15.219642514309266,-14.082589827372004,37.237769013815694
-15.03428344312652,-12.461584585125994,38.2474702426202
-14.706614573222629,-10.75422746850982,38.94952854290493
-14.245245436521156,-9.027221108509142,39.33934456177506
-13.664253641619876,-7.343179371264965,39.43027660637019
-12.981986896878869,-5.75539700609842,39.25048479727218
-12.219556335640815,-4.304448708504198,38.83837117416335
-11.399248843133947,-3.0168672876857983,38.23758478648807
-10.5430637734556,-1.9056845436934615,37.492456288243496
-9.671520118349505,-0.9723144354971207,36.64443704138927
-8.80280699788198,-0.2091577686267143,35.72977565641887
-7.952283880598225,0.3976264118511734,34.778378615897005
-7.132289420519562,0.8655803721146282,33.813624322354485
-6.35219235478077,1.213859792138727,32.852832756965014
-5.618611267150575,1.4616724310518774,31.9081066467484
-4.9357360860175445,1.6272173821798022,30.987317472416564
-4.305696809905388,1.7270454291784845,30.095080131094694
-3.728939429988534,1.7757428114520941,29.233624461005803
-3.204582433010179,1.7858445494317088,28.403521553951695
-2.7307382329113485,1.7678982559455465,27.604256398416275
-2.3047920516895535,1.7306174837102173,26.834658220669592
-1.9236363898036817,1.6810808113517774,26.09320951446389
-1.5838627818824433,1.6249471156540474,25.37825765671321
-1.2819145552349123,1.5666683480793784,24.688151985340475
-1.0142052666814534,1.5096889197763028,24.021326240473606
-0.7772077593685142,1.4566260895727343,23.376342606628366
-0.567518627965277,1.4094291718170437,22.75190997349975
-0.3819024959975038,1.3695174830864616,22.14688582556227
-0.21732001618235838,1.3378981575995712,21.56026851766123
-0.07094298002685082,1.3152655935115283,20.99118460664006
0.05984058853730792,1.3020845628168156,20.438874332845437
0.17742895491741628,1.2986590703845267,19.90267719801305
0.28401483611279227,1.3051889753007706,19.382018780820676
0.381597602109794,1.3218162480386564,18.87639938849035
0.47199823740699637,1.3486625652663284,18.38538479435205
0.5568760579862059,1.3858597613178771,17.908599102539267
0.6377464096977239,1.433574473655359,17.44571966967634
0.7159987657306752,1.4920281458231222,16.996473967999457
0.792914798295345,1.561513388921228,16.56063827210924
0.8696861273088923,1.642407552920269,16.138038076711563
0.9474315508291881,1.735184222262772,15.7285501947847
1.027213641864186,1.8404232252354573,15.332106538050054
1.1100546571607375,1.958819631874593,14.948699640670766
1.196951748315555,2.0911921083262577,14.578390050969109
1.2888914962092595,2.2384908935933283,14.221315784160469
1.3868638079713236,2.401805563699182,13.877704101977555
1.491875222516835,2.5823726438749803,13.547885963337592
1.6049616666460635,2.781583015799703,13.232313574673377
1.7272006886166087,3.0009889372925564,12.931581559683107
1.8597231691254168,3.242310337708426,12.646452365794076
2.00372446910375,3.507439863212696,12.377886627022729
2.1604749170247675,3.798445909353093,12.127079306503704
2.331329461850393,4.1175725783685415,11.895502539905086
2.51773621632894,4.46723511681443,11.684956181602978
2.72124348266294,4.850008903403072,11.49762710017961
2.943504680532606,5.268609442560871,11.336158249729326
3.186280376297799,5.725860049411674,11.203728415482557
3.4514363304912696,6.224642960951163,11.104143233453453
3.7409361258439016,6.767828456481719,11.041937524517387
4.0568264972956785,7.358175213787583,11.02248803895741
4.401212947946371,7.998193592867425,11.052134209909914
4.776222595595138,8.689961908713727,11.138302244173138
5.183950460297785,9.434884203912812,11.28962456432408
5.626384603055016,10.23337688247933,11.516041941928947
6.1053047250667545,11.08447135877887,11.828869304420504
6.6221481599127126,11.98532145748982,12.240797904145614
7.17783684803417,12.930608920246346,12.765796271229526
7.772559204871618,13.911849743783153,13.4188605663679
8.40550226595752,14.916620336863131,14.215552897207205
9.074532773203869,15.927747968855817,15.171256542470385
9.775831769278565,16.922546570046382,16.300074520523054
10.503496653666716,17.872226812871375,17.613309707044696
11.249138188752086,18.741665010844624,19.117500308278835
12.001517637592315,19.489768738377155,20.812054463052874
12.746289735367547,20.070709106263376,22.686639842333662
13.465937035068507,20.436271267744836,24.718636525881767
14.13999396850471,20.539470981504063,26.871133417608675
14.745655632582027,20.339367337722127,29.092091818299107
15.258836755965575,19.806669778535337,31.315338519471076
15.655683453590747,18.929345176808045,33.463898832395195
15.914446109436774,17.717099837054505,35.455782601015066
16.017512338438166,16.203510658001292,37.21172577069814
15.953305957872429,14.444855336484176,38.663723344753855
15.71771990058782,12.515367114571134,39.7627230899977
15.314797108960569,10.499548224050336,40.48383188785138
14.756505014529663,8.482993160892025,40.82791126768983
14.061632323379838,6.543564347765571,40.819353422677
13.254013566296027,4.744569272832227,40.50078907675256
12.360401259774209,3.1309157916917485,39.926124193314884
11.408328842158893,1.7283726395677135,39.15344420267129
10.424247736999574,0.5453580858805394,38.239011845541945
9.432113543070324,-0.4236891187331333,37.23303284882588
8.45248062766985,-1.1943251082100235,36.17731270728629
7.502071956692999,-1.7882609098878999,35.104535735900996
6.593735095667945,-2.2301277209808674,34.038709908209626
5.736674365219638,-2.545034332426524,32.996301794126325
4.9368534778978335,-2.7569084737037124,31.98766685156277
4.197481283250121,-2.8875051596325214,31.0184981676708
3.519516278974925,-2.955924980945272,30.091129690837615
2.9021474392788034,-2.9784885536864554,29.20561827864296
2.3432268232238913,-2.9688381207849885,28.360588257994465
1.8396426025643042,-2.938168584742933,27.5538565762786
1.3876299962870542,-2.8955196579601066,26.78287274577384
0.9830230001061853,-2.848084755683924,26.04501218492866
0.621452704677538,-2.801510007509745,25.337759365122945
0.29849923034502435,-2.760169020893276,24.658811896830514
0.009804502026449502,-2.727406984459476,24.006130497240132
-0.2488473067466671,-2.7057525497485124,23.37795385657501
-0.4814755204241933,-2.697098679580013,22.772792310697973
-0.6918695574754922,-2.7028550526604977,22.18941010405331
-0.8835718371217275,-2.7240751937547403,21.62680285861253
-1.0598732071582637,-2.7615616040040556,21.084174527490113
-1.2238177731184599,-2.8159520147611685,20.560916452587136
-1.3782145913976551,-2.8877896109085714,20.05659001353141
-1.5256541852201404,-2.9775797398934754,19.570913618269028
-1.6685282585020955,-3.0858352797813664,19.103754335380547
-1.8090513265267327,-3.213112502109354,18.65512421924945
-1.9492832619197242,-3.360038940098163,18.22518126680227
-2.091151977149088,-3.5273344602102186,17.81423492069747
-2.23647563720197,-3.7158264318198153,17.422756063652276
-2.386983923660947,-3.9264595904387125,17.051391506718613
-2.5443379584395758,-4.160300887648118,16.700983041887916
-2.7101485451403518,-4.418539307697961,16.372591191343872
-2.8859924004627415,-4.702480297900422,16.06752382832113
-3.073426028345455,-5.013534098218971,15.787369853419044
-3.2739968356178584,-5.353196855650615,15.534038068036514
-3.4892509990522353,-5.723022963000912,15.309801271014438
-3.7207374684425014,-6.124586564117194,15.117345386087479
-3.9700073271070324,-6.559429618758448,14.959823067429689
-4.238607528989076,-7.028993329996479,14.840910677990571
-4.528067790957235,-7.534529131415907,14.764866726978077
-4.8398791440763995,-8.076984861625135,14.73658871207818
-5.175462348648577,-8.656861308532132,14.761663751585585
-5.536124074589458,-9.274034128130225,14.84640632150139
-5.922998475927218,-9.927536448277024,14.997873756125973
-6.336971602039451,-10.615298567732433,15.223846893758095
-6.7785860742052,-11.333843477226768,15.53275940900538
-7.247923737480576,-12.077941001589888,15.933555191989054
-7.744464742945657,-12.840229819235043,16.435449102217802
-8.266922938631469,-13.610826093958721,17.047563427592074
-8.813059799907752,-14.376950421740498,17.778411835940435
-9.379482667640936,-15.122621242433393,18.63520656495976
-9.961437980480001,-15.8284818383854,19.62297569717744
-10.552616510088592,-16.47184703352178,20.74349853720421
-11.144995024868875,-17.02707004036621,21.994100806245715
-11.728746474638067,-17.46633239067254,23.366398218781384
-12.292257140744178,-17.76094127160853,24.84513384909776
-12.822291875526247,-17.883169419487267,26.407312442614966
-13.304344609856456,-17.808587136151026,28.021877134050673
-13.72319782582112,-17.51871721523904,29.650178423589814
-14.063689946730792,-17.003709462976836,31.247428435546016
-14.31165453272182,-16.264616810835054,32.76520139508363
-14.45495468266452,-15.314806059838967,34.15484161428335
-14.48449918215945,-14.180095763689689,35.371411342516225
-14.39510520874196,-12.897398731483715,36.37761838051405
-14.18607604504359,-11.511929961746164,37.14708084998712
-13.861395609885422,-10.073349390483067,37.666363082291774
-13.429499902950738,-8.631446263721596,37.935448280498115
-12.902655033232747,-7.232058667249619,37.966636603738785
-12.29603431216091,-5.913831630999049,37.782171436637995
-11.626627183818862,-4.706188966988124,37.41110825469956
-10.912122735204472,-3.62861060818069,36.88600110286363
-10.169892210503317,-2.691056959468902,36.23990103662695
-9.416157880491458,-1.8952235081334499,35.50399197625085
-8.665392116772221,-1.236258061543353,34.70599857077476
-7.929951198919568,-0.7046090110826855,33.869340530544356
-7.219919594580994,-0.28775849274391363,33.0129048443643
-6.5431240257043015,0.02830723284444875,32.15126306032487
-5.905271095225077,0.25795157143834235,31.295161874406297
-5.310164505592262,0.4150645540628679,30.45214319341605
-4.759964635327902,0.5125247628361864,29.627188283134494
-4.255461725542362,0.561891474781718,28.823318399420923
-3.7963423172806294,0.5732698768162667,28.042115530710173
-3.3814358512941074,0.5552979110707474,27.28414963864755
-3.008934093863001,0.5152125648897199,26.54931354630287
-2.6765802775289544,0.45896330360327825,25.837074960474094
-2.381827740224478,0.3913492769480926,25.146658844892293
-2.121969681789338,0.3161642593282806,24.477174108921904
-1.8942427043803733,0.23633891157310455,23.82769760300067
-1.6959072970085718,0.15407405894733545,23.197326603967056
-1.524308549650975,0.07096155331319072,22.585208900716925
-1.3769202768296414,-0.011908779525364732,21.990557586113283
-1.2513754917520328,-0.09385635705833732,21.41265589398576
-1.1454858662626042,-0.17453070271390841,20.85085595515817
-1.057252482103742,-0.2538449934819573,20.304574187013916
-0.9848698522087438,-0.33192110885999226,19.77328514810923
-0.926724882756355,-0.40904491584211433,19.25651503995348
-0.8813921659788216,-0.4856305325410239,18.75383557670039
-0.8476267439799845,-0.5621923753940249,18.26485862772008
-0.8243552658684066,-0.6393238884797766,17.78923183136086
-0.8106662733264365,-0.7176819628772466,17.326635250921765
-0.8058001912648193,-0.797976169107916,16.87677907270484
-0.8091394678507071,-0.8809620398943381,16.439402313497816
-0.8201991991049511,-0.9674377494569195,16.01427249822829
-0.8386184845624813,-1.0582436366350276,15.601186278920274
-0.8641526893776279,-1.1542641105801552,15.199970987515437
-0.896666732084203,-1.2564315586280725,14.810487143859323
-0.9361294735218056,-1.3657319456222416,14.432631974099486
-0.9826092489421173,-1.483211852035402,14.066344032986123
-1.0362705599223443,-1.609986744334413,13.71160906604008
-1.0973719235060857,-1.7472503046100036,13.368467294789008
-1.1662648611529327,-1.8962846666721405,13.037022361212832
-1.2433939978630886,-2.0584714112023583,12.717452227397942
-1.3292982305109726,-2.235303161041906,12.410022394534051
-1.424612912153216,-2.428395586194065,12.115101883168418
-1.530072983876738,-2.6394995722791825,11.833182505268198
-1.646516965330808,-2.870513220024268,11.564902058931326
-1.7748916867100961,-3.123493218857775,11.311072188539622
-1.9162576052710296,-3.4006649642035995,11.07271177541302
-2.071794494286012,-3.7044305518572607,10.851086853021428
-2.242807216399801,-4.037373466329625,10.647758169447176
-2.4307311900091086,-4.40225836133614,10.464637635573675
-2.63713701821817,-4.80202378299936,10.304054979801254
-2.8637335648234434,-5.2397649784289655,10.168835946414571
-3.1123685181268166,-5.718703029086552,10.0623932752717
-3.3850251663837403,-6.242135413793986,9.988831411144083
-3.6838137016554455,-6.81336170942699,9.9530653041834
-4.010954854191694,-7.435576463095243,9.96095262624374
-4.368753021120365,-8.11171933739802,10.019437031423218
-4.759555280893251,-8.844270524948755,10.13669745433351
-5.185691781798759,-9.634977347736864,10.322294511876775
-5.649391987924421,-10.484496282799466,10.587299432025947
-6.15267023333457,-11.391934051614149,10.944383126126539
-6.697173122170843,-12.354272946202627,11.407832666554961
-7.283980777532816,-13.3656708521381,11.993449404223936
-7.913354202621369,-14.41663772760433,12.71826772978198
-8.58442269877288,-15.493110499848983,13.600017644328634
-9.294809252323162,-16.575480661348532,14.656241330753861
-10.040199141619736,-17.637675967622283,15.902970037484792
-10.813868897029064,-18.64645995710837,17.352882529915213
-11.606210083984426,-19.561185752205382,19.01291327582606
-12.404305187871188,-20.33430986595193,20.881371936069492
-13.191639294867851,-20.913010643748624,22.94478603921284
-13.948056347254193,-21.242223597260878,25.17488212246364
-14.650083575877954,-21.269253827648267,27.52634536152154
-15.271739662902215,-20.94981741176216,29.936172271732403
-15.785897780899814,-20.254907544989912,32.32544613304579
-16.166185729459354,-19.177367803437807,34.60410401589877
-16.389277756536742,-17.73667001212722,36.6786701257917
-16.437293118187295,-15.980374784129234,38.4620843464098
-16.299911515545148,-13.981270497250417,39.88391742067849
-15.97579658235097,-11.830204344168873,40.898806412428954
-15.473015863851542,-9.625825166604162,41.491164426113244
-14.808345334436199,-7.46336933592245,41.67513682725029
-14.005587855592637,-5.424837423105622,41.49006451816561
-13.093236003901428,-3.5723513165105656,40.99285252170036
-12.101906540725786,-1.945433585090792,40.249204426181066
-11.061949529565972,-0.5618776520211188,39.32555681103565
-10.001520393454246,0.5788417891579607,38.282932836909495
-8.94525292576423,1.490897800363825,37.173171638983
-7.9135358854611715,2.197290549973554,36.0373654916806
-6.922304029248369,2.725618992129156,34.9059806234315
-5.983211502965823,3.104800166747955,33.8000383628767
-5.104051366301184,3.3627935339840342,32.73280517357149
-4.289304257184778,3.525209438077196,31.711588172058185
-3.540727995380266,3.6146053019985995,30.73938795637739
-2.8579289209665966,3.650266199307728,29.816287072206137
-2.238880107963972,3.648295297901424,28.940539625218722
-1.680369714326883,3.6218809142137003,28.10937904551289
-1.1783749464549036,3.5816470675408296,27.319585888884944
-0.7283645701299555,3.5360274720022726,26.56786519635217
-0.32553689798870844,3.4916274055820065,25.851080824022258
0.03499812090643034,3.4535546883942754,25.16638746325723
0.35808380303065995,3.425711748009279,24.511292958267845
0.6484202266722058,3.41104716203808,23.883675711064686
0.9104988159151887,3.4117685821137247,23.281775226542816
1.14856152844772,3.4295206313876143,22.704168433499454
1.366579177110527,3.465531971149715,22.149740275259074
1.5682443481189345,3.52073573287769,21.61765402372547
1.7569752008070936,3.5958672057135654,21.107324622179203
1.935927137523374,3.6915422274537946,20.61839690108302
2.108009922831847,3.8083192423094885,20.15072956044183
2.2759083185478577,3.946747506339962,19.704385227387444
2.4421046969691664,4.107403459993067,19.279626565495825
2.6089024101883043,4.290916850472709,18.87691824680306
2.7784489385772164,4.497987771277817,18.496934534168716
2.952758024876519,4.729395385523969,18.14057221253956
3.133730128705322,4.985998705769187,17.808968616369512
3.3231706152182365,5.268729408352768,17.503524497915294
3.5228051253377837,5.578576258106838,17.22593144211096
3.7342915667900263,5.9165603051741025,16.978203433737125
3.959228117768062,6.283699588540998,16.762711995338062
4.199156551014978,6.680961645431576,16.58222400961451
4.455560068585863,7.1092016954112465,16.43994088231163
4.729854691184201,7.569083969752773,16.339537049558636
5.023373078357102,8.060983336535665,16.28519494097126
5.337339479391661,8.58486420347819,16.281632328977764
5.6728343492804285,9.140133773582003,16.334116484114624
6.030747040064097,9.725467239947363,16.44845769300412
6.411714940221079,10.338603647919438,16.630972498727488
6.816047547371309,10.976113197035447,16.888404584167823
7.243634308831617,11.633140026012086,17.227788748677018
7.693835761451789,12.30312936748507,17.656241316033206
8.165358679576473,12.977554677852657,18.180659189819394
8.656117741929847,13.645669080454535,18.807310575670858
9.163088785560458,14.294315994620726,19.541304374488956
9.682162101937168,14.907845333521994,20.3859339250636
10.208008397267163,15.468192396375633,21.341905669778864
10.733974722400626,15.955183623196211,22.40648551981078
11.252032297684476,16.347132529776687,23.57262509389551
11.75280173618707,16.62177531239901,24.828164291239162
12.225682316383416,16.757563921439314,26.155240337089896
12.659109009697415,16.735282152806008,27.53005732158774
13.040952345013494,16.539879689527428,28.923172203783203
13.359060980539665,16.162339749775917,30.300420906915782
13.601925562154022,15.601326308351329,31.62453377009147
13.759417650619442,14.864321137773594,32.857376183256115
13.823533987534404,13.96798276065712,33.96261583461189
13.789060418278549,12.937551286185162,34.908495437093734
13.65406744459584,11.805276633840688,35.670318511162506
13.420164156120709,10.608030336861935,36.232267369362916
13.092468238385731,9.384423916556969,36.58827540997263
12.679290954339931,8.1718514033265,36.74184807865133
12.191578053658063,7.003871922689914,36.704921411117546
11.642180670837444,5.908254304917827,36.496009736266366
11.045047498757217,4.905852708915984,36.137984450055086
10.414428854970339,4.010317797174578,35.65583066232807
9.764167593701897,3.2285147558588143,35.07466265389037
9.10712722081813,2.5614417815618227,34.418174194239775
8.454780818741844,2.0054233314170213,33.70758999816802
7.8169609345614,1.5533781959586013,32.961095178698834
7.20175354169389,1.1960132684436169,32.193662323912804
6.615509347853939,0.9228510332539106,31.417170779333944
6.062942219833361,0.7230493446271531,30.640712634070212
5.547285627956682,0.586009721094569,29.870995157580253
5.070481939670423,0.5017940992193091,29.112771318711303
4.6333845543407035,0.46138184539771593,28.369252325001572
4.235958162058763,0.45680210826576645,27.64247530105137
3.87746716572762,0.4811745649575207,26.9336138627258
3.5566462199886155,0.5286868822129773,26.24322940457319
3.2718498452076292,0.5945315786808227,25.571467087049445
3.0211802416159017,0.674819516204703,24.91820372558007
2.802593893950217,0.7664825041910476,24.28315595886574
2.613988472878224,0.8671736580393706,23.665956969564807
2.4532720479007715,0.9751711933816847,23.06620921714946
2.3184168466336463,1.0892891485843865,22.483519513976844
2.2074998213911354,1.2087969625176003,21.917521581575034
2.1187321863280353,1.3333487502191061,21.36789010876822
2.050479917867486,1.4629223924037216,20.834349367546956
2.0012770031123766,1.59776808654724,20.316678650823757
1.9698329991572294,1.738365721239503,19.814716175178596
1.9550362459872261,1.8853902747660654,19.328362623781064
1.9559538662751157,2.0396843617588387,18.857585166327567
1.9718294919856962,2.2022370279319925,18.402422559639046
2.0020794825108887,2.3741679002583083,17.96299178199666
2.0462882423562934,2.5567158220345787,17.539496566935828
2.104203107106817,2.7512311265943623,17.132238162065125
2.175729142508176,2.9591707199110604,16.741628632654567
2.260924090342051,3.1820951424267885,16.36820704792932
2.3599935931684914,3.4216667562771224,16.012658921688022
2.473286734357644,3.6796481478999996,15.675839320447489
2.6012918361306325,3.9578997397150784,15.358800094173484
2.7446323621582582,4.258375459374162,15.06282171804838
2.9040626677579096,4.583115111448716,14.789450247527968
3.080463224531168,4.934231824082873,14.540539868135301
3.2748348115556647,5.313892591667746,14.318301445279943
3.4882910057245824,5.724289494516718,14.125357319159365
3.7220481130481864,6.167598641452648,13.964802306157981
3.9774114544721955,6.645923251441057,13.840270408155636
4.255756648893932,7.1612165786338196,13.756006025153392
4.558504219962534,7.715179625392505,13.71693742576719
4.8870854941749995,8.309127848208135,13.728748745562346
5.2428973663786875,8.94382046247981,13.79794472906119
5.627243109365639,9.61924569098058,13.931899675069142
6.041256042081234,10.334355681070358,14.138878470541902
6.485802622039596,11.086746280026471,14.42801314872196
6.961361510361489,11.872280016258266,14.80921315800332
7.467875546320183,12.684656271878614,15.292981799111597
8.004574602356826,13.514941669504402,15.89010580426849
8.569769278659283,14.351087056950066,16.611181123044993
9.160618699134405,15.177475801308326,17.465937791246617
9.772880649563948,15.974571262066371,18.462333390146263
10.400659210847362,16.71875762736885,19.6054020135095
11.036173858037996,17.38249359383216,20.895878104558903
11.669584148314916,17.934915046730655,22.328665217526815
12.288914185379713,18.343019584881464,23.891288536410393
12.880128489834208,18.573528445770453,25.562550108907395
13.427412055317669,18.59543721639753,27.311680732707288
13.913697900225834,18.383130687030683,29.098324842790166
14.321461569599332,17.919761268097737,30.8736699796309
14.633762583234134,17.200410844676693,32.582909808212904
14.835461355611958,16.234432854005714,34.16900048142204
14.914486447409917,15.046373599122301,35.577365997144845
14.862986278787291,13.675047078940528,36.760907482146216
14.678187907413946,12.170678391344733,37.68448153676147
14.362813844300465,10.590456995264562,38.328027360032436
13.924974947968927,8.993218976142344,38.687770094784305
13.37754805574757,7.4341739358587375,38.77534555062421
12.73713657592982,5.960538527155148,38.615143719331634
12.022776224369524,4.608664317344314,38.24050790221917
11.254571593577323,3.402862229801901,37.689559829104475
10.452431850500304,2.3557626770304365,37.001343615055724
9.635027432332498,1.4698079044529788,36.21276122811682
8.819031583367666,0.7393844450924666,35.356506904789356
8.018656779640676,0.15314440708029486,34.45997970001903
7.2454563520349495,-0.3038195759635135,33.54500519132556
6.508339002120299,-0.6481441346121708,32.62813391096892
5.813736443978123,-0.8967885322275496,31.72128589393391
5.165867677794686,-1.066045419474664,30.832550516568325
4.567052665684204,-1.170913764937504,29.9670046000709
4.0180396048565274,-1.2247586148305336,29.127463577383338
3.5183210566401923,-1.2391813505205929,28.315122348174228
3.0664235678386786,-1.2240335382465948,27.530072056991713
2.660162658589514,-1.1875209548489314,26.771697525327195
2.2968602179785753,-1.1363580434490261,26.03896992872791
1.97352476814316,-1.0759449495495452,25.330653198656957
1.6869971284507348,-1.0105487270712286,24.645442813524067
1.4340651107100881,-0.9434773166075012,23.982053814643365
1.2115513169937862,-0.8772398439424698,23.339272180684546
1.0163781320906338,-0.8136901198583806,22.71598081822877
0.8456137739883565,-0.7541523711241562,22.11116876052268
0.6965029047926273,-0.6995295512264543,21.523929887689874
0.5664848870688601,-0.6503953373902287,20.95345563924524
0.45320234385715574,-0.6070713118225359,20.399024763493056
0.3545022721198889,-0.5696909839929793,19.859992084556882
0.2684315839317121,-0.5382523268736599,19.33577750134563
0.1932286140530639,-0.5126604319921511,18.82585589969434
0.12731183846957714,-0.4927617734460948,18.32974830236912
0.06926679498535582,-0.47837143340713073,17.847014354225987
0.0178319813923807,-0.4692944959248993,17.377246103901342
-0.028115674329892912,-0.46534267118280953,16.920062970144528
-0.06957532764589217,-0.4663470743098111,16.475107748912706
-0.10743639411903605,-0.47216795466534806,16.042043511296587
-0.14249216825669234,-0.4827020549386877,15.620551251577213
-0.17545274371100522,-0.49788817519752226,15.210328162093452
-0.20695715712218762,-0.5177114252752393,14.81108643255989
-0.23758472691281374,-0.5422065692410122,14.422552493270206
-0.2678655957284018,-0.5714607974893536,14.04446664276255
-0.2982905131251695,-0.605616204359047,13.67658302036179
-0.3293199153904894,-0.6448722011728557,13.318669902445821
-0.36139237363200094,-0.6894880551482753,12.970510318550094
-0.3949324908237013,-0.7397857127168191,12.631902999979072
-0.4303583344609083,-0.796153040362917,12.302663690020175
-0.4680884947563355,-0.8590475961302966,11.982626861827002
-0.5085488596298956,-0.9290010294387058,11.671647908296864
-0.5521791976649487,-1.0066241948071688,11.369605888625268
-0.5994396391346914,-1.092613055471231,11.076406939572852
-0.6508171434174295,-1.1877554446300893,10.791988486827858
-0.7068320387587655,-1.2929387439678872,10.516324424319778
-0.7680447174077256,-1.409158529771773,10.24943146822657
-0.8350625655133305,-1.537528224733074,9.991376939195701
-0.9085472025140985,-1.6792897762533683,9.742288282655695
-0.9892220985837534,-1.835825357063716,9.502364704940092
-1.077880630263526,-2.008670047641606,9.271891384402974
-1.1753946226497345,-2.1995254075682054,9.05125681406258
-1.2827234099365659,-2.410273768354071,8.840973947910445
-1.4009234227163518,-2.642992975058132,8.641705959053436
-1.531158277474188,-2.899971157194209,8.454297575971419
-1.6747092974967923,-3.183720906373564,8.279813143880366
-1.8329863300250577,-3.4969919597189225,8.119582759848733
-2.007538635384311,-3.8427811093932904,7.975258047572423
-2.200065501427017,-4.224337547616977,7.848879359110742
-2.412426069709812,-4.645161172895089,7.742956395245778
-2.6466476339696445,-5.1089904770315675,7.660564387232398
-2.904931368392416,-5.61977544453285,7.6054580215938365
-3.189654040272025,-6.181629359201015,7.582205123712925
-3.5033637318509756,-6.798751458020981,7.596341604193547
-3.8487669085185883,-7.475309941099015,7.654548105174248
-4.22870329263901,-8.215271913752286,7.764846860560172
-4.646103905041797,-9.022163454601603,7.93681408384704
-5.103926303738987,-9.898739370423966,8.181798155699514
-5.605059496231815,-10.84653877197971,8.513126284166164
-6.152189301328278,-11.865300267183517,8.946271315603491
-6.747613265832212,-12.952210854649643,9.49893514060724
-7.392992946681173,-14.100967982787232,10.190985089004814
-8.089031051932018,-15.30064840173726,11.044155060982018
-8.835062554074378,-16.534405403855157,12.081395830537756
-9.628553853906999,-17.778063866862826,13.325734025888758
-10.464514253303513,-18.998755942549096,14.798486714062179
-11.334841547783505,-20.153841729902638,16.516694985487533
-12.227650365612055,-21.190482503256025,18.489709363327645
-13.126668431826896,-22.046355892068494,20.71501021102469
-14.010829385348377,-22.65207429380613,23.17359925468586
-14.854232553198917,-22.935812561883914,25.825648772110974
-15.626663907138749,-22.830375689605656,28.607481945170875
-16.29485488053488,-22.282374501635466,31.43123938220486
-16.824572283391916,-21.262357946958325,34.188547075591934
-17.18347091365601,-19.773879401871486,36.75892476111411
-17.344418415901792,-17.858943342625146,39.022497051805395
-17.28877941184192,-15.597536260323158,40.875044898868076
-17.00901563873043,-13.10021636155274,42.24216130909742
-16.51000702699989,-10.494742252804679,43.08896490216362
-15.808750044042505,-7.909666298538995,43.42285522556382
-14.932474223457206,-5.4587814275394155,43.288856764504935
-13.915593787360196,-3.229822828060124,42.759290365759064
-12.796138490152858,-1.2791885529176528,41.92086926796898
-11.612321966310933,0.3675002397179339,40.862399008140315
-10.399741447587209,1.7105999192787085,39.66531241293179
-9.189456201194677,2.7695298515993163,38.3979337289997
-8.006961612812264,3.575615611211235,37.113233691174834
-6.871919928168724,4.16591653347893,35.84919759865434
-5.798438893879773,4.578584707976595,34.63076694516385
-4.795686895581861,4.8497960913855085,33.47246155861674
-3.8686688037740367,5.012011435073384,32.38105911373488
-3.0190357534406704,5.0932238277788295,31.357975721930416
-2.2458487807568606,5.116861293064279,30.401196096785934
-1.546253392727222,5.1020762621032905,29.506733191239867
-0.9160482179949302,5.064229078224078,28.66966750632831
-0.3501472655303258,5.015439592250825,27.884844523900117
0.15705560547522446,4.9651321371545984,27.14731209267043
0.6114072696239712,4.920534628652642,26.45257054969439
1.0187871562249422,4.887115111964144,25.796694696276994
1.384957104036522,4.868952299000794,25.176372764250775
1.7154574727082785,4.869043634252759,24.588895210821057
2.015539438838272,4.889557561865615,24.0321162426542
2.2901250948457648,4.932037579019134,23.50440338047966
2.543788501370059,4.9975654038912785,23.00458482181143
2.780752164252552,5.086889792551375,22.531900439540863
3.004894508888212,5.200526562032914,22.085959579321464
3.2197648244486623,5.338834397568924,21.666707055033772
3.428602873619868,5.502070120683031,21.274397620704693
3.634360936852765,5.6904262971606405,20.909578511744762
3.839726508374801,5.904053369146344,20.57307924238454
4.047144205717832,6.143067892844742,20.26600760450467
4.258835713303714,6.407547940429877,19.989750651178987
4.476816768910098,6.697516273208964,19.745979304225436
4.702910332812773,7.012911510407572,19.536655053075346
4.9387551651296,7.353547209592335,19.364036978147652
5.185809089238785,7.7190585555568525,19.230687010391293
5.445346250765169,8.108836250273896,19.139470912548546
5.718447707016436,8.52194724569362,19.093551929024088
6.005984718342488,8.957042216186585,19.096373404654216
6.308594182164321,9.412250195194984,19.15162594131198
6.626645778858763,9.88506168090147,19.26319389547729
6.960200618358991,10.372202835640252,19.435075308411477
7.308961524650187,10.869505246583136,19.67126884372979
7.672215613395693,11.371778139983462,19.975621189772838
8.048770546549353,11.872692951037441,20.351628944275074
8.436886820341401,12.364693648173574,20.80219058556913
8.834209673853342,12.838949937589824,21.32930714548626
9.237705673612838,13.285373952462594,21.93373502439541
9.643610658318725,13.692723507431205,22.614601309989087
10.047397361333838,14.048815427462445,23.36900099719236
10.443772413482899,14.340869566212174,24.19160621305282
10.826713207194974,14.555996593680591,25.074328809555798
11.189554832073012,14.681829438700683,26.006087554839137
11.525135501301031,14.707279203546705,26.97273687783312
11.826005186751829,14.623372590118592,27.957212463175402
12.084696406592819,14.42410240097052,28.939936938179002
12.294048498588598,14.10720043995429,29.89950473792223
12.447568031112704,13.674729392478582,30.81362981219386
12.539799571495397,13.13339315444988,31.660297431693046
12.566674567216102,12.494487545445784,32.41901970220762
12.52580336512332,11.773455031674601,33.0720633700386
12.41667771171558,10.989062165653339,33.60550744269581
12.240758814093553,10.162276209719606,34.010002644560075
12.001438332151107,9.314964875824156,34.28114407200216
11.70387448974439,8.468568976650843,34.41942503085129
11.354720109083473,7.6428961290864255,34.42980142371241
10.96177108515759,6.855155889001976,34.3209486091725
10.533570667730908,6.119310846801951,34.1043258912575
10.079006155242046,5.445765945890688,33.79317317997599
9.606930738311041,4.841371074126932,33.40155181561762
9.12583571759047,4.30967795005979,32.94351377095784
8.643589043429321,3.8513748233430594,32.432449081222984
8.167246870952447,3.4648204470747537,31.880628271498548
7.702936925906665,3.146608183734587,31.298930125788676
7.255806665967489,2.8921069612736408,30.69672775417136
6.830025672933428,2.6959435346979173,30.08189743138388
6.428830191581323,2.552406834888066,29.460913387779346
6.054597787230699,2.455768268230728,28.83899529030072
5.70894120927751,2.4005210759795474,28.220281297037634
5.392812249589069,2.3815475180650325,27.608006517319907
5.106608299962831,2.3942253972787753,27.004673268368794
4.850276183383667,2.4344861017125905,26.412205041266702
4.623409504610279,2.4988356710809967,25.832080338048623
4.425337162774606,2.584348990582277,25.265445550053535
4.255201774636533,2.6886455170828385,24.713207991037482
4.11202758900509,2.809853225433959,24.17611130724473
3.994778065754063,2.9465658860167503,23.654795989853874
3.902403688571489,3.0977974216384627,23.14984781181546
3.8338808203966845,3.262935961716197,22.661836858452595
3.788242531483444,3.441699301922124,22.1913495349101
3.7646023633953445,3.634092760187551,21.739015592659563
3.762171963059038,3.840369861623784,21.305531871533375
3.7802734486421317,4.060995852077999,20.891684130860305
3.8183472679148354,4.2966137022725235,20.498368055141082
3.875956190248457,4.548011995546531,20.126610267462784
3.952785942590034,4.816093870380312,19.777589961437435
4.048642862202241,5.101845996759171,19.45266155902793
4.1634487973717045,5.406306389881337,19.153378603072007
4.2972333430731,5.730529696848544,18.88151888300486
4.45012335238041,6.075548427544117,18.639110551393248
4.622329516674339,6.442328441093267,18.428458696506418
4.814129659217193,6.83171685213061,18.25217146935631
5.02584823933907,7.244380403436609,18.113184398008546
5.257831422119588,7.680732291787174,18.014780932716686
5.51041693787647,8.140845475486618,17.96060652986445
5.783897848123612,8.624350697211703,17.954672684533705
6.078479266960186,9.130317909209065,18.001346257984675
6.394227083753402,9.657120599433261,18.105318238977823
6.731007828493997,10.202283821550417,18.2715447878779
7.088419060019556,10.76231868208564,18.50515216104889
7.465710094971594,11.332548789851542,18.81129610598545
7.861693596300888,11.906937852125088,19.194965871374475
8.274649571890237,12.477932251965532,19.66072353868548
8.702224755571653,13.036337942250121,20.21237153568267
9.141332185939671,13.57125695675707,20.852545622424504
9.58805803806358,14.070114489444956,21.582238040217927
10.037585280772522,14.518811554721182,22.400266403090697
10.484146272784576,14.902038901527414,23.302718346874688
10.921018547032299,15.203782874586206,24.28241914536312
11.340579151444418,15.408040994380551,25.3284874161936
11.73443225598153,15.499742480330575,26.426059098714155
12.093621507495053,15.465836698563898,27.55626707363828
12.408932201328227,15.296473226743013,28.69655737026289
12.671278595538297,14.986157060689049,29.821397947925043
12.872159250781523,14.534730992744784,30.903390658716674
13.004149747308544,13.94802566629366,31.914734647511345
13.061390048990376,13.23803600883566,32.828920189878176
13.040016192113537,12.42253465748397,33.622471552014986
12.938485618956,11.524113332715842,34.276523513691465
12.757753840487359,10.568736581608814,34.77802232036101
12.501276662458846,9.583976885832199,35.12039170890122
12.174834201887371,8.59715393026865,35.30358913160925
11.786196005740434,7.633609853618785,35.333576383830014
11.344666032020623,6.715315550772517,35.221318209550745
10.860558356827514,5.859932592268327,34.9814817991045
10.344657547650106,5.080371148622736,34.63102942269147
9.807712289885128,4.384807181974517,34.18787792863837
9.259999437838125,3.777067033513962,33.669753958613235
8.710981366675853,3.2572604633724622,33.093317853075206
8.169065352173996,2.822542019163125,32.473576240995264
7.6414618961930705,2.4678979472267453,31.82356236228762
7.134130569018087,2.186882745898036,31.15423783681662
6.65179721216194,1.9722580892570387,30.47455898061468
6.1980247341770545,1.8165119638532945,29.791651413400935
5.775320415126729,1.7122548956831793,29.11104435367512
5.385264744762805,1.6525026488407228,28.436926849086895
5.028649610947572,1.6308615906937214,27.77239944779897
4.705616579942248,1.641635438401531,27.119704793260762
4.415788719636717,1.6798717749382457,26.480428549591085
4.158391727237592,1.7413647718621357,25.855667801010362
3.9323619707293562,1.822627881774047,25.24616784533654
3.7364404507571,1.9208474554972956,24.652430508164286
3.5692526895101775,2.0338256361717097,24.0747981589547
3.4293752252389478,2.1599186444677474,23.513517886808042
3.315389806047179,2.297974741391387,22.968790092058615
3.225926598554619,2.447274718061847,22.440805291511065
3.159697809587104,2.6074766645922156,21.929772372094803
3.115523104950087,2.7785659516910823,21.435940956320625
3.0923481312210557,2.9608107590172414,20.95962001832794
3.0892573284218896,3.1547230505584283,20.501194437969314
3.1054820805180388,3.3610245847445,20.061140809969356
3.1404050986043783,3.5806173193024624,19.64004353189171
3.193561775869324,3.814557398879444,19.238611968110177
3.264639098316947,4.064031773946682,18.857699313510878
3.3534725427496395,4.330336373842695,18.498323644976445
3.460041243899891,4.614854630062355,18.161691534729837
3.584461564800316,4.919035006096656,17.84922449048539
3.7269790565538057,5.244366028055361,17.56258836498544
3.887958643116591,5.592347119658337,17.30372572179451
4.067872710842775,5.964453323304983,17.07489093208181
4.267286618885215,6.362091738230124,16.878687481415284
4.486840973401366,6.786547236984344,16.71810655427756
4.727229825708164,7.238914753133306,16.596565399739063
4.989173764515919,7.720015202121577,16.517943222362742
5.2733866817062305,8.23029196137782,16.486611343347622
5.5805348124959915,8.769684882101707,16.507453096137652
5.911186505708107,9.337479159184822,16.585867328364703
6.265751101720269,9.93212721965578,16.727747476311773
6.6444053336488995,10.551043328817157,16.93942601020032
7.047005889930997,11.190373132640214,17.22757175819812
7.472987274056471,11.844744164721439,17.599025479761735
7.9212449817010455,12.507008746647026,18.060557543061385
8.390005414339056,13.167997909524429,18.61853138448971
8.876685988666196,13.8163139375084,19.278458594434472
9.37775167903463,14.438199422306955,20.0444372530674
9.888577760888204,15.017531168929,20.918475940112486
10.403332669733514,15.535995795703398,21.899722899538656
10.91489927482963,15.973507184981825,22.983643672938662
11.414856784719861,16.308919802534987,24.16122013433246
11.89354787270836,16.52107165313381,25.418275844308855
12.340255025942131,16.59015257609648,26.735060409540566
12.743505055488086,16.499337085803973,28.086239347712283
13.091509934043417,16.23655097340553,29.4414243633821
13.37273534660992,15.796169768497334,30.766332110410378
13.576566818208303,15.180394374428968,32.024574234438724
13.694020288357702,14.40003737533406,33.17996622668701
13.718424611632159,13.474500723161587,34.199119930983834
13.64599351215004,12.430835726978989,35.05398781844332
13.47620876869267,11.30193261139778,35.72399066436467
13.21195651208375,10.124052571303608,36.19740529396438
12.859391730296094,8.934044173999235,36.471812318424305
12.42754551372681,7.7666400141013305,36.55357517842892
11.927726198837835,6.652194050988351,36.456494316019054
11.372791173364888,5.615109593983619,36.19990782113385
10.776375948881377,4.673059083072867,35.80656434600186
10.152161080957207,3.8369526594404366,35.300573274899854
9.513239506648336,3.1115065399347053,34.70566110755295
8.87162284145729,2.4962094958580945,34.04386245451758
8.237901034776375,1.9864831540680532,33.3346777928585
7.621049820677056,1.5748645731737163,32.59465708116542
7.028366734615408,1.2520893360939978,31.837325413804024
6.46550927194369,1.0080047724257517,31.07335162061901
5.936606950403745,0.8322860796855385,30.310865556981767
5.44442097438216,0.7149589377891689,29.555846144895398
4.990529260744841,0.6467507417612249,28.81252275999416
4.575519466766131,0.6193011096517582,28.083752402422203
4.199177466911604,0.625263880068623,27.371351618358386
3.8606629472808867,0.6583302029633189,26.676374457408457
3.558667207513415,0.7131977141262578,25.999336034099258
3.2915508554089246,0.7855056201232128,25.34038620869976
3.057460932271626,0.8717506505852237,24.699440366580326
2.8544282462530317,0.9691946621534341,24.076275053135237
2.6804464540919226,1.0757713242195583,23.470595961033233
2.533534843589637,1.18999674429336,22.882084947089886
2.411786933840884,1.3108869907556615,22.310431703606593
2.3134070089906285,1.4378841118452632,21.75535462819978
2.236736594891788,1.570791306963452,21.216614442598402
2.1802727202418644,1.7097172728317087,20.694023259693854
2.1426796049922894,1.855029336958405,20.18745110594432
2.12279520944974,2.007314738261158,19.69683136735604
2.1196338706160094,2.167349270046432,19.222166224517757
2.132386055817451,2.3360724272321334,18.76353285389477
2.160416081761915,2.514568170665552,18.321090976779985
2.2032584814762655,2.7040504164769725,17.895092213761213
2.260613551985377,2.905852362237275,17.48589163383957
2.3323424807079816,3.121418762060945,17.093961858805514
2.418462326081947,3.352300249514828,16.719910082987784
2.519141014932869,3.600148771166523,16.364498385664746
2.6346924120624777,3.8667131261944165,16.02866773882317
2.7655714124773154,4.1538335000303155,15.713566137044552
2.9123688991711765,4.463433723573762,15.420581288334102
3.075806294540389,4.797509774834715,15.1513782913384
3.2567293060447673,5.158112757619907,14.90794266810336
3.4561003209601986,5.547324233515239,14.692628998721148
3.6749887351304977,5.96722134265143,14.508215183046358
3.914558300783215,6.419828624236012,14.357961992504732
4.176050343760033,6.907052847507969,14.245677015878751
4.460761427805346,7.430596511432443,14.17578127517636
4.7700137333228225,7.991845016616419,14.153375602798743
5.105116076994812,8.59172194468806,14.184302225408938
5.46731314386531,9.230506546091537,14.275194780594388
5.857720167790279,9.90760766603453,14.433507093803156
6.2772400358418725,10.621289267939037,14.667507396070823
6.726459696432609,11.368344916032912,14.98622028725576
7.2055229522046345,12.143722673506051,15.39929383483571
7.713977403135055,12.940108611197688,15.916764224154589
8.250594717461219,13.747487309038556,16.54868626720831
8.813165844302429,14.552712044134216,17.304596380561495
9.398276560199314,15.339136000737549,18.19277767569279
10.001074132895678,16.08637799970848,19.219307671577802
10.615042988700388,16.77031936363287,20.386891449867896
11.231815821905805,17.363447468812055,21.69352013123626
11.841055714812748,17.835668006570728,23.1310477866111
12.430452815742221,18.155690860574165,24.6838464865545
12.98588322946029,18.293041837159837,26.32776927506685
13.491774472736516,18.220655895000956,28.029705514296165
13.931707489854396,17.917869061516548,29.748025124995646
14.289257417268365,17.373465712643185,31.4341483648805
14.549034757475217,16.58829655588657,33.03532666722379
14.697840908698012,15.576917456878117,34.49848459563783
14.725807875679529,14.36776430568225,35.77469830940492
14.627365497579113,13.00159762779249,36.823652767584484
14.401883354107897,11.528290354225138,37.61731985875418
14.05387411454946,10.00240240797509,38.14219422968069
13.592714540746286,8.478266489585744,38.399706997351075
13.031922718380045,7.005403004538438,38.40482833275229
12.388103184697604,5.624959833237041,38.18324235772001
11.679716557851123,4.367587728673357,37.767717743301226
10.925838437885472,3.252820638935721,37.19435037134463
10.145047343316467,2.2897401638910333,36.49923961447116
9.354535697053604,1.4785317692460462,35.715947586250266
8.569486504461176,0.8124990466469124,34.87386318058666
7.802713707565722,0.2801604711017819,33.997410914491
7.064533029689896,-0.13283730760914086,33.10593536096321
6.362813741797799,-0.44213804070692,32.21405256326245
5.703157775701112,-0.6634768938043494,31.332271007115697
5.089156986892508,-0.8118474427111482,30.467723436369443
4.522688173817557,-0.9009811515815654,29.62489806214319
4.0042156248557745,-0.943071961912959,28.80630146633315
3.5330805376287837,-0.9486797040447567,28.013020038434217
3.107764654099624,-0.9267550087855707,27.24517086460014
2.7261215792833635,-0.8847402360254787,26.502247819114057
2.3855736042174023,-0.8287126405761498,25.78337635842617
2.0832747267072143,-0.7635460817560588,25.087493414272835
1.8162422986247881,-0.6930755630403989,24.41346868996392
1.5814606444834305,-0.6202548240475834,23.76018196214955
1.3759603550683237,-0.5473014111269422,23.126568606263465
1.1968769621808004,-0.47582650496322587,22.51164306548396
1.0414924900421734,-0.406948639268262,21.914507681630504
0.9072630543512117,-0.3413915967977175,21.334352343575322
0.7918353062164607,-0.27956744140747436,20.77044882274379
0.6930541358480158,-0.22164599979464555,20.22214243697685
0.6089636841379052,-0.16761225697211732,19.688842766855256
0.5378033723250117,-0.11731315192514544,19.170014486731663
0.47800035709051775,-0.07049520499451661,18.6651689113864
0.4281595525918052,-0.0268343093914614,18.17385654973838
0.3870521314497741,0.014041102795546358,17.695660758815084
0.35360322140946576,0.05253244105217373,17.230192471897592
0.3268793503729454,0.08905793623215053,16.77708590962092
0.30607605649503106,0.12404339975106858,16.335995153427117
0.29050596870766804,0.1579160614040071,15.906591453904479
0.2795875731654488,0.1911008943740836,15.488561152979694
0.2728348096451052,0.22401893466930145,15.081604112461514
0.26984758609651754,0.2570871900355254,14.685432558070787
0.27030325681776746,0.2907198106100033,14.299770265403868
0.2739490778809313,0.3253302607718027,13.92435203091381
0.2805956305160321,0.3613342895750513,13.558923386324487
0.2901111874807237,0.39915354669006675,13.203240528749191
0.30241698756280183,0.43921973284519833,12.857070451286026
0.3174833780667058,0.48197920927631754,12.520191270297829
0.3353267834106469,0.5278980205323747,12.192392756341391
0.3560074589721623,0.577467309971827,11.873477086233109
0.3796279923844378,0.6312091281504225,11.563259844505291
0.4063325190514187,0.6896826516817861,11.261571314030553
0.43630662427192896,0.7534908445732527,10.968258108420331
0.46977791068336106,0.8232876059009899,10.683185213538607
0.5070172164611226,0.8997854572517846,10.406238522785598
0.5483404765932387,0.9837638307251139,10.13732797146544
0.594111226367082,1.0760780233708467,9.876391400445835
0.6447437527363933,1.1776688864181468,9.623399309487949
0.7007069052388203,1.28957331692561,9.378360697297857
0.7625285833137375,1.412935614578834,9.141330229970858
0.8308009208480932,1.5490197558266914,8.912417033760052
0.906186191045705,1.699222619294846,8.691795473966492
0.9894234545774149,1.8650881675153845,8.479718361467729
1.0813359704693246,2.0483225464124653,8.276533124485246
1.182839381008144,2.2508100001355658,8.082701598343881
1.2949506672815658,2.47462940719183,7.898824222945738
1.4187978483622652,2.7220711142170906,7.725669598972383
1.555630361236347,2.9956535624941854,7.564210541206314
1.706830005843561,3.2981389513186468,7.4156679810194515
1.873922263958156,3.632546837578424,7.28156430730155
2.058587693992759,4.002164101223354,7.163787988184379
2.2626729554475276,4.410549071500044,7.0646715689309225
2.4882008126639623,4.861526758291371,6.987085365310532
2.737378189754657,5.359171004494288,6.93454931745409
3.0126009742805517,5.907767895816551,6.911365456789434
3.316453768364125,6.5117528525407185,6.92277314327063
3.6517021291524636,7.175611403572431,6.975128461849591
4.021273988601084,7.903730646101383,7.07610764541652
4.42822585777345,8.700184819237204,7.234931713934508
4.875688072864281,9.568434378930435,7.46260512927781
5.366781720360542,10.510913785625986,7.772154425565688
5.904498025603521,11.528479615329942,8.178842571759485
6.491529029269977,12.61968889962025,8.700320236166974
7.130036588224711,13.779880030590514,9.35665522857929
7.821345640407726,15.000038647188482,10.17015581680144
8.565548143764008,16.265453730232792,11.16487334890916
9.361007491531568,17.554211290569885,12.365638407785507
10.20376143478994,18.835641841681067,13.796461048995505
11.086837014016654,20.068938833688584,15.478125034405194
11.999516210895365,21.202297076213586,17.424852599709777
12.926627570893684,22.173066386776245,19.640041942505903
13.847985757367898,22.909533882619243,22.11131573491181
14.738151270241755,23.334961941808672,24.80547772861336
15.566721479305633,23.37431206263943,27.664417189005043
16.299367390767024,22.963576275964492,30.603401987643654
16.899768543991573,22.060794135592232,33.51333525443205
17.332448533273176,20.65680767310068,36.268144865594344
17.566280650045957,18.782986872542796,38.73736024744808
17.578168505973224,16.513082816447508,40.802251327894695
17.35620875851128,13.957439253778613,42.372239757201584
16.901623139158104,11.249912067119663,43.397495015388515
16.228964302262312,8.530236706692556,43.87433631898564
15.364508043608378,5.926124024737126,43.842180825000106
14.343194842446234,3.5392750935916104,43.37339633584465
13.204801019240664,1.4378840339094032,42.55932839403752
11.990098446408716,-0.3440657669608276,41.496238934567884
10.737614262281229,-1.8022581370471615,40.274017747783155
9.48133067940151,-2.954639635929034,38.969009677448796
8.24939041527435,-3.8334014030378825,37.64089858487271
7.063676125045866,-4.47789510506557,36.332731436047595
5.940035947687198,-4.929225692290787,35.072893604867666
4.888914083601894,-5.226636112124015,33.8779751885374
3.916181675222843,-5.405434990420473,32.75577199179579
3.0240185759190337,-5.496078821376608,31.70798041630686
2.211750861757608,-5.524023342948727,30.732392739788665
1.4765926379835363,-5.51002936715378,29.824559649988416
0.8142714965057009,-5.470696176482805,28.978973427274017
0.21953634058120142,-5.41907459361025,28.189860487206275
-0.3134430015084724,-5.365272484727214,27.45167697289092
-0.7907701001795959,-5.317007345008937,26.75939093193436
-1.218594653044398,-5.28008712939625,26.108618840563913
-1.6029488082170047,-5.258815877465799,25.49566804921177
-1.949633929814855,-5.25632869138441,24.917522520490916
-2.264146619159241,-5.274864104769261,24.371797800962465
-2.5516347391110967,-5.315982782710853,23.856682480753104
-2.816875928320357,-5.380741066097856,23.370877067909454
-3.0642725783544913,-5.4698268592358605,22.913536757390798
-3.297858476526171,-5.5836641691035895,22.48422155010525
-3.521313313594287,-5.722491443397419,22.082855186989033
-3.7379820506081463,-5.886417810763964,21.709693097736015
-3.9508967660643064,-6.07546042551752,21.365298787135874
-4.162799093282457,-6.289565356366604,21.050527618271676
-4.376161734261993,-6.528613819364894,20.766516672689352
-4.593207821908286,-6.792415024284455,20.514679180589408
-4.815927115690485,-7.0806864706564365,20.29670185317255
-5.0460881723897,-7.393022192177507,20.114543268151234
-5.285245748147689,-7.7288492123377015,19.970431226634467
-5.5347427747490165,-8.087372356119575,19.86685669587955
-5.795706326870399,-8.467507589023965,19.806561570271757
-6.069037074453475,-8.86780426271699,19.79251702805324
-6.355391814429495,-9.286357083475838,19.82788875628615
-6.655158820899613,-9.72070934018796,19.915984806184657
-6.968425968074616,-10.16774999021607,20.060181399797294
-7.294941894240673,-10.6236086541254,20.263821749298387
-7.634070917513838,-11.083554441436752,20.530083029045308
-7.9847430130179005,-11.541906800548889,20.86180726359832
-8.345400936721848,-11.991969160643999,21.26129331081073
-8.713947537972258,-12.425998800075698,21.730049599791144
-9.087697417898601,-12.835228767773513,22.268511081617802
-9.46333830027498,-13.209959250192531,22.87572912750246
-9.836908665296395,-13.539735778376995,23.54904983060022
-10.20379916829495,-13.813629234359135,24.283803974936298
-10.558785868908751,-14.020626865415208,25.073040013113886
-10.896103022018355,-14.150133796112918,25.907338385859045
-11.209561806928233,-14.192570737142903,26.77474954538522
-11.492718630280041,-14.140036533408166,27.66089693041014
-11.73909242089324,-13.986985880861178,28.549277852642895
-11.9424247949113,-13.730856236738726,29.42177859227201
-12.096970611809924,-13.372567812759714,30.25939536679757
-12.197800142317469,-12.91682076997944,31.04312284162615
-12.241088989445029,-12.37212727598033,31.7549413904431
-12.22436927717261,-11.750543289982724,32.37880986494721
-12.146716442352758,-11.067102673093913,32.901558711573294
-12.008850661039109,-10.338997971582712,33.31358341735765
-11.81314014168795,-9.584589470476862,33.60926126420599
-11.563504038484954,-8.82234865119533,33.787051496241716
-11.265223805692987,-8.069848599706331,33.84928276640348
-10.924681497091242,-7.342901273824383,33.801672960827524
-10.549050210620315,-6.654913586556296,33.652657045921096
-10.145964693040536,-6.0164980319718335,33.41261352701851
-9.723199018351922,-5.435337110111376,33.093078757648016
-9.288373959325638,-4.916270857557136,32.706023761316516
-8.848710374950562,-4.461557359770191,32.263245736599224
-8.410837946438336,-4.071248096989346,31.775901743700857
-7.980662037858217,-3.7436217370737745,31.25418989431724
-7.563286103538378,-3.475628507772345,30.707166544859724
-7.162983280132368,-3.2633092292865586,30.142677510419325
-6.783208609096448,-3.102165636194711,29.567376709060508
-6.426642522259387,-2.9874698223423053,28.98680561065994
-6.095256457406758,-2.9145094834821115,28.405509824668655
-5.790392396953498,-2.8787718383093193,27.827173662081485
-5.512849424119685,-2.8760728991179163,27.254758422548818
-5.262971820095499,-2.9026406088369803,26.6906347448113
-5.040734610941657,-2.9551608004379557,26.13670321606666
-4.845823710838201,-3.030794462968365,25.594500420025447
-4.677708848509608,-3.1271738145515395,25.065289738789577
-4.535708293454654,-3.2423834762304407,24.550137626418493
-4.419045028769804,-3.3749318024278625,24.04997689424094
-4.326894471350621,-3.523716266496469,23.565658942300654
-4.258424146659549,-3.6879857792021307,23.097996971807575
-4.21282591289262,-3.8673019524453314,22.64780212755926
-4.189341424617878,-4.061500605922966,22.21591432699914
-4.187281551395621,-4.27065423458624,21.80322928926394
-4.206040441019084,-4.4950356884009155,21.41072301834711
-4.245104854407112,-4.735082940983897,21.03947473875974
-4.304059310949271,-4.991364519704223,20.690689037535765
-4.382587477473448,-5.2645449192396425,20.365717732447923
-4.480470116914253,-5.555349109433106,20.066081756286092
-4.597579788449328,-5.864525066752534,19.793493110220965
-4.733872362459865,-6.19280310147964,19.549876681864337
-4.889375283733553,-6.540850620010211,19.337391429759382
-5.064172387487827,-6.909220859758163,19.158450088488465
-5.258384948385865,-7.298294077307008,19.01573612985026
-5.472148527548281,-7.708209682410196,18.91221620932749
-5.705585083763361,-8.138787926642559,18.851145720734362
-5.958769743128214,-8.589440025175627,18.836064370489428
-6.231691591088682,-9.059066077931922,18.870777874841085
-6.52420788267509,-9.545940942555454,18.95932100876341
-6.8359911874621275,-10.04758938956243,19.1058963571464
-7.166469229028336,-10.560653538625015,19.314782346846567
-7.514757584200077,-11.080757823548344,19.590203643347103
-7.879586018502756,-11.602379615920494,19.93615702497246
-8.259220092630196,-12.118737131992255,20.356186730446968
-8.651380810873698,-12.62171020182058,20.85310541671696
-9.053166501240318,-13.101813543465962,21.428660707816086
-9.460982777854163,-13.548245738958734,22.083153269268966
-9.870488228798942,-13.949039214566383,22.81502064350429
-10.276565191691994,-14.291335933261614,23.620411605607863
-10.673326306998351,-14.561808755993399,24.492787824175384
-11.054168045265111,-14.747238127328089,25.422601594543988
-11.411881581544185,-14.835237014054323,26.39710786431687
-11.738828736745823,-14.81509412328741,27.400372390519255
-12.02718586431239,-14.678678361193326,28.413532048699842
-12.2692514989302,-14.421320438342391,29.415345123019037
-12.457804775319136,-14.042566645343282,30.383037906791024
-12.586492159141265,-13.546692219868167,31.29341151040256
-12.650211569724133,-12.942873497305348,32.12412579032451
-12.645457484201815,-12.244951802483369,32.8550355975981
-12.570589895420465,-11.470774880708742,33.46942918555766
-12.425995105955652,-10.641164560687512,33.95501857169244
-12.214117106060971,-9.77861885237211,34.304560252041504
-11.939353143924018,-8.905898719258461,34.51603760815279
-11.607823387169748,-8.044664139560096,34.592402300031324
-11.227039205779084,-7.214307952518608,34.54093589210094
-10.805504910891527,-6.431094713512494,34.37234098034865
-10.352292213905246,-5.707656715644221,34.09969452938851
-9.876625103120732,-5.052843811014711,33.73739360897109
-9.387506415592728,-4.4718788513565375,33.300200384887376
-8.893408025006083,-3.9667428123308195,32.80245801079264
-8.402036349089299,-3.5367039561400366,32.25751143630345
-7.920175536858806,-3.1789105645295956,31.677334494159734
-7.453603341854521,-2.8889815690821776,31.072341110480235
-7.007069776672411,-2.661548371511252,30.451345100125444
-6.584326095914704,-2.4907199418078005,29.821628502479292
-6.188191053260676,-2.3704591812671896,29.189080371315406
-5.82064216757297,-2.294870349421203,28.558373737885756
-5.48292136281184,-2.2584050243477884,27.933155887189653
-5.175646358652634,-2.2559982064101662,27.31623453073558
-4.89892124921698,-2.283147666764248,26.709748979549616
-4.652441604121043,-2.335949365836765,26.11532059801138
-4.435591047231239,-2.4111004641585945,25.5341805922104
-4.247527574851898,-2.5058796688151093,24.96727570476808
-4.087258873979456,-2.618112770574793,24.41535389368184
-3.9537066260747884,-2.7461294473691726,23.879032825402774
-3.8457602769860912,-2.888715848494473,23.358854246679076
-3.7623210653440524,-3.0450661683241864,22.855327206592058
-3.7023372724554737,-3.214735363433135,22.368962823166502
-3.6648317228278215,-3.3975943355876534,21.90030292836063
-3.6489225555361036,-3.5937882587610424,21.44994454621031
-3.653838225755765,-3.803698233589638,21.01856179951876
-3.678927600267023,-4.027906072620971,20.60692651939173
-3.7236658931436435,-4.267161723906626,20.215928554385975
-3.7876570568800867,-4.52235260344014,19.84659653849325
-3.870633105580855,-4.794473907841793,19.500119670348795
-3.972450703940435,-5.084598801133492,19.17787086693704
-4.093085210315653,-5.393847201140785,18.88143146804356
-4.232622214842171,-5.723351723861868,18.612617464967627
-4.391246464265611,-6.074219174472151,18.373506988631505
-4.569227913847721,-6.447485803390732,18.16646849601183
-4.766904493772473,-6.8440643839585835,17.9941887152882
-4.98466102453664,-7.2646810330058464,17.85969892281192
-5.222903566602975,-7.7097996175190096,17.766397501700094
-5.482028351125022,-8.179531616554664,17.71806594702381
-5.7623843225239675,-8.673529504872178,17.7188745169919
-6.064228248245205,-9.190862185851016,17.773372578067157
-6.387671342673014,-9.72987184676048,17.886457375282205
-6.732616447836349,-10.288012988391271,18.063313540721783
-7.098685062041235,-10.861676464598425,18.309314262459818
-7.485133970094875,-11.446004331329066,18.62987389604563
-7.890761976848849,-12.034705295031111,19.03024125735277
-8.313808355042642,-12.619885623468097,19.51522338388831
-8.751846156092176,-13.191916415608297,20.08883184013143
-9.201675535863476,-13.739364700120028,20.753848439006937
-9.659224691891763,-14.249022084595925,21.511315339010608
-10.119468764704026,-14.706069187092774,22.35996644678017
-10.576379841924256,-15.09441481392973,23.295632980664053
-11.02292354311397,-15.397243283684375,24.310675046846796
-11.451118870268472,-15.59778884633007,25.393510834663847
-11.852177232204324,-15.680330936213577,26.528331495769912
-12.21673290658669,-15.631368019638133,27.69509724213222
-12.535170016094435,-15.440884178173908,28.869902213319598
-12.798040233332229,-15.103578454702182,30.02576678279139
-12.996551652740267,-14.619893325520854,31.133864357754497
-13.123094449992543,-13.996668192593479,32.16511975135412
-13.17175599149706,-13.247267169529483,33.09203979471096
-13.138770366987913,-12.391091361388343,33.89057215873004
-13.022847878313396,-11.452477211178518,34.54175511705794
-12.825340285456681,-10.459085962591889,35.032933599960465
-12.550216698490972,-9.43997961144551,35.358377875943134
-12.203849566969696,-8.423631895334275,35.51923840708158
-11.794635245027562,-7.43612491855953,35.5228800932814
-11.332493888207653,-6.499734142453435,35.38173391129366
-10.82830511807272,-5.632022194989293,35.111862432564116
-10.293337521093518,-4.845468653613576,34.731448943822535
-9.73872270636373,-4.147581295172055,34.25939259015142
-9.175011237280058,-3.5413793762820633,33.71413841546396
-8.611831878710479,-3.026116119323865,33.112808834007154
-8.057660498455862,-2.59811170235641,32.4706467078684
-7.519692830284964,-2.2515906198047637,31.80073874486869
-7.003807131034655,-1.9794482401280713,31.11396407998414
-6.514598510363877,-1.7739025329246392,30.419104747168966
-6.055465693149526,-1.6270131260602614,29.72305797753429
-5.628732233477883,-1.5310689000492763,29.031100100297262
-5.235786789166898,-1.4788572177127737,28.34716424514974
-4.877230212285687,-1.4638338288478243,27.674106253519366
-4.553020368357831,-1.4802141285858992,27.013943627996976
-4.262608435888245,-1.52300536694261,26.368060365394484
-4.005062801481603,-1.5879968788643082,25.73737613451548
-3.7791785157322266,-1.6717223278650752,25.12248181353419
-3.583571644175375,-1.771404893967042,24.52374535779081
-3.4167588042404766,-1.884893590752862,23.941392788361355
-3.277222803125437,-2.0105965925837306,23.375569169932305
-3.16346565991157,-2.1474156090405185,22.826384089598832
-3.0740504754093627,-2.2946839193093407,22.293945575742367
-3.0076336602780063,-2.4521096097813926,21.77838575413801
-2.962988988889497,-2.619724773635002,21.279880916073445
-2.939024845478353,-2.7978408666419803,20.798668118781297
-2.934795893715295,-2.987010013084573,20.33505997249784
-2.9495102473079777,-3.1879917736815897,19.889458894068206
-2.982533058478209,-3.4017246871573166,19.462371817090283
-3.0333872800074073,-3.6293017495457813,19.0544261306009
-3.101752198732681,-3.8719488775442783,18.66638745732095
-3.187460185394197,-4.131005295860297,18.299179762741915
-3.2904919573765095,-4.407904678660377,17.953908191909047
-3.410970505707941,-4.70415574974972,17.6318849454198
-3.549153693342515,-5.021320895098469,17.334658412859543
-3.705425385304161,-5.36099115719388,17.06404566186308
-3.8802848194636175,-5.724755758651953,16.82216821259142
-4.074333766306783,-6.114164041720091,16.611490784934084
-4.2882608542716065,-6.530677415783622,16.434862358175653
-4.522822252419205,-6.975608590692991,16.29555839294816
-4.7788177047361255,-7.450045066865296,16.197322389240327
-5.05706070396976,-7.95475360018504,16.14440404273203
-5.35834138652894,-8.490062234391807,16.14159006321081
-5.683380540330078,-9.055716606324967,16.194222186574954
-6.03277297224057,-9.65070773795539,16.308195016901703
-6.406918423663872,-10.273069648726189,16.489924087215535
-6.805938313932123,-10.91964713015154,16.74627200846081
-7.229576917163985,-11.585837256604629,17.084417985144395
-7.677086250668549,-12.265313026180035,17.511653690610498
-8.147095107451083,-12.949744264099307,18.03508713978746
-8.637464451605421,-13.628539757462043,18.66123670876701
-9.14513395375806,-14.288645362625061,19.395501105148476
-9.665967862418302,-14.914444766141083,20.241499449615254
-10.194612654379183,-15.48782098963423,21.200290311908443
-10.724383738949758,-15.988444685371492,22.269500782116395
-11.247203342831305,-16.394355511741807,23.442426521469397
-11.753615598953397,-16.682890131667076,24.707199106053054
-12.232906392471035,-16.83197941392084,26.04615246719898
-12.673352956788763,-16.82178505972326,27.435546578566182
-13.062619872756429,-16.636573808799252,28.84581121360743
-13.388302954592362,-16.26664498648795,30.242442458864033
-13.638600875630443,-15.71005284466923,31.587610943439707
-13.803068789389485,-14.973824194077428,32.84242536153863
-13.8733834755514,-14.074389428219048,33.969655510939404
-13.844032186280616,-13.037035563123696,34.93658920875788
-13.712833807164621,-11.894346337077767,35.71761843344526
-13.48121511485536,-10.683784197571226,36.29615612815372
-13.154196152919548,-9.44474128334166,36.66558712874111
-12.74008115323214,-8.21548990414303,36.82913330755647
-12.249895302191115,-7.030466497676848,36.79871593840723
-11.696642657993817,-5.918228977380891,36.59307040837809
-11.094479206896008,-4.9002695941625944,36.23546616208282
-10.45789505484209,-3.9906936219614924,35.75139307316528
-9.800983944263457,-3.1966337095960093,35.16650876044988
-9.136852936466456,-2.5191869827479296,34.50503268962613
-8.477197313855811,-1.9546404700246471,33.7886582228213
-7.832041294488173,-1.4957765414881738,33.035959947559185
-7.209627331549092,-1.1331027800276618,32.262213376636154
-6.616426462737998,-0.8559103075924808,31.479517630028468
-6.057238486582936,-0.6531173741294718,30.697111461303322
-5.535351898539787,-0.5138943172117103,29.921788855036464
-5.052737592361354,-0.4280907039037126,29.158343248003295
-4.610255690368905,-0.3864977554411174,28.409992682291698
-4.207860352124772,-0.38098249508446297,27.678758164950064
-3.8447923348489756,-0.40452787364230103,26.965782711923413
-3.519753122448403,-0.4512081503738683,26.271588971094413
-3.2310575360840676,-0.5161229185141818,25.596279679122546
-2.976763965284376,-0.5953074839523637,24.93968849681052
-2.7547828583184786,-0.6856323865990528,24.3014899453421
-2.5629650433617788,-0.7847008826610282,23.6812770245064
-2.3991719656629535,-0.8907501588805179,23.078614227060086
-2.261330144328507,-1.0025598038269425,22.49307247814096
-2.1474721726828507,-1.1193694618360717,21.92425128275742
-2.0557664810707346,-1.2408064922926922,21.371792205104075
-1.9845379025978336,-1.3668237219258752,20.835386802574675
-1.9322808667969062,-1.4976469076172245,20.314781318576863
-1.89766681772866,-1.633731243146081,19.80977979717495
-1.879547227076138,-1.7757260868630025,19.320246800210782
-1.8769533587416432,-1.924447015908798,18.846110559028247
-1.8890937444304592,-2.080854295505324,18.387367152730864
-1.9153501519244602,-2.246036866748555,17.94408614963352
-1.9552726694598943,-2.421200986871302,17.516418058192993
-2.0085743897449717,-2.6076626897611233,17.104603891828972
-2.0751260536961254,-2.806843261869331,16.70898714566135
-2.154950904314973,-3.0202669413387158,16.330028502064614
-2.2482199021779623,-3.2495600387886396,15.968323617901973
-2.355247362285981,-3.496450639459181,15.624624392401104
-2.4764869836762533,-3.7627679707329604,15.299864164245411
-2.612528154005357,-4.050440398121823,14.995187332286513
-2.7640923166133438,-4.361490837375909,14.711983927231707
-2.932029082231986,-4.69802813019125,14.451929669449271
-3.11731164583167,-5.062232615042591,14.217032013551545
-3.3210309249083263,-5.4563337218932055,14.009682579650615
-3.5443876621620753,-5.882576920320577,13.832716170710984
-3.7886815262324127,-6.343176749453659,13.68947622943362
-4.055295992583831,-6.840251958138172,13.583886035077866
-4.3456774879277145,-7.375738003693006,13.520524100069844
-4.66130693415123,-7.9512713426678285,13.504700996286454
-5.003661436168276,-8.568039184374422,13.542533098303586
-5.374163437456021,-9.226587818577089,13.641006336172351
-5.774114249126637,-9.926582515592031,13.808019862302876
-6.204608500551252,-10.666512699287512,14.052395443620139
-6.666425855977974,-11.443338141790838,14.383833363813046
-7.159896436720691,-12.252076041611662,14.812789810314785
-7.684736990788235,-13.085335926865339,15.350244591237441
-8.239856243409198,-13.932820388789056,16.00732254957454
-8.82313039610843,-14.780825637600765,16.794728921466778
-9.431153815156222,-15.611797264518133,17.72196077979595
-10.05897592861532,-16.404022772948455,18.796267311726254
-10.699843430222872,-17.131570771996106,20.021355491407107
-11.344976865819007,-17.764611467301574,21.39587913395054
-11.983421646448402,-18.270264524439263,22.911810837189947
-12.602023545672736,-18.614104924954617,24.552875544834826
-13.185584596016465,-18.762399779341727,26.293310475723644
-13.717252688093435,-18.685037525644038,28.09728653645245
-14.179182476896086,-18.358946135022915,29.91934753885648
-14.55347316185561,-17.771601595171425,31.706157989591937
-14.823340826805465,-16.92405246450424,33.39967179812546
-14.974425818446345,-15.832802419101078,34.94154944047739
-14.996082335718242,-14.529969869233382,36.27831557533269
-14.88246551548319,-13.061412145947507,37.36646493015047
-14.633236693641853,-11.482919919992124,38.17660788448081
-14.253756784229138,-9.855038452342557,38.69587502673848
-13.754722822860922,-8.237403027512737,38.92816000925295
-13.151301834843514,-6.683566584424665,38.8922630776885
-12.46190148306191,-5.237120949838356,38.6184418769697
-11.706765783643545,-3.929546740818172,38.144141928522686
-10.9065876543881,-2.779810271844423,37.509709240459074
-10.081294659211123,-1.7953913362487306,36.75471874881682
-9.2491066981789,-0.974247328756893,35.91528067632613
-8.425903296658744,-0.3071993993818606,35.02241465496472
-7.624887733321863,0.21968161143249554,34.101377844112044
-6.856502325835949,0.6229699613829609,33.171722659151904
-6.128533979310317,0.9202007954634965,32.24783151206312
-5.446347786224504,1.1286377694560232,31.3397027795507
-4.8131938858995555,1.2644535265629864,30.453815370715326
-4.230544263909169,1.342249562862419,29.593957163840354
-3.6984283219790988,1.3748329806132917,28.761952749945536
-3.215746900907924,1.3731737677191527,27.958263436005023
-2.780553131385372,1.3464794396128392,27.18245720640466
-2.390294887447735,1.3023387966759683,26.43356054689173
-2.042017982962452,1.2469002468131574,25.7103106078343
-1.7325319947142759,1.185061372315151,25.011327805125045
-1.4585421406323047,1.1206549534407648,24.335227726550038
-1.2167513565704073,1.0566227816254623,23.68068859846415
-1.0039368888362468,0.995172777040677,23.046487507813787
-0.8170055639265678,0.9379176559628374,22.43151560599557
-0.6530315582313256,0.8859950932329721,21.834779911906736
-0.5092800655293171,0.8401703222607916,21.255397180953906
-0.38321980973321373,0.8009226498733577,20.69258361679829
-0.2725269107535321,0.7685176036209578,20.145642925855636
-0.1750822025244519,0.7430664878938605,19.61395428372436
-0.08896373385589727,0.7245750762753507,19.096961127485123
-0.012435858221947954,0.7129830582306736,18.594161243735023
0.05606396247332006,0.7081957182206461,18.10509833447739
0.11793975510803223,0.710109173050132,17.629355067343184
0.17445235088784158,0.7186303399853513,17.166547518784224
0.22673490530890222,0.7336926606794824,16.716320873184824
0.2758082476979448,0.7552684681829469,16.27834622869051
0.322595798803322,0.7833787584260574,15.852318368919697
0.36793788611796224,0.8181010145117945,15.437954379811494
0.4126053590635252,0.8595756321215084,15.03499301700713
0.4573124628687123,0.908011406952604,14.643194757954609
0.5027289736038545,0.9636904696344927,14.26234250254
0.5494916297186575,1.0269729890001074,13.892242915745253
0.5982149195718462,1.0983019097241102,13.532728435605813
0.6495013015291083,1.1782079438256363,13.183660000076184
0.7039509446322898,1.267314995894116,12.844930578123916
0.762171084721965,1.3663461675197894,12.51646962451136
0.8247850940748043,1.4761304555227168,12.198248615517745
0.8924413626856931,1.5976102291842136,11.890287865680571
0.9658220866132735,1.7318495414955057,11.592664875012865
1.045652053379427,1.8800432957211575,11.305524513729424
1.1327075060401863,2.0435272479976505,11.029091419049909
1.2278251556691286,2.223788775088058,10.76368505796544
1.3319113956648159,2.4224782685025197,10.509738002761212
1.4459517490837892,2.641420925173183,10.267818074194105
1.5710205500850405,2.882628581952809,10.038655131669895
1.7082908197691578,3.1483110750106955,9.823173430746234
1.8590442414599946,3.440886381037985,9.622530624317868
2.0246810658371195,3.76298849620354,9.438164650604342
2.2067296757633814,4.117471607106039,9.27184991967987
2.4068554057145772,4.507408575665905,9.125764364744965
2.6268680306058427,4.936081060484748,9.002569037731343
2.868727099943309,5.406957687512425,8.905501957983256
3.134543978915093,5.9236555144071135,8.838487800732564
3.426579048375192,6.489878555758399,8.806264637995556
3.7472319880244687,7.109325307168786,8.814528170242541
4.099022397562499,7.785555004398078,8.870092500974504
4.484557177360582,8.521799808910494,8.981064214412426
4.906480079944877,9.320707348782388,9.157022925985352
5.367397662640305,10.183995357579626,9.409196085922687
5.869774564718262,11.111998111981197,9.750608035562465
6.415789711039465,12.103083963358793,10.196172524228594
7.00714392959621,13.152926090709851,10.762683601843017
7.6448089503375884,14.253617080644881,11.468641961002305
8.32870845112534,15.392635410649586,12.333833352569242
9.057324661851416,16.551702559357352,13.378555423520444
9.827230296112022,17.70561769373948,14.622375017012606
10.63255679080118,18.821225721100024,16.08229972705062
11.46442753880296,19.856762544618476,17.770280536987354
12.310409921846121,20.76191795773606,19.690046153362545
13.154071695418661,21.479035805087666,21.833423249084106
13.974761564283098,21.945886960627853,24.176528281904574
14.747761586259617,22.100339854433557,26.67650531075044
15.444965643877792,21.8869520017497,29.269760868169833
16.036205165382338,21.264989003340258,31.872783077649668
16.491254763489565,20.21671259609475,34.3864625445917
16.782404510858836,18.754168928058057,36.70422839670198
16.887306105074554,16.922466295865398,38.723297486246885
16.791641286498738,14.797954079056943,40.357177128943626
16.491093381920766,12.48087082905407,41.54674502497527
15.992181485369935,10.083606317098202,42.267235079134764
15.311742934885592,7.717089120908483,42.529448873402835
14.47515668492976,5.478342331708749,42.37515472783343
13.51367884168016,3.441709127386037,41.868235833395715
12.46141542168193,1.6549388809972283,41.084053418486626
11.352449768352766,0.13987241065349543,40.09945274185979
10.218505768427748,-1.103560000231908,38.98508179364783
9.087335739567676,-2.0916756573954767,37.80068243663478
7.981844448795582,-2.851161215726407,36.59316683191303
6.919839830786416,-3.413943603642182,35.39680712614257
5.914245016031457,-3.813260804534262,34.23473353346699
4.973601722616685,-4.080991545650207,33.12103543551713
4.102720862572321,-4.246074787001127,32.062959235985616
3.3033737194457142,-4.333759584721683,31.06290095701875
2.574953982078832,-4.36542462342718,30.120053872620286
1.915071206286712,-4.358749531541815,29.231679906831143
1.3200582335963056,-4.328076081449013,28.394034891237233
0.7853894372064738,-4.284849589530219,27.603005277229784
0.3060150521921984,-4.23807238234727,26.854520334124935
-0.1233789508880086,-4.194731028254977,26.144799015513527
-0.5081744790993192,-4.1601787920965165,25.47048099582365
-0.8536775179391642,-4.1384669153846225,24.828680633138347
-1.165016919261638,-4.132625197951809,24.216992719267836
-1.4470770268820998,-4.144895829038176,23.63347061414744
-1.7044567173531444,-4.176925831378489,23.07659088079341
-1.9414486891426177,-4.229923738795309,22.545213685828998
-2.162033950859826,-4.304785788207339,22.038544737219347
-2.369887416851068,-4.4021963014792265,21.556102104086154
-2.5683913190095033,-4.5227062423346025,21.09768963868902
-2.7606538006107706,-4.6667932487385375,20.663377676710574
-2.9495305887087566,-4.834905799635259,20.25349105313621
-3.137648063394197,-5.02749358678347,19.868604102131002
-3.327426370618606,-5.245025624443821,19.50954210855674
-3.5211014736630872,-5.4879971335724065,19.177388570070413
-3.720745217841427,-5.7569257741944275,18.873497554911296
-3.9282826029719558,-6.052337363087861,18.599510357359332
-4.145505526462724,-6.37474080092698,18.357375524578917
-4.374082283662596,-6.724591546177798,18.14937112398079
-4.615562098453217,-7.102242622242599,17.97812781036542
-4.871373913619097,-7.507881849525909,17.846650808920593
-5.1428186067981265,-7.94145378847396,17.758338326790987
-5.431053726271849,-8.4025648139079,17.71699311898654
-5.7370697786095235,-8.890369887876927,17.72682294871166
-6.061657070841614,-9.403440057035636,17.792424499418303
-6.405362145606153,-9.939610599792367,17.918743947568927
-6.76843299140315,-10.495811245108678,18.1110059714862
-7.150752516599811,-11.067882155505355,18.37460160645462
-7.551760312111045,-11.650382586443422,18.71492431614853
-7.970363569901528,-12.2364034348474,19.13714332559313
-8.404839250335437,-12.817400292406452,19.6459041968763
-8.852731265339559,-13.38306993508161,20.24494952503066
-9.310748592899536,-13.921299879027613,20.93665829060701
-9.77467281458314,-14.41822670089086,21.721511603516827
-10.239286405354818,-14.858442643129122,22.597505817539613
-10.69833586924055,-15.225389374133742,23.559551156993994
-11.144545964084665,-15.501969998996724,24.59891384063694
-11.56970204291723,-15.671392967102614,25.702779407736898
-11.96481606312096,-15.718232855246741,26.85402992873378
-12.320387202503557,-15.62965383076308,28.031331868814107
-12.626759694895046,-15.396696145097367,29.20961801347323
-12.874568531602346,-15.015482702849905,30.361011200434756
-13.0552491362675,-14.488173563564827,31.45617922033079
-13.16157222968846,-13.823494077068865,32.466035661126035
-13.188153032683926,-13.036696681471383,33.363624876624236
-13.131878178136583,-12.148888251221818,34.125970266603254
-12.99219694332211,-11.185753691178233,34.73564310298754
-12.77123655665588,-10.175810862265237,35.1818361403461
-12.473722746127887,-9.14841548388561,35.460800640718794
-12.106712369144699,-8.13177490996926,35.57561088349321
-11.67916955207454,-7.151216425757756,35.53533040257607
-11.201435196160274,-6.227894748014975,35.35374192055599
-10.684648674426265,-5.37803374895829,35.04784951022662
-10.14017934166883,-4.612703662283298,34.63636194693501
-9.579115850136988,-3.938058656885599,34.13832877581478
-9.011846506214784,-3.355913116404407,33.57204158508765
-8.447747685879069,-2.8645201950847707,32.954249911161845
-7.8949826875449265,-2.4594271266408176,32.29968764436608
-7.360402215938655,-2.1343083703128296,31.62086890597788
-6.849530620659454,-1.881710040590469,30.92809325716367
-6.366618778320061,-1.6936696786020577,30.22959583919134
-5.914744285638619,-1.5621999978742558,29.5317838996573
-5.495941423268402,-1.4796423234478457,28.839512385928238
-5.111346232175141,-1.4389055116589589,28.156364126371045
-4.761345295376187,-1.4336106358285519,27.484912117827704
-4.445719953033491,-1.4581623569332756,26.8269513241531
-4.16378042317755,-1.5077662048969802,26.183694768572238
-3.9144865374210145,-1.5784081580377065,25.555933713381897
-3.6965535195883468,-1.6668097285481633,24.944164770226816
-3.5085424838122052,-1.7703687212072599,24.34868835726858
-3.3489361830142124,-1.8870931732978846,23.76968347101073
-3.21620108054928,-2.0155337917037546,23.20726364610403
-3.1088371231331973,-2.154718472233699,22.66151851969365
-3.025416726765196,-2.3040911639546073,22.132544796073226
-2.9646145012749656,-2.4634563579291977,21.620469751021375
-2.9252291734218754,-2.6329297645467085,21.125469799015026
-2.9061990528452064,-2.8128952330003196,20.647786109259837
-2.906612240866234,-3.0039676068192436,20.18773881236395
-2.925712623826774,-3.2069609572535964,19.74574098760744
-2.9629025299201417,-3.4228614572159226,19.322313351680243
-3.0177427671467134,-3.652804025170984,18.918100369765884
-3.0899506031069794,-3.898051759262167,18.53388836350948
-3.179396095742217,-4.1599770797665405,18.1706260818646
-3.2860970372140996,-4.440043388583636,17.82944811415683
-3.4102126291093646,-4.739785926280297,17.51170144374163
-3.552035863474674,-5.06079035078984,17.21897534822294
-3.7119844376982782,-5.404667370003759,16.953134729252245
-3.8905898785674795,-5.7730215288600935,16.716356779240705
-4.088484388634874,-6.167411979901568,16.51117063728114
-4.306384753561842,-6.5893027606609795,16.340499319949533
-4.545072460837286,-7.039999777120839,16.207702695633227
-4.805368978859705,-7.520571379532922,16.116619558045837
-5.088104935103772,-8.031749165278951,16.071605894519926
-5.394081722845752,-8.573805532306794,16.07756518456411
-5.724023875843279,-9.146404654088188,16.13996495704014
-6.078520409326621,-9.748424121180637,16.264831853197826
-6.45795327943577,-10.37774572352575,16.458715103869192
-6.862411228084491,-11.031016024509114,16.728605726779918
-7.291587647040932,-11.703380852496284,17.08179610633514
-7.744661831452403,-12.38820298356559,17.52566234700206
-8.220164240926831,-13.076779440553885,18.067350569780196
-8.715828300003102,-13.75808414337527,18.713349154086018
-9.228433990179303,-14.418572888654136,19.468933169642263
-9.753652092644968,-15.042099922725221,20.33747652468709
-10.285902380606192,-15.610006810534115,21.319643332141325
-10.818244046320691,-16.101451708544655,22.412493828985298
-11.342321551061875,-16.49404596682673,23.608571721061875
-11.848392843380195,-16.764849705058193,24.895076499104853
-12.3254679970807,-16.89174338556094,26.253260016639693
-12.761582981175607,-16.855135671836894,27.658211356264452
-13.144223801022038,-16.63989169279293,29.07919452524234
-13.460899717711564,-16.237281195428885,30.480666553749465
-13.699841315640445,-15.646673189820035,31.824021260181762
-13.850772764866534,-14.876669158347926,33.06998041900865
-13.905683014315086,-13.945395777266665,34.18141013903692
-13.859504663919392,-12.879782451116068,35.12621237902074
-13.710608275625958,-11.71381752463177,35.8798723086774
-13.46103732427608,-10.485972523448595,36.427264199403105
-13.116443322970895,-9.236152256146257,36.76343787939346
-12.68572502736476,-8.002619150800156,36.89329725509717
-12.180419697733333,-6.8193259106239275,36.83028917505151
-11.613927810900389,-5.713979891463149,36.594386965330486
-11.000668473710974,-4.706994548614848,36.20973763149775
-10.355259652582406,-3.8113097692402302,35.702335012691655
-9.69179891928648,-3.0329280484823435,35.0980023881575
-9.023293516598526,-2.371940250177074,34.42085287831549
-8.361260366089432,-1.8238029561368143,33.69228059550007
-7.715492690597958,-1.3806629442770406,32.93044506890605
-7.093973126780062,-1.0325811561507015,32.15015646872699
-6.502904049761657,-0.7685691845925434,31.363047848485813
-5.9468231642415645,-0.5774031199660661,30.577924372972216
-5.428774328286982,-0.44821692869982555,29.801197838673456
-4.950508118568474,-0.3709001046512972,29.037338738420182
-4.51269223027089,-0.33633478996588206,28.289301528019593
-4.115117341668081,-0.33650955849251085,27.55889831026979
-3.7568889400935794,-0.3645440131745834,26.847110710118365
-3.436599538540842,-0.41465291061309667,26.154339462010515
-3.1524786805089784,-0.4820724526853558,25.48059700783657
-2.9025202347495944,-0.5629656902223934,24.825651241204294
-2.6845878759266775,-0.654319141105384,24.18912938943588
-2.496500495067025,-0.7538388672081026,23.570590673092177
-2.3360997322755632,-0.8598513261560101,22.96957539129816
-2.201301994821938,-0.9712121756539054,22.385636832248924
-2.0901373103335605,-1.0872246989580288,21.818361138892826
-2.00077723691471,-1.2075684891239669,21.267379101424666
-1.9315538589493502,-1.3322383500235615,20.732372861507976
-1.880971673048768,-1.4614929435957935,20.21307971440032
-1.8477139355176884,-1.595812459529525,19.709294575374223
-1.8306448150432246,-1.7358644497149038,19.220872214430052
-1.8288084804928044,-1.8824769148895866,18.74773003217344
-1.841426058193539,-2.0366177258412144,18.289851923933455
-1.8678912176052411,-2.1993794853008612,17.84729363540321
-1.9077649888203523,-2.3719689738822067,17.420189931599964
-1.9607702785327188,-2.555700362477667,17.00876386584793
-2.02678643089434,-2.751991405240377,16.613338434280077
-2.105844073331887,-2.962361843923198,16.234350924326268
-2.1981203918035552,-3.1884332488580966,15.872370305141118
-2.3039348916675633,-3.4319294872738872,15.528118057491422
-2.4237456154925794,-3.6946769386078993,15.202492894187332
-2.558145703587705,-3.9786034608358483,14.896599873013818
-2.7078600921644806,-4.285734942452819,14.611784443900005
-2.8737420427754756,-4.6181880412745135,14.349671989330675
-3.056769079363215,-4.978157402404076,14.112213395689386
-3.2580377696873204,-5.3678952518668845,13.901737110596649
-3.4787566193587742,-5.78968076883614,13.721007965483285
-3.720236142203629,-6.245776040705395,13.573292729575321
-3.983874923441157,-6.738364701651886,13.462431851545176
-4.271140196617574,-7.269468561041739,13.39291605958903
-4.583541108643977,-7.840836681638036,13.36996532890188
-4.922592452405526,-8.45380054700704,13.399606063829072
-5.289766215615337,-9.109088301180652,13.488740037514297
-5.686427855941236,-9.806590778565301,13.645195534807826
-6.113753818189969,-10.54507251868991,13.87774712500465
-6.5726265471960925,-11.321822690253772,14.196085491626691
-7.063503256917925,-12.132244536554374,14.610712867054794
-7.586255192850794,-12.969388503551961,15.132733252605798
-8.139975347705738,-13.82344467281022,15.77350062284676
-8.722754913013642,-14.681225525519888,16.544084306286777
-9.331432580889178,-15.525691072821374,17.454511249203158
-9.961326550741619,-16.33559468382032,18.512753547283236
-10.605967006033623,-17.0853573174106,19.723451051767277
-11.25685680949012,-17.745305087715682,21.08639778861341
-11.903299458443367,-18.28242089365808,22.594880618790533
-12.532344161643522,-18.66175170437655,24.23403786622366
-13.128905169131073,-18.8485629892696,25.979495205150773
-13.676111888472274,-18.811227084480873,27.796614925954824
-14.155932977065394,-18.524670305807913,29.640729557207663
-14.550087659320369,-17.974003093537366,31.458682098050147
-14.841210560168038,-17.157765918262182,33.19183157411104
-15.014177903435696,-16.09011357491148,34.780403210435615
-15.057445645409187,-14.801307709341655,36.16871584914888
-14.964211890182424,-13.336133762956765,37.31050549695806
-14.733214212683913,-11.750274628404929,38.17340633730025
-14.369016327443147,-10.105147942576643,38.74174055282203
-13.881722134215211,-8.462088184596382,39.017110366125415
-13.286157632496856,-6.876892270676968,39.01677956020668
-12.600653642068941,-5.39560224040399,38.770311189001326
-11.845619477335616,-4.052037491274932,38.31523822558419
-11.042107976495044,-2.8671530177027784,37.69260959759928
-10.210540258025576,-1.8499336753821194,36.94310149032476
-9.369700716937471,-0.9993254049175299,36.10410848419176
-8.536048864055882,-0.3066645347499536,35.20794046497299
-7.7233403544953365,0.2418486996029191,34.28102784715907
-6.942513060785967,0.6629415249943762,33.34391075761525
-6.201776260784123,0.9744856188018388,32.41174977210241
-5.5068382825302855,1.1941820025613146,31.495118912784662
-4.861214919132405,1.3386789862976352,30.600895328292534
-4.266572582023201,1.423049029722178,29.733120684244305
-3.7230728108258844,1.4605388796840912,28.893762726437185
-3.229696197814215,1.4625126885140594,28.08334590271205
-2.7845330189847397,1.4385212120593116,27.301446861735265
-2.3850346997810914,1.396445755683097,26.54706629248823
-2.028224928044284,1.3426800003656292,25.818895967962725
-1.710872184629743,1.2823247715338089,25.11550186862194
-1.429627139989768,1.2193799088718575,24.435443143786667
-1.181129153914189,1.1569239296731701,23.777344012915382
-0.9620863239848745,1.097276645028644,23.139932531550688
-0.7693333824736239,1.0421428039796712,22.52205703710795
-0.5998713983568704,0.9927366541651521,21.922688343834608
-0.45089280441507806,0.9498883700112359,21.34091348660661
-0.31979480412601713,0.9141338688373061,20.77592502633515
-0.20418375794951749,0.8857897912533134,20.227008577991693
-0.1018727249704027,0.8650154858082719,19.693530235748437
-0.010873954044217038,0.8518637878928476,19.174924874799082
0.07061221781518358,0.8463222696409897,18.67068583821396
0.1442108933856438,0.8483464924141385,18.180356211857273
0.21138765184885216,0.8578866357055822,17.703521704205745
0.273464386182019,0.8749087176854216,17.23980504459414
0.331635408370339,0.8994114700840619,16.788861765819398
0.38698343370139504,0.9314397876802053,16.350377225490373
0.44049517294684476,0.9710955424307389,15.92406473124514
0.4930763558739519,1.018546435143355,15.509664658704022
0.5455660847038385,1.0740334536145497,15.106944481851052
0.5987504749330016,1.137877414828635,14.715699669916333
0.6533755860815675,1.2104849892134641,14.33575544094391
0.7101596787830585,1.2923545358326212,13.966969399428306
0.7698048591866781,1.3840820172564152,13.609235123843208
0.8330081885592141,1.486367209950138,13.262486810266177
0.9004723465694007,1.6000203783543825,12.926705121691521
0.9729159420045983,1.7259695361257035,12.60192444034403
1.0510835652721309,1.8652683736057334,12.288241773866012
1.1357556733035294,2.0191048833549585,11.985827627280642
1.227758389379526,2.1888106617290637,11.694939222834481
1.3279732875011216,2.3758707993119064,11.415936530873555
1.4373472123661017,2.581934190687701,11.149301668343913
1.5569021603480238,2.808823987109623,10.895662328494536
1.6877452120328653,3.05854777463645,10.65582002633959
1.8310784599464784,3.3333068731779534,10.430784078565823
1.988208812182823,3.6355039032317573,10.221812380856143
2.1605574685253663,3.967747437478824,10.030460193588038
2.349668753574559,4.332852119596003,9.85863828669613
2.55721784266932,4.73383206298528,9.7086819060618
2.785016720065723,5.173884602333738,9.583432074714327
3.0350174513790913,5.656360520818691,9.486330682030811
3.309311517449993,6.184715672712182,9.421530566929883
3.610123525799271,6.76243742555824,9.394021254791175
3.9397970683578936,7.39293753228646,9.40977000184464
4.30076981048838,8.079400918894663,9.475876110896767
4.69553406172153,8.824577510102312,9.600733805874427
5.1265780911252525,9.630501802194722,9.794194898297588
5.596302333558596,10.498122810773518,10.067716569675765
6.106903457292206,11.426825955215387,10.43447130262586
6.66021817558288,12.413829520340752,10.909384836953764
7.257517951445114,13.453443297160746,11.509053764206413
7.8992458068108125,14.53618833823649,12.25147736829743
8.584687978808105,15.64779773364597,13.15552012661114
9.311577120611249,16.76815267799214,14.24000550837821
10.075631347167398,17.87025921764405,15.522335050220713
10.870046041307582,18.91944000516385,17.016539915830133
11.68497410627524,19.872997638317173,18.730720207050847
12.50705549018228,20.68068703152029,20.66392729661759
13.319086477284237,21.286384061291255,22.802709654710505
14.099948135512491,21.63130987348678,25.11777090046841
14.824931486092336,21.659007991296466,27.5614462694089
15.466590014595571,21.321929627865817,30.066909909259632
15.9962022889605,20.588967039226656,32.550053981805114
16.38582866475685,19.452686557163215,34.9146937423567
16.610802327791113,17.93456738121877,37.06107933032344
16.652336825359914,16.086527575438446,38.89672733769867
16.499813695868923,13.987617509648839,40.34762813659273
16.152294467503367,11.735936976174834,41.367375257769936
15.61891564662851,9.437211906321911,41.942046920654924
14.918055357948699,7.192479936990271,42.08975572913556
14.075433575015543,5.087522989165768,41.8552672723572
13.121528860787157,3.1859845416363433,41.301355741077444
12.08879209657494,1.5268812754575878,40.499136207389206
11.009097398432113,0.12601354691970768,39.51939261873125
9.911732368109778,-1.019980749129732,38.42617260695105
8.822058896094681,-1.928375020753432,37.2730498161083
7.760828165692423,-2.6251076596953293,36.1017777791644
6.744038563520075,-3.1403025827641704,34.94270267990566
5.783185378610285,-3.5048858807160874,33.81623172206015
4.885752878787824,-3.7483112092203745,32.73476131310771
4.055824509173711,-3.8972287670994854,31.704646513881617
3.294720364246894,-3.974867127170445,30.727966803909275
2.6016030422349172,-4.000902221540029,29.803978345437596
1.974018875511259,-3.9916268433584676,28.93023215831074
1.4083601977207578,-3.960282453405051,28.10338764857238
0.900246483565916,-3.9174595644115944,27.319773012407534
0.44482932476706166,-3.871508226834957,26.575748785138092
0.037029785831390216,-3.828925474741727,25.86792627734906
-0.3282820260690218,-3.7947034472108196,25.193284150019906
-0.6561554065368029,-3.77263234589639,24.54921704075139
-0.9514665245507636,-3.7655583772463097,23.9335415589502
-1.2188570209082852,-3.7755999190502076,23.344477775883277
-1.4626970042466723,-3.804326472805555,22.780618678486395
-1.6870668272348628,-3.8529052727172552,22.24089580779044
-1.8957530237379645,-3.922220196815714,21.72454623509822
-2.092254650307013,-4.012967149979273,21.23108389368503
-2.279797002301376,-4.1257295209329845,20.76027685358824
-2.4613502763742527,-4.261036736455347,20.312131210762512
-2.639651240698288,-4.419408381878809,19.886881706697576
-2.817226366303922,-4.601385838711279,19.48498888252645
-2.9964151801780243,-4.807552906635421,19.107142413558996
-3.179392834471746,-5.038546421648427,18.754270199385587
-3.368191055581474,-5.295057446505136,18.42755275101608
-3.564716749597996,-5.57782318631832,18.128442381010238
-3.770767602887785,-5.887609365536962,17.858686633135132
-3.9880440336039413,-6.225182390243373,17.620355255937906
-4.218156826435808,-6.591270214378885,17.415869801392486
-4.462629723707782,-6.986510439918694,17.248034585576402
-4.722896156751202,-7.411383829345642,17.120067250727796
-5.000289190016625,-7.866131128871618,17.035626482380962
-5.296023627831141,-8.350650947731904,16.998833527009662
-5.611169116535177,-8.864376494222405,17.01428299538755
-5.946612987157991,-9.40612934831957,17.087037009961318
-6.303011560516651,-9.973949308826935,17.222595075928332
-6.6807287258661106,-10.564900887485406,17.426830192857956
-7.079760870403218,-11.174859467866009,17.705879828009184
-7.499647762022695,-11.79828375472271,18.065978719573266
-7.939369869683654,-12.427986134544483,18.513219513092526
-8.397233951357189,-13.054919069039576,19.053227613142443
-8.870750648423488,-13.668003538299478,19.690739239357303
-9.356510361332752,-14.254034323243303,20.429077586694284
-9.850066827555104,-14.797705438515333,21.269532334514754
-10.345841421019932,-15.281805357914436,22.21066342385135
-10.837064871420825,-15.687632973747425,23.247571211607216
-11.315776214193288,-15.995677921181318,24.371200632113005
-11.772900378183168,-16.186589267253364,25.567773588478754
-12.198424707631222,-16.24242195505612,26.81846562591866
-12.581689664209915,-16.14810094873358,28.09945178316571
-12.911799050029124,-15.8929836066616,29.38243312341728
-13.178140241761044,-15.47234226214911,30.635712371461324
-13.370986368932805,-14.888547556894615,31.825812686251364
-13.48213296337175,-14.151726957800454,32.91953586518536
-13.505505611037325,-13.279715967009077,33.88625432590627
-13.437667316457876,-12.297213983502166,34.70015231449461
-13.278158433949447,-11.234188093774947,35.342103313563065
-13.029619352068023,-10.123706176115588,35.80090916172341
-12.697674308775825,-8.999488496811198,36.07372895621727
-12.29058812201909,-7.8935137187289355,36.16566822657238
-11.81873886439023,-6.833988659711494,36.088643438007935
-11.293971818335404,-5.843902060140803,35.85974622452184
-10.728909364097337,-4.940259799986852,35.49938218901137
-10.136287429710533,-4.133977125676955,35.029447331143615
-9.528374712954264,-3.4303105652495764,34.47174593975124
-8.916510853459199,-2.8296622261796363,33.84677134301653
-8.3107790026857,-2.328581253202741,33.172889063820996
-7.719810556950805,-1.9208104583380465,32.465897239535344
-7.150707202025413,-1.598265922167965,31.73889872577653
-6.609058262454845,-1.3518806269020065,31.002402269460017
-6.09902892100078,-1.1722810671565527,30.264571007633393
-5.6234958923173926,-1.050294053961526,29.531548382051884
-5.184210242628927,-0.9772989386160684,28.80780815956076
-4.7819710956109605,-0.945449730394613,28.09649217155516
-4.416798129662546,-0.9477944143291058,27.399714055436483
-4.08809455041731,-0.9783175381281561,26.718818624313858
-3.7947953707807955,-1.031928740790299,26.054594431461698
-3.5354982845841936,-1.10441568799444,25.407442094094517
-3.3085762220786767,-1.1923756957213545,24.777503662835237
-3.11227192160531,-1.2931366044624804,24.164759437406353
-2.944775653932291,-1.4046743864196536,23.569098706007864
-2.804287701453143,-1.5255325427660287,22.99037036412993
-2.689067416494837,-1.6547465108165105,22.428418558698993
-2.5974707362560627,-1.7917749529872848,21.88310760882759
-2.527977973860484,-1.9364388379662023,21.3543395968123
-2.479213578092052,-2.088868557010467,20.842067266501132
-2.4499593888227764,-2.2494588676022493,20.34630423671788
-2.4391627317702484,-2.418831161520602,19.867134037686778
-2.44594050879465,-2.5978023673791864,19.404719097929807
-2.469580257047913,-2.7873596827919136,18.959310531340495
-2.509538976763148,-2.988640261183936,18.531259380577012
-2.5654403654751823,-3.2029149318460823,18.12102984549826
-2.6370709462163364,-3.431574992619971,17.72921494752724
-2.724375437556726,-3.676121069146917,17.356555037726896
-2.8274515820363226,-3.9381529714635737,17.003959534566096
-2.946544523551243,-4.219359387676185,16.67253226407204
-3.0820406999607757,-4.521506126072341,16.363600757257267
-3.234461090411901,-4.846421442529354,16.078749822842756
-3.404453523065335,-5.195976761450653,15.819859639961072
-3.5927836032112976,-5.572060809170709,15.58914848381579
-3.8003236592874745,-5.976544825077349,15.389219979005183
-4.028038920462902,-6.411236098952295,15.223114433984263
-4.276969930541024,-6.877816613282325,15.094363299455516
-4.548209967146164,-7.377763070781621,15.007045055362315
-4.842875974047082,-7.912244106399333,14.96583979586862
-5.16207123521458,-8.481990098927275,14.976078369859508
-5.5068377378261415,-9.087130836420267,15.04378006350026
-5.878095917217319,-9.726996542964672,15.175670409133469
-6.276569298096396,-10.399878716227134,15.379167734617301
-6.702691517617365,-11.10274922976739,15.662323569313868
-7.156493445236267,-11.830939700843931,16.033698177666608
-7.637468749946197,-12.577788779178274,16.50214870817812
-8.144417498300065,-13.334273360486174,17.0765044763452
-8.675269422570231,-14.088651231507043,17.765102961260208
-9.226891613465142,-14.826157389495384,18.57516296298462
-9.794889758400824,-15.52881354780891,19.511980369581792
-10.373417719894233,-16.175428132278522,20.57794977279003
-10.955017008677043,-16.74187850875204,21.7714441286222
-11.530514879685011,-17.201772130831795,23.085625767077197
-12.089016065087069,-17.527570610791976,24.507313235193468
-12.61802653482867,-17.692221621757035,26.016082631855166
-13.103745518273065,-17.6712716792271,27.583825752336374
-13.531551588440406,-17.445328963810624,29.175000990290915
-13.886687981360376,-17.00262243081991,30.74777488682727
-14.155121696595428,-16.341289733012882,32.25614681761104
-14.324513877107648,-15.470962499862939,33.652977980836084
-14.385202934252733,-14.413244581580894,34.89363636688756
-14.331077089411806,-13.200820243725651,35.93977635421846
-14.160209505447263,-11.875171658019775,36.762662456195
-13.875152756010023,-10.48317196599138,37.34547505444927
-13.482838047996273,-9.073066699114653,37.68421302545693
-12.994087898580696,-7.690481919691223,37.78709035930985
-12.422812933426238,-6.375061941165032,37.67262618215132
-11.785008445372927,-5.158161214878628,37.366858979388866
-11.097684621779171,-4.0617603595447,36.900217115356234
-10.377855035381332,-3.0985279607149847,36.3045415874592
-9.641678034942698,-2.2727721416589537,35.610621495426535
-8.903806007957554,-1.5819460763736002,34.84642724890273
-8.17695871138298,-1.0183803753022138,34.03606505678932
-7.471706251893362,-0.570981913197459,33.199361336664474
-6.796427898458148,-0.22672831437912888,32.351926081036964
-6.157404297898858,0.02812713119000898,31.505531539061444
-5.559000388218492,0.20715888781417147,30.66866081960501
-5.003901293173192,0.32315664360158175,29.847114150152233
-4.4933709790590965,0.3877503620510335,29.04459646024611
-4.027511447125011,0.411219619162003,28.263241549718828
-3.6055075014599,0.4024366387830945,27.504052327159933
-3.2258480979835853,0.3688999531246135,26.767253162340978
-2.8865198101256477,0.3168246833010086,26.052560409939815
-2.585171157069632,0.25126414688156107,25.35938225062547
-2.3192486596889736,0.1762449406454548,24.68696073991177
-2.086106771059254,0.09490353781311354,24.034468653324925
-1.8830945043818588,0.009616851157760231,23.401072322477717
-1.7076218417489697,-0.0778776257650766,22.785969811591453
-1.5572089983342496,-0.16637430902115258,22.188411881717727
-1.4295214443511957,-0.2551054110499898,21.6077114468494
-1.322393325264661,-0.34366006931238696,21.043245740864293
-1.2338416186134324,-0.43191600912926903,20.494454212831457
-1.162073055089181,-0.5199827279633522,19.96083423592645
-1.1054855316081582,-0.6081550478387465,19.44193601761564
-1.062665466081696,-0.6968758484266535,18.937357594681476
-1.0323822930380435,-0.7867068258996954,18.446740445520227
-1.0135810782493713,-0.8783061952016473,17.96976601782188
-1.0053740389496115,-0.9724123479175645,17.506153322047105
-1.007031592636974,-1.0698325824147539,17.055657655992945
-1.0179734196251806,-1.1714361292805444,16.618070484771003
-1.0377599098330752,-1.2781507978795776,16.19322049012692
-1.0660842700183455,-1.3909626654191103,15.780975813573267
-1.1027654909887703,-1.5109183157160657,15.381247542764866
-1.1477423125545896,-1.6391292090773646,14.993994525767658
-1.2010682745197612,-1.7767778258749785,14.619229640979848
-1.262907902368996,-1.9251252731470303,14.257027700355886
-1.333534044115965,-2.0855200743507574,13.907535220049109
-1.41332634772588,-2.2594078752869815,13.570982355992184
-1.50277084431058,-2.4483417915944012,13.247697372944863
-1.6024605785439383,-2.653993091505961,12.938124094867538
-1.7130972019180253,-2.878161846919273,12.642842872586446
-1.835493413721878,-3.1227870897563883,12.362595701436158
-1.9705760956991383,-3.38995587049583,12.09831622558873
-2.119389935333187,-3.6819104205268482,11.851165473917497
-2.2831012648972915,-4.001052355446752,11.62257427836033
-2.4630017530121853,-4.349942504972613,11.414293419226269
-2.660511465387635,-4.731294495407836,11.228452605458882
-2.8771806530595847,-5.147959617620389,11.067629404562421
-3.114689419427865,-5.6028997595678165,10.934929145894557
-3.3748441496769113,-6.099144239435863,10.83407657213498
-3.65956924421146,-6.639725219568122,10.769519520291032
-3.970892267473823,-7.22758500142122,10.746544053876786
-4.310920092099946,-7.865446913903811,10.771399075560565
-4.6818029776563295,-8.555639778497138,10.851426304737071
-5.085682775541478,-9.299864218291404,10.995188328877251
-5.524620619402153,-10.098887668315724,11.212582900327007
-6.000498600542463,-10.952154348445564,11.514925396172313
-6.514889152964088,-11.857297491423667,11.914973077033274
-7.068885380084821,-12.809545000760568,12.426854342137986
-7.662885662380033,-13.801018165117956,13.065853877055128
-8.296327068160277,-14.819938295190632,13.847991528137662
-8.967365011057538,-15.849780702581073,14.789321366787103
-9.672502100074883,-16.868451575816767,15.904872195919106
-10.406178149025276,-17.847611855885557,17.2071587906462
-11.160346659428399,-18.752330550338222,18.7042242904858
-11.924081003482899,-19.541309130928422,20.3972398331639
-12.683274985064463,-20.167960427454872,22.277797401713542
-13.420524256414984,-20.582620421026775,24.325187092466606
-14.11529103972426,-20.73608209217957,26.504133352905196
-14.744455445201606,-20.58443281089446,28.76363041986604
-15.28333142118582,-20.09484190464326,31.0375878261718
-15.707165265427784,-19.251528316453708,33.247878171410676
-15.99303934625143,-18.060758754465713,35.310001012983726
-16.12198774374366,-16.553563034704222,37.14095270102241
-16.081025451161548,-14.785076014607986,38.66816910229841
-15.864740167255977,-12.830079475638433,39.83785352939214
-15.476130126623572,-10.775274744815192,40.62089858594434
-14.926499893563872,-8.709732424353964,41.01509420136208
-14.234417216671076,-6.71546427327519,41.0432583930131
-13.423927363996333,-4.859935079511167,40.7479761238229
-12.522354176668408,-3.1916577798425307,40.18438243630378
-11.55805361393434,-1.739104805415011,39.412642207183765
-10.558429959468658,-0.5123819210789164,38.49148598881544
-9.548412394869265,0.4933249293631443,37.47358136568778
-8.5494651806639,1.2935740884984468,36.402917752432955
-7.579103010767522,1.910597005952997,35.31394289000048
-6.650820244392957,2.3698463759228137,34.23197108769399
-5.774317978914667,2.697379616628866,33.17435226602746
-4.955916219486865,2.918077912522483,32.15197344325816
-4.199057399637078,3.054579430162339,31.17079034535891
-3.504832025190026,3.12675935739585,30.233209246136287
-2.8724807118806615,3.1515916905361223,29.339235362953577
-2.299846165621959,3.143254011119711,28.487368982667796
-1.7837628389940443,3.1133702072603326,27.675268073375893
-1.320381507075182,3.0713178805333974,26.900213771277283
-0.9054317928917045,3.0245530405061514,26.159419975311085
-0.5344287700750187,2.978923819369905,25.45022594827692
-0.20283107229265163,2.9389580977895684,24.77020515396028
0.09384186844031073,2.908118425658876,24.11721690855707
0.3599262659732697,2.889022761388426,23.489421072543525
0.5995576595723839,2.883632434331276,22.88527054359204
0.8166362345684279,2.8934101757865314,22.303491911050383
1.0148090413542288,2.9194516342524794,21.74306125980944
1.1974651608648088,2.9625938639089227,21.203179629610634
1.367740568521144,3.023504084502672,20.68325087785614
1.5285300577991616,3.1027516936937514,20.18286349728971
1.6825041014174567,3.2008661465021304,19.70177716258336
1.8321289596064643,3.3183829406469156,19.239914305599402
1.9796886996796565,3.455879579426996,18.79735675667889
2.1273080778839333,3.614003031257831,18.374347369446742
2.276975461236765,3.7934898662887817,17.9712965178937
2.43056514065195,3.9951799213266437,17.58879337920438
2.589858512797698,4.220024018254192,17.22762196618343
2.7565636912839153,4.469085930765999,16.888781927985384
2.932333151220957,4.743538451352528,16.573514179598668
3.1187790170943392,5.044653046548808,16.283331432612208
3.3174855734083484,5.373782195289857,16.020053664297652
3.530018510958896,5.732333075754644,15.785848457473836
3.757930318597002,6.121730796083089,15.58327594272094
4.0027610904563895,6.543368854834133,15.415337742168697
4.26603384185595,6.998543978110792,15.285528805488626
4.549243215009648,7.488371936681291,15.197890288140185
4.853836212972357,8.013680445558178,15.157060582789603
5.181183337057364,8.574874871125417,15.168320202395073
5.532538238135169,9.171772345021003,15.237624351964788
5.9089837577579125,9.803400201309373,15.371614653177158
6.311362081745188,10.467755686797716,15.57759857896223
6.740186733028257,11.161526011374859,15.863481772097465
7.1955344010379285,11.879771470612443,16.237634765375603
7.676915288753857,12.61558012388159,16.708672124458438
8.183121941828091,13.359710885539664,17.285119470103123
8.712058623022054,14.100253272535141,17.974943426313814
9.260556428374063,14.822346428838328,18.784923034584466
9.82418367531877,15.508016597728487,19.71985081656741
10.39706664786737,16.136208820721688,20.78156994340783
10.971742299073847,16.683101378543473,21.96788298303095
11.539071277648212,17.122794325138347,23.27140805518116
12.088245349744295,17.428448603368594,24.678507442185985
12.606925943020022,17.573911582023783,26.16846442281287
13.08154763962617,17.535793066939142,27.713122912390013
13.497809456831575,17.295854761896468,29.27721267305689
13.841356046783405,16.843459511132117,30.81954038096882
14.09862101499033,16.177722334547212,32.29512034022576
14.25776914223565,15.308951830308292,33.65815170902139
14.30964071126791,14.259005691731272,34.86555034476929
14.24857910220668,13.060327006224592,35.88056563452165
14.073021558178462,11.753662677658166,36.675918875091355
13.78575743650712,10.384736110250897,37.23593747315769
13.393805845605804,9.000373008814538,37.557335213523196
12.907924993480576,7.644688368941652,37.64855892542849
12.341823732512603,6.355900314960973,37.52790528370856
11.711187193911915,5.16416267672372,37.22082418882193
11.032644384361951,4.090566679319171,36.75691436052188
10.322795758021252,3.147229708180427,36.16707793342786
9.597389829708975,2.3382246540237177,35.48117087142919
8.870700169073979,1.6610307325059,34.726320398414494
8.155117471486028,1.1081965034155972,33.92592922339861
7.4609425567953656,0.6689692047914233,33.099278933810325
6.796347890149478,0.3307290420159925,32.26158931371469
6.167467113285314,0.08014761954863747,31.42437857273083
5.578571816455177,-0.09594764210362924,30.59598662987673
5.03229949278848,-0.2099805171311238,29.782154743706037
4.529903713898272,-0.27326066506410934,28.98658864315307
4.071505152450023,-0.295795558775647,28.21146218229256
3.656328997980596,-0.2862315598996922,27.457841541927166
3.282920015607795,-0.25188301593574824,26.72602580525476
2.9493308468107746,-0.1988167618543633,26.01580936321972
2.6532822496940183,-0.13196764374336672,25.32667655981296
2.392296034455108,-0.05526775779948921,24.657940748289946
2.163802705617211,0.028222268673174303,24.008839720169885
1.965226494679215,0.11618738454256686,23.378598195783425
1.7940507361580647,0.20694198285248228,22.76646634094615
1.6478665460594748,0.299325781246507,22.17174147883905
1.5244076066310233,0.39261254905041565,21.593778510569113
1.4215736162704662,0.4864316055752653,21.03199314047686
1.3374446768063792,0.5807014601903986,20.485860851268175
1.2702885932003927,0.6755746536230955,19.95491367791615
1.2185627723068657,0.7713927110230847,19.4387361568117
1.180912138830998,0.86865007413329,18.936961339558714
1.156164243832054,0.9679659036009658,18.44926742099726
1.1433225263134226,1.0700627065906336,17.975375304303853
1.141558501702676,1.1757508314718454,17.51504728365326
1.1502034910716592,1.2859179682616217,17.06808694398251
1.1687403697011365,1.401522892380481,16.634340340267055
1.1967957005457908,1.5235927843818338,16.213698512399468
1.2341325245908723,1.6532235455711004,15.80610140702853
1.280644003238783,1.791582605836062,15.411543308328017
1.3363480449687168,1.9399137831524804,15.030079921649609
1.40138299687465,2.0995438019258152,14.661837305074346
1.4760044386586562,2.2718901073073283,14.30702290288398
1.5605830796135236,2.4584696222166884,13.965939001545808
1.6556037254159417,2.660908079654184,13.638999002929221
1.761665248404474,2.8809495206160953,13.326746991132174
1.8794814594576543,3.120465471786117,13.029881158054955
2.009882738297622,3.3814631996519653,12.749281747345728
2.1538182282077836,3.6660922690989177,12.486044273558509
2.312358336275501,3.9766484025712936,12.24151886772273
2.4866971959789463,4.315573325310589,12.017356682497663
2.6781546387637793,4.68544887453797,11.815564344315938
2.8881770774385807,5.088983124271493,11.638567442598516
3.1183365175587436,5.528985609045907,11.489283961434252
3.3703266728225523,6.008327895196731,11.37120833454371
3.645954855043949,6.529884727421097,11.288506364683707
3.9471279262334265,7.0964497618996605,11.246120488773396
4.2758301285865254,7.710618499498403,11.249883646896162
4.63409004065337,8.374629510575268,11.30663813854269
5.023933246514264,9.090153526968662,11.424353085129018
5.447316568202998,9.858018714383043,11.612230181221237
5.906038947757776,10.677859855172619,11.88078200309714
6.401623368683153,11.547679948326671,12.241859980788059
6.935163742472108,12.463315892937986,12.708600101231788
7.507130719894687,13.41780690162923,13.295243707149202
8.117131317555966,14.400676957124677,14.016779248790948
8.7636196343764,15.397163134038857,14.888340485282894
9.443560483658532,16.387451974239433,15.92429101123356
10.152055293385835,17.34602728980473,17.136929862183734
10.881950863748248,18.241283098988813,18.534776445506903
11.6234668333638,19.035608275973136,20.120444895398954
12.363896339983697,19.686190766114738,21.888207043549986
13.087454002365584,20.146795448773155,23.82147244717528
13.775361185622522,20.3707096684525,25.890572411265996
14.406263000122006,20.314892910036384,28.0513891537289
14.957055232276868,19.94509758804107,30.245460501401393
15.40415396890977,19.241372193021743,32.4021350777584
15.72516343083903,18.203002032587055,34.44308292941081
15.900797330957083,16.851729898887747,36.288969822153035
15.916809445348814,15.232185683330743,37.867472667390274
15.765624754038413,13.408925575793761,39.121253665486414
15.447367113275007,11.460267325190987,40.0142737233455
14.970068051342484,9.469962438378221,40.53508214282619
14.34899752053805,7.518339751053174,40.69643861654195
13.60523527944725,5.674642658664629,40.5315543386602
12.763744286546244,3.991842352549,40.08802849511123
11.85127342932019,2.504450346689741,39.42093355666485
10.894396708097885,1.2290884373331992,38.58640469842277
9.917911631908028,0.16705454499349925,37.63665327487404
8.943708943574881,-0.692058373199236,36.61677968904728
7.990124092883066,-1.3665322614262536,35.56330187750975
7.071709145077775,-1.8790715690502147,34.504037910710736
6.199327180833588,-2.254037679397963,33.458885745035374
5.380463828563158,-2.5154523898846906,32.44107687471518
4.619661987263418,-2.6857069669071674,31.45857898494151
3.919006057167325,-2.7848426880442356,30.51543512997114
3.2786038449608648,-2.8302519048652255,29.61292428463416
2.697033604799203,-2.8366626901163503,28.75049924780658
2.1717387272814284,-2.8162973719708018,27.926502944744044
1.699363254739072,-2.7791245707266174,27.138688435651982
1.2760283142168622,-2.7331500704695273,26.3845778038158
0.8975536049377627,-2.684711957617248,25.661696169676784
0.5596301089900184,-2.6387599469833654,24.9677134985216
0.2579509130586943,-2.599108601486752,24.300521359999422
-0.01169304457586512,-2.5686603778449255,23.658265963781485
-0.2533459950923145,-2.549598150443767,23.0393534720132
-0.4708435307409476,-2.543548919048736,22.442439125272415
-0.6677871389629454,-2.5517214064763674,21.866408185729146
-0.8475330005380916,-2.5750206197004855,21.310354027771933
-1.0131916619103587,-2.614142454864406,20.773556761108374
-1.1676358020310178,-2.669651242255108,20.25546440904342
-1.313513841744231,-2.742042851311963,19.755677749775412
-1.4532675919232445,-2.8317956641671294,19.27393934535188
-1.5891525115316083,-2.9394114083061593,18.81012693791036
-1.723259455949676,-3.065447528258993,18.364251213534292
-1.8575370466606478,-3.2105424773762845,17.93645786608497
-1.9938139925071339,-3.3754350232284285,17.527033896910496
-2.133820846093739,-3.560978380541758,17.136418132723627
-2.2792107914018502,-3.768149708529803,16.765216012586386
-2.4315791341263315,-3.9980552282677086,16.41421877059843
-2.592481207400611,-4.251930922499798,16.084427211314974
-2.763448414138824,-4.531138466027614,15.77708032877441
-2.9460021038260424,-4.837155689824454,15.493689044895754
-3.1416649258433993,-5.1715604960647745,15.236075323518184
-3.3519692120025026,-5.536006704521834,15.0064168320861
-3.578461815805799,-5.932189815251607,14.807297146304347
-3.822704672550136,-6.361800114295552,14.641761186781503
-4.086270140422968,-6.826459932405852,14.513375091496597
-4.370729937024491,-7.3276412093802765,14.426289000403795
-4.6776361998048275,-7.866558858634793,14.385300179702293
-5.0084928793288075,-8.444034842670595,14.395912449766776
-5.364715336237496,-9.060327485372786,14.464385899585002
-5.7475756849376065,-9.71492055838998,14.597768272154138
-6.15813115823782,-10.406267378607728,14.8038961181103
-6.597132634724861,-11.131486953830544,15.09134983884739
-7.064910590187179,-11.886012660934886,15.469342216266984
-7.561236269016898,-12.6631997079825,15.947515337592453
-8.085157037945221,-13.453906460591476,16.53561673292506
-8.634806949395065,-14.246077268586557,17.243023351347766
-9.207196799444095,-15.024371022646152,18.07808369285035
-9.797992683170737,-15.769899804139854,19.047256706758414
-10.401298366401477,-16.46016371593266,20.15404423233275
-11.00946455620352,-17.06928715126054,21.39774499981911
-11.612956705366061,-17.568671423110374,22.772104414572432
-12.200320930387088,-17.928169113372373,24.263994071034375
-12.758292658879608,-18.11784558657714,25.852320907544453
-13.272091623417037,-18.110313786309554,27.507422849608133
-13.725936336534472,-17.883508432396372,29.191232325675625
-14.103788541893032,-17.42361843849478,30.85845377404442
-14.390303059058,-16.72775447146211,32.45888450075812
-14.571914716365036,-15.805841721397236,33.94080819166867
-14.637950385824757,-14.681249150656077,35.255138057955264
-14.581622968441074,-13.389828206601592,36.3597481954315
-14.40075820381458,-11.977323240785022,37.223292176376475
-14.098132020468812,-10.495464145830768,37.8278365471108
-13.681353771746904,-8.997352364212295,38.16985022647626
-13.16230630247196,-7.532902446826384,38.259434578230454
-12.556227574757797,-6.145052489333316,38.11804560746876
-11.880571173768226,-4.86723312597508,37.77523476943484
-11.153802756455608,-3.7222722297128836,37.26504619938889
-10.394275971381477,-2.722615210233319,36.62265082523277
-9.619293785326121,-1.8715368803638674,35.881623769052176
-8.844413283644563,-1.164939178038544,35.07205647970527
-8.083006678887077,-0.5933532310644004,34.21950486548017
-7.346056775044867,-0.14385333820576945,33.344646014765345
-6.642144485342558,0.19829894832952433,32.463455560379714
-5.977578050249901,0.44836195148702046,31.58771202045579
-5.356615016748591,0.621179028338982,30.725662578140913
-4.781735009431111,0.7305630873938233,29.882727248661244
-4.253930620377373,0.7889407047477502,29.06216146002021
-3.7729931342635776,0.8071920025982892,28.26563323627425
-3.337778026074652,0.7946282710499805,27.493697774790927
-2.9464417042042648,0.7590595769522559,26.74616958875549
-2.5966457813897166,0.7069157823211303,26.022402281068022
-2.285728451115422,0.6433945644223551,25.321490518481745
-2.010844634585789,0.5726183825425136,24.642409777617825
-1.769077753291779,0.49778873664767975,23.98410841322971
-1.5575265433487477,0.4213307142231248,23.34556459161031
-1.373370472582966,0.3450240554697178,22.725818305106444
-1.2139172071490982,0.27011912591139325,22.123986425718577
-1.0766353120649381,0.19743756711475274,21.539266763798388
-0.959175034098388,0.12745823648017196,20.970935447271284
-0.8593796541276866,0.0603895215781229,20.418340631703273
-0.7752895390992441,-0.0037706515158609927,19.88089455875683
-0.7051406882107846,-0.06518571656889105,19.358065251249638
-0.6473592629546235,-0.12414088891242323,18.849368615174164
-0.6005533199705835,-0.18101180053779428,18.354361364399516
-0.5635027298771228,-0.23624014392385756,17.872634950910594
-0.5351480630654127,-0.29031524097619255,17.40381053859122
-0.5145790524795223,-0.34376057958505596,16.94753497535684
-0.5010231007547274,-0.39712448481698587,16.503477676995484
-0.49383418162931736,-0.4509742104471272,16.07132832185739
-0.4924823901698359,-0.5058928469120362,15.650795258281391
-0.49654432007083804,-0.5624785424575149,15.24160453936676
-0.5056943863259411,-0.6213456246963406,14.84349951783633
-0.5196971653775433,-0.683127289931269,14.456240954501045
-0.5384007901574327,-0.7484795977452495,14.07960761569065
-0.5617314122089095,-0.8180865690349155,13.713397357292221
-0.5896887255619405,-0.8926662374961261,13.357428715663627
-0.6223425356767451,-0.9729775482151383,13.011543048993868
-0.6598303502461703,-1.0598280330773764,12.675607297278178
-0.7023559658007696,-1.1540822216594724,12.34951745577992
-0.7501890238878136,-1.2566707684150449,12.033202886646265
-0.8036655122042339,-1.3686002923401772,11.726631627361897
-0.8631891886352206,-1.4909639336137097,11.429816894244471
-0.9292339088966673,-1.6249526322185797,11.142825025642098
-1.0023468405933285,-1.7718671249727351,10.86578516448131
-1.0831525471001004,-1.9331306377204938,10.598901045084704
-1.1723579227178562,-2.11030221571507,10.342465326609927
-1.2707579547797412,-2.3050905833104376,10.096877006996593
-1.3792422771778816,-2.519368348259567,9.862662558813202
-1.498802461053675,-2.7551862584428215,9.640501553428757
-1.6305399594041385,-3.014787069370198,9.43125768333625
-1.7756745794878286,-3.3006183756267364,9.236016253707179
-1.935553295407319,-3.615343480676826,9.056129390454068
-2.111659126860622,-3.961849004042605,8.893270396369676
-2.305619690666871,-4.343247423539655,8.749498866140692
-2.519214868812731,-4.762872086573186,8.627338322258266
-2.7543828171302103,-5.224261354454395,8.529868219293192
-3.0132232457108006,-5.731127416262579,8.460832123902815
-3.2979965156281392,-6.287303868607007,8.424763620629673
-3.6111165929127083,-6.896664351608725,8.427130882254806
-3.9551352540340248,-7.563002321801288,8.474499679409671
-4.332714121646324,-8.289859431182869,8.574712606604045
-4.746580104839907,-9.08028705067298,8.737079087423549
-5.199458619751082,-9.93652245514538,8.972565788976677
-5.693977601296094,-10.859558554309857,9.2939698077341
-6.232533871017212,-11.848584682565702,9.716046696914331
-6.817112084901825,-12.900277314049703,10.255551454028051
-7.449045590325181,-14.007925921970074,10.931132662128812
-8.128708644357967,-15.16039383707654,11.76299858311008
-8.855131467635657,-16.340941193721946,12.772251272528045
-9.625534779485935,-17.525981813086666,13.979765679164082
-10.434790383307336,-18.68391240685093,15.404484438111233
-11.274830801669548,-19.774241589517263,17.06102041895869
-12.134055277679902,-20.747350494263575,18.956528266499177
-12.996811640966436,-21.54531426074076,21.086945458371567
-13.843070566585263,-22.10426129516896,23.43292778914732
-14.648442706601893,-22.35867998441435,25.956104098653693
-15.384705854006434,-22.24782630205207,28.59659341861329
-16.02098917628984,-21.723892708573345,31.272942449384637
-16.525685177724384,-20.76090555545386,33.88557574186011
-16.869019074931142,-19.36260269200552,36.32433781659839
-17.02601651050002,-17.567126779684514,38.479708221833704
-16.979424580077623,-15.446608876965252,40.256003684560746
-16.72203383873589,-13.100780961197446,41.58383255634176
-16.257889771055705,-10.645416486507406,42.42880407250169
-15.602091147710917,-8.198020561295037,42.79432223724816
-14.779194249713685,-5.864035920132212,42.71797859841324
-13.82056225810884,-3.7265011709614413,42.26289059626344
-12.761202620511229,-1.8407977762338696,41.50653269235262
-11.636663961222927,-0.23450631630500696,40.52977991694512
-10.480439312596788,1.088858516702168,39.408176667847975
-9.322119096454356,2.1440018814198663,38.20635057412977
-8.186337196700913,2.957535354282925,36.97550687151172
-7.09240980915384,3.5623405577684015,35.75333379265482
-6.0544947842527765,3.9931816835707465,34.565447361247955
-5.082086877248846,4.283683179756071,33.42758329613769
-4.180688838501019,4.464513227833236,32.34795358501026
-3.352538178301595,4.562497018401894,31.329412422753
-2.597310091994669,4.600373095279432,30.371261275245068
-1.912750925330794,4.59694948809641,29.470648496158514
-1.2952213686633258,4.567477432439403,28.623591134457033
-0.7401448769934574,4.524118716185248,27.82567974382533
-0.242366406121855,4.476429487324335,27.07253566478706
0.20356859591300502,4.431817102127351,26.360085656915974
0.6032032129824239,4.395948968844683,25.684708394424348
0.9620143809726535,4.373106083409541,25.043295587804568
1.2853037357448618,4.366481707412848,24.43325959653785
1.578124574582115,4.378429531744741,23.852510273115147
1.8452369584771042,4.410667235303416,23.29941661761959
2.091084346249738,4.464441610327064,22.77276346184657
2.319786361781459,4.540661023755733,22.271709542250683
2.535143329197242,4.640000292491974,21.795750638636672
2.740649071254564,4.762982273738362,21.344689656787278
2.939509169409174,4.910039710339955,20.918614373150533
3.1346624499335514,5.081560166752498,20.517882844035395
3.328803908795378,5.277916254237517,20.143116061422585
3.5244076364681063,5.499482769966738,19.795197200432483
3.7237485675867483,5.746641854618855,19.475276666260584
3.9289220720790317,6.019776797582564,19.184782048619535
4.141860534792759,6.319254681856502,18.92543198181106
4.364346148995301,6.645397660892296,18.699252750689965
4.598019184015222,6.998442302317705,18.508596245344368
4.844380987376369,7.378486132657491,18.35615752256687
5.104790956683212,7.785420297885089,18.244989755514716
5.380456677987648,8.218847156087806,18.178513723850063
5.672416390540256,8.677981697529674,18.16051820195497
5.981512922768313,9.161536021747475,18.1951466428187
6.308358277691374,9.667586792065748,18.2868644533696
6.653288162674869,10.193426758829924,18.440399974090298
7.0163060027763295,10.735403234186546,18.660651128369917
7.3970164029182275,11.288748955169568,18.952548790378664
7.794548693405606,11.847414201656013,19.320867531675706
8.207472169909002,12.403913377253735,19.769974964566195
8.633705978636113,12.949204399256068,20.303512946249196
9.070428329540613,13.472624815326533,20.924008076930264
9.513991822081918,13.961913847500949,21.632415858809733
9.959854029295826,14.403353378987587,22.427613062577876
10.40253487107279,14.782061573042412,23.305866332015096
10.835614321558728,15.082468279523965,24.260321131960197
11.251785072375945,15.288989508963734,25.28057195230948
11.642974209053506,15.38689745142104,26.352388958229174
12.000545014785656,15.363352652996234,27.45768342288114
12.315584111337152,15.208528364718614,28.574788991006418
12.579270120143526,14.916719286996088,29.679113467990042
12.783308420412913,14.487296634159577,30.744174455927187
12.920403838187,13.925359056691088,31.742974605371835
12.984731532687801,13.241943717028384,32.64960741226208
12.972358766351334,12.453707931401013,33.44092661717456
12.881569257015663,11.5820651423192,34.09807770375677
12.713048928410537,10.651846167274341,34.60769186935649
12.469906787999467,9.689637682621068,34.96258559083961
12.157525007486589,8.722004179334084,35.161885261838236
11.78325412713666,7.773813160165309,35.21058869504098
11.355988229194335,6.866853749623242,35.11866116975496
10.88566731053459,6.018875988564135,34.89982357641758
10.382758104975983,5.243099851142927,34.570213448736034
9.857760552468127,4.548168907084996,34.14708685634896
9.32077700654063,3.938468355315339,33.64768992916709
8.781168021280644,3.414697722103244,33.0883771902503
8.247305046466119,2.9745838676335277,32.484003183579595
7.726418771501053,2.613633815843629,31.847573338154085
7.224533402373355,2.3258510725239443,31.19011373321122
6.746472113889922,2.104366009695669,30.52070719918425
6.2959169105733315,1.9419552546154173,29.846642104313883
5.875506423003859,1.8314440232578608,29.17362634951277
5.486956948438976,1.765998241281847,28.506028872237188
5.1311945928200915,1.7393206931592764,27.847121560975225
4.8084891365155755,1.745768558560965,27.199304145588766
4.518582865989401,1.780409885676247,26.56430248400766
4.260809887015067,1.8390349988362586,25.94333648033774
4.0342032812680815,1.9181364427815193,25.33725779684212
3.8375888850570425,2.014868435844424,24.74665990067376
3.669665499066164,2.126994302056745,24.17196420300535
3.5290720436459515,2.2528281608243006,23.613486462177345
3.414442621845185,2.391175336939151,23.07148752871817
3.324450703632762,2.541274508013093,22.546212131178354
3.257843752253871,2.7027434899223635,22.037918893617558
3.213469619928846,2.8755297187185676,21.546904239598064
3.190295978044782,3.059865863562016,21.073522333597953
3.187423941157708,3.2562305484340555,20.61820276940867
3.2040969121855234,3.4653138269449846,20.181467347218273
3.2397055303394993,3.687986808395493,19.76394698522397
3.2937894516006905,3.9252746451902647,19.36639957899979
3.366036538667118,4.178331938334709,18.98972943970572
3.4562798856309853,4.448419480331575,18.635008795708117
3.5644929527516283,4.736881118374944,18.30350171522006
3.6907829378278887,5.045119373565152,17.99669068302703
3.8353823612105953,5.3745682852190475,17.716305923665846
3.9986386892830175,5.726661757820047,17.46435738586831
4.181001664001788,6.10279547050514,17.24316906495727
4.383007841903754,6.504280169716229,17.055415013614304
4.6052616738719365,6.932283917429251,16.904155944948236
4.848412277734162,7.3877606346248275,16.79287472847656
5.113124873203742,7.871362103347952,16.725508279456623
5.400045671040288,8.3833305345566,16.706472304577215
5.70975885047828,8.923368966895405,16.740674057772257
6.042734145028986,9.490487265594375,16.833506660979108
6.399263523139871,10.082822517957101,16.99081667238663
6.779385549032508,10.69743439727734,17.218834515874512
7.1827963111595325,11.330078856781894,17.52405529353924
7.608746402062005,11.97496760324241,17.91305570522402
8.05592443292786,12.62452643574072,18.392231806827514
8.522329087243854,13.269172840434777,18.967442906232808
9.005133869402975,13.897142054398868,19.643550034021903
9.500551551258686,14.49440052080365,20.423844356847805
10.003708831729119,15.044694906204198,21.309372884771975
10.508545704132356,15.529791353448598,22.298186809570478
11.0077580273947,15.929960096316606,23.38456186617662
11.492805056977891,16.224750877554484,24.558268651029557
11.954005108219993,16.394080691226467,25.80399982013955
12.380740746943847,16.419614558683154,27.10108354106957
12.761788577595329,16.286363200664915,28.42361892606767
13.085776917600635,15.984355110048122,29.7411491077057
13.341757523926264,15.510178041899497,31.019933578450477
13.519856773341747,14.86814537928326,32.2247932887747
13.611950818135945,14.070846342400452,33.32139120978429
13.61229321205405,13.138899121734495,34.27870145672312
13.518017561302893,12.099841427819204,35.07134325020445
13.3294456367889,10.986243002981348,35.68144107949823
13.050153589435007,9.833272507398629,36.099733570590935
12.686781866822995,8.676055444136033,36.325781316062134
12.248611143231791,7.547190096515532,36.36728603830918
11.746958732241769,6.474737845061263,36.238685975026826
11.19447062695882,5.480891449864519,35.95929619195115
10.604390105693899,4.581385725938556,35.55129720644714
9.98987554606357,3.785587643524532,35.037843798098145
9.363421809672783,3.0971145145219454,34.44148926737837
8.736416868829721,2.5147897260535843,33.78302692551781
8.118843428410466,2.033750068339271,33.08076502454107
7.5191177163041365,1.6465525960404723,32.35018877458363
6.944045962838949,1.3441757688015579,31.603928103614425
6.398873285321863,1.1168560980536548,30.851939123039084
5.887398625949467,0.9547396702969713,30.10181370551989
5.412131547766391,0.8483546539232766,29.359147434833663
4.974470623169269,0.7889266339581251,28.627915160789073
4.574887708116638,0.7685655780920754,27.910821334215544
4.2131068141662205,0.7803541566619246,27.20960705732787
3.888270139571302,0.8183644979190225,26.52530669119793
3.599086924344196,0.8776261454250514,25.858454142174953
3.3439631421215554,0.9540632503893027,25.2092432600454
3.1211117146203144,1.04441460126544,24.57764889467434
2.9286440516141568,1.1461463069814517,23.96351578633762
2.7646444054614476,1.257363906828455,23.36662218295723
2.6272288971680373,1.3767283419270764,22.786724308472294
2.5145912145220253,1.503378490689626,22.223586838594507
2.4250369754061625,1.636861726231605,21.677003553566927
2.3570086459604447,1.777073085389235,21.14681143398868
2.309102743514728,1.9242030510297718,20.632900693448278
2.2800808658133946,2.078693564518265,20.135222614795524
2.2688758896230414,2.241201643744785,19.65379656972791
2.2745944853091515,2.412569838783098,19.188717238151032
2.2965169065590856,2.5938026781848498,18.740162784662726
2.3340948398829444,2.78604821874016,18.308404574304312
2.3869479382016845,2.9905837909809754,17.893818899745636
2.4548595163903992,3.2088050167150253,17.496901130925103
2.5377717525180503,3.4422171512010027,17.118282671740612
2.635780614244602,3.6924277606909683,16.758751104404997
2.749130612236115,3.9611396764186897,16.419273909346877
2.8782093677991183,4.250143059581893,16.1010261559825
3.023541865981215,4.5613052594725545,15.805422555209486
3.1857841434542933,4.896556939793577,15.53415423361894
3.3657160275252704,5.257872677968997,15.28923051380354
3.5642323932693754,5.647243901850195,15.07302584063597
3.7823322346565087,6.066641613562595,14.888331748088396
4.021104647585469,6.5179658629986665,14.73841337311384
4.281710593928088,7.002978385458272,14.627069438148972
4.565359054159998,7.523214237750948,14.558693773866956
4.8732758840218695,8.079867709648253,14.538335256681782
5.206663376677752,8.67364734746965,14.571751397431623
5.566648215335206,9.304594755366542,14.665448641380243
5.954215217521878,9.971862167258596,14.826699641433573
6.370124079393219,10.673444939133224,15.063524307273045
6.814806316255315,11.405867548689253,15.384617370510323
7.2882398941749065,12.163825983867067,15.799200773266618
7.789799835536277,12.939796228644251,16.31677490486525
8.318084587229519,13.723628597782833,16.94673952511607
8.870720431730575,14.502161435490304,17.69785464361686
9.444149972021767,15.258905164528471,18.57751587149123
10.033415939336956,15.973867816880322,19.59083066379075
10.631958280622388,16.623613276636203,20.739504569610563
11.231450340861658,17.18165844768709,22.0205827171695
11.82170804592593,17.61931763810359,23.425141876140657
12.390712616909655,17.907081646067965,24.9370889976415
12.924789958857357,18.016565249336683,26.532283095434074
13.408985295183514,17.922964047132503,28.17824081069186
13.827656780390317,17.607834001341505,29.834687642041764
14.16528498387332,17.061864761313306,31.45515183680387
14.407457525134022,16.287199272679445,32.98965230402942
14.541945289696752,15.298807363697028,34.38831592456193
14.55974851271079,14.124494631582646,35.60551688577817
14.455969940104772,12.803335153486243,36.603933471151905
14.230378865986452,11.38262365343253,37.35784419007419
13.8875679748703,9.91376753583763,37.85508384980083
13.4366684759632,8.447777839427456,38.097340424911366
12.890662668683353,7.031089624769154,38.09882107058365
12.265397436812977,5.702326185136138,37.883641079619814
11.578441111828935,4.490366558609151,37.48249627851748
10.847932583616775,3.4137744062790643,36.929222610577
10.09154886711473,2.4813909688952576,36.25774433752643
9.325676456042288,1.6937428428966652,35.49972531849175
8.564825885457283,1.0448769499889556,34.6830368717612
7.821288774516435,0.5242842425336729,33.8309937377908
7.105008258923976,0.11866915503338965,32.96221055219181
6.423618435998932,-0.1865742013788808,32.09089346830279
5.7826042531973805,-0.4062302299187839,31.2273890350437
5.185536735635921,-0.5544641656521564,30.378845265837334
4.634346087339183,-0.6443132785617918,29.549881307531187
4.129604261031172,-0.6874075883103156,28.743201304926572
3.670797275500072,-0.6938603761222982,27.96011955401073
3.2565749253002494,-0.6722759841986681,27.200986419683044
2.8849712506852687,-0.6298326046614378,26.465518610716757
2.5535932680760594,-0.5724081696652936,25.753045060143666
2.2597782400795072,-0.5047266150810096,25.062682793066113
2.000721484901019,-0.4305091646431055,24.393457445046717
1.773577671364601,-0.352620856267606,23.74438178516804
1.5755389563895144,-0.2732065446222556,23.114503565645148
1.4038933820425215,-0.19381338315317145,22.502931809039573
1.2560667948674702,-0.11549862546882887,21.908848562945845
1.1296512757795527,-0.03892275332977961,21.33151134941553
1.0224227377466582,0.03557135842515298,20.77025006166701
0.9323500013944896,0.10789213957036253,20.224460906093036
0.8575973203939359,0.17814459991714454,19.693599116784704
0.7965220132184637,0.24658584491088553,19.17717153521528
0.7476685728523141,0.3135895230866568,18.674729700972843
0.7097603741310012,0.3796179750997609,18.185863796560618
0.6816898797272464,0.44520095906778034,17.710197593103427
0.6625080588676504,0.5109199447224376,17.247384424350788
0.6514135752878807,0.5773970901246178,16.797104150463337
0.6477421698717706,0.6452881335044308,16.359061043376787
0.650956555879675,0.7152785454150437,15.932982519529286
0.660637057682241,0.7880823905813852,15.518618654679202
0.6764731546362603,0.8644434433322224,15.1157424335944
0.6982560375212569,0.9451381847491837,14.72415071088124
0.7258722433752101,1.0309803835086437,14.343665886031824
0.7592984034359257,1.1228270259493218,13.97413832491292
0.798597116250077,1.2215854144003777,13.615449591203147
0.8439139421046649,1.3282212964705535,13.26751658506923
0.8954755041990319,1.4437679219203072,12.930296723418765
0.953588674991456,1.5693359477661253,12.603794337430848
1.0186408216099991,1.7061241258850643,12.28806851002574
1.0911010808542014,1.8554307095799483,11.98324262994474
1.1715226308674809,2.0186655046424637,11.689516001756477
1.2605459216859551,2.1973624638466154,11.40717792404577
1.358902819057847,2.3931926778166646,11.136624732919891
1.467421603395659,2.6079775446772264,10.87838040626115
1.5870327462835567,2.8437017987711495,10.633121436923046
1.718775357860659,3.1025259356044663,10.4017068105442
1.8638041561157404,3.38679737363271,10.185214064612921
2.0233967491263796,3.6990594274127746,9.984982556183713
2.1989609377155173,4.04205681038545,9.802665218628743
2.392041631391352,4.418735913233281,9.640290229286233
2.6043268152656234,4.8322374836320225,9.500334116817482
2.837651797985129,5.285878527616296,9.385807872615551
3.094000695915438,5.783119219146253,9.300357537616668
3.3755037494087845,6.327509298411628,9.248380428411105
3.6844286030005415,6.922606821463356,9.23515751858915
4.023163091528432,7.571860172141707,9.267001322670184
4.394186338536764,8.278441980413955,9.351416690668232
4.800024078530356,9.045021105171605,9.497268876019039
5.24318306296553,9.873456366744907,9.714948658750576
5.726058234390146,10.76439371166583,10.016517674688638
6.2508051414014325,11.716747763626241,10.415807867406997
6.819168995925878,12.727050568804454,10.928436671121233
7.432261157747078,13.788656767149154,11.571684001443955
8.090274179698332,14.890808211178483,12.364158981533048
8.792128629018142,16.017585789973385,13.325165605700109
9.535049782216015,17.146815844906495,14.473661682941955
10.31408130486128,18.24905624699442,15.826702379818624
11.121557586941844,19.28686299416399,17.397280881855643
11.94657754475617,20.214625185469924,19.19154064515552
12.774550229397484,20.97933550289274,21.205454089322078
13.586913796639038,21.52269920205839,23.421252489619945
14.361157584412902,21.784924369449588,25.80414207610494
15.071290497645682,21.710320730644142,28.300104733000143
15.688881726609832,21.254426107368978,30.835759886401547
16.18473627899686,20.39180771888458,33.32121618466397
16.531150921610593,19.12308924079935,35.65643279060351
16.70453869432181,17.479387062340596,37.74080438337735
16.68805177388445,15.522487240564173,39.484640649325485
16.47373376071854,13.339912105598067,40.82030488563523
16.0637516027207,11.035363998457683,41.71046540076309
15.470416343038707,8.716416405573199,42.15147787689944
14.714963513464228,6.482150606487069,42.17123181539016
13.825340632446,4.413331947450497,41.822336022336756
12.833443889475236,2.5667648260691536,41.17264697702584
11.77230078311086,0.9741354991258888,40.29546794559532
10.673615039920401,-0.3554870223253732,39.26129983380226
9.565928697880652,-1.4309185385515646,38.13216070886098
8.473481906240652,-2.2733480608888055,36.95862493593337
7.415714360244084,-2.91115015645263,35.77913494122822
6.40727388488915,-3.375650136581441,34.62087729059262
5.4583730408382,-3.698054456376454,33.501518087479695
4.575346786824805,-3.9074798954351597,32.431240633202464
3.761294760661441,-4.029875372831141,31.41471774696851
3.016726655680656,-4.087592885858483,30.452819950705848
2.340160352013927,-4.099385718701525,29.543984121448982
1.7286465829427327,-4.080658532005875,28.685244124461438
1.1782106538315018,-4.043843946679578,27.87296500236947
0.6842122257500979,-3.9988233214356512,27.103337472030365
0.24163001416017404,-3.9533421934161397,26.37269002337478
-0.1547190709965202,-3.913393660493891,25.67766915973841
-0.5100161146035994,-3.883557723075286,25.015328885300463
-0.8293219037295163,-3.8672934561591625,24.383161008399917
-1.1174953163812515,-3.8671857592620635,23.779089420842645
-1.379140739476834,-3.885150792054024,23.201444665740453
-1.6185780606516957,-3.9226050684435436,22.64892982716731
-1.839829886249077,-3.9806032191705025,22.12058487538548
-2.0466216130969923,-4.059949053737671,21.61575382713982
-2.2423908135313417,-4.161283994588162,21.134057177951885
-2.4303030872896416,-4.2851563477110615,20.675370809350376
-2.6132721033234647,-4.432074276212773,20.239811785311165
-2.7939820142988356,-4.602544781355554,19.827730984766305
-2.9749107911008332,-4.797100473995068,19.43971226079167
-3.1583533069239373,-5.016315433804711,19.07657768930221
-3.346443211442744,-5.260810996234709,18.739398408885634
-3.5411727841640936,-5.531251869615281,18.429510511787385
-3.744410049800542,-5.828332560565377,18.14853538685383
-3.9579124835942783,-6.152753671295426,17.89840380696134
-4.183336636428567,-6.505187228360207,17.68138286702387
-4.422242973592722,-6.886229816238659,17.500104585002138
-4.676095153097183,-7.29634193727551,17.357594546942522
-4.946252876903655,-7.7357717313635215,17.257298375887835
-5.233957341618652,-8.204461011249796,17.203103001459517
-5.540308208884091,-8.701931572855559,17.199348674030357
-5.866230931276235,-9.227150024481153,17.25082638847045
-6.212433237481267,-9.778370079551683,17.362753865667997
-6.579349643158277,-10.352952548385083,17.540721537221206
-6.96707306789152,-10.94716535430128,17.79059821226129
-7.375273076540616,-11.555969017377123,18.118384503171594
-7.803101012774638,-12.172797409786,18.53000102281052
-8.249083451090765,-12.789349325509479,19.030998398218834
-8.711007055840819,-13.395413477505882,19.626178040023188
-9.185800170249102,-13.97875756064488,20.31911731486995
-9.669419270294744,-14.525120109261042,21.11160132906381
-10.156751697367024,-15.01835044574176,22.002976845711625
-10.641549540790487,-15.440744659601341,22.98946229813474
-11.116412647337917,-15.773621138578683,24.063470717930386
-11.572840685385408,-15.998164253801253,25.21302722536884
-12.00137393821567,-16.09653656454157,26.421384835445238
-12.39183889488154,-16.053217620376515,27.666954720021582
-12.73370678672047,-15.856474189985233,28.923661341395576
-13.01656063658985,-15.499810849313453,30.161801429403297
-13.230649891678887,-14.983204913246496,31.349425168292072
-13.367493480401162,-14.313912285551806,32.45417257214382
-13.42047574933834,-13.506655536619924,33.44540227096971
-13.38536955680031,-12.583078406514119,34.29636695494102
-13.260720759041309,-11.570463844583035,34.986145523479195
-13.04804045776104,-10.499842315341034,35.50105603212502
-12.75177467178192,-9.403730473036187,35.835349681709445
-12.379051300856668,-8.313805935661026,35.991108577674865
-11.939234916678375,-7.2588237122798205,35.97740748516416
-11.443344369408651,-6.2630162421486695,35.808916528456045
-10.903401628704334,-5.345113267583837,35.50419041720669
-10.331781076755554,-4.518000941642303,35.08390016089749
-9.74061831063298,-3.7889407113306692,34.569223222618064
-9.141320320339162,-3.1602057440075924,33.98053750294386
-8.544199328214553,-2.629970267194771,33.33648626187052
-7.958234581117226,-2.19329827007392,32.6534133468517
-7.390952504924502,-1.843109971496348,31.945120920677287
-6.848406808587624,-1.571044351902492,31.222877238572522
-6.3352360658146445,-1.368174004249835,30.495596329118317
-5.854775987028891,-1.2255589394385389,29.77011862690073
-5.409205764022603,-1.1346468937029974,29.051535564688542
-4.999711361776595,-1.0875397675794447,28.343517035413306
-4.6266525474316165,-1.0771509778065291,27.64861537137692
-4.289724190121904,-1.097278930669189,26.96853149573306
-3.9881056087056126,-1.1426194835267771,26.30433773469831
-3.72059435716722,-1.2087366275994236,25.65665766647684
-3.4857228176759882,-1.2920066790799138,25.025806869470788
-3.2818573875994517,-1.3895475740408991,24.411900142592295
-3.107280997536608,-1.4991416950139083,23.814931276543785
-2.9602602852083346,-1.6191580931473886,23.234831219466475
-2.839099067862635,-1.7484779820965877,22.671509845454136
-2.7421798814392555,-1.8864258905264168,22.124885734139784
-2.667995349427772,-2.0327077760165566,21.59490755166198
-2.6151710544981084,-2.187356634218197,21.081569872065202
-2.5824814453609792,-2.350685605079036,20.584925634185325
-2.5688601437144993,-2.5232482188080763,20.105096904877204
-2.57340583768876,-2.7058051874927678,19.642285210995603
-2.595384769340275,-2.899296994869155,19.196782396987956
-2.634230650712107,-3.104821436710697,18.768982745677665
-2.6895426789579115,-3.323615194506769,18.359396949387317
-2.761082167015557,-3.557038467365558,17.96866842025943
-2.848768161683245,-3.806561626689939,17.59759236699246
-2.9526722838804176,-4.0737527827981,17.24713802581872
-3.073012893647977,-4.360265051551283,16.918474402492002
-3.2101485516442314,-4.667822172617177,16.612999844983168
-3.3645706155779527,-4.998200950685241,16.332375707570385
-3.5368946698617587,-5.3532087595336595,16.078564267162406
-3.7278503352511088,-5.734654061248495,15.853870888590148
-3.9382688379302224,-6.144307547733786,15.660990177601713
-4.169067530524927,-6.583851113811361,15.503055470814889
-4.421230348213931,-7.054811435805766,15.383690443897232
-4.695782951163204,-7.558474487712381,15.307060815502464
-4.993761053602877,-8.095776934264563,15.277923018228643
-5.316170180074859,-8.66717008705193,15.30166522639783
-5.6639348405241705,-9.272452135898144,15.384334203723412
-6.037834912036719,-9.910564877514574,15.53263901092529
-6.438426910038758,-10.579352442254127,15.753919690428072
-6.865947905881913,-11.275281944203607,16.056065710895684
-7.320200213860506,-11.993130014060934,16.447365454533276
-7.8004157788077055,-12.725645336530171,16.936264856019626
-8.3051006312179,-13.46320609106762,17.531011294064516
-8.83186204921303,-14.19350287554669,18.239159284891226
-9.377224375617045,-14.901292092211737,19.066919222897717
-9.936443914053635,-15.568280839133942,20.01834157524954
-10.50333893215603,-16.173219667036978,21.094348890603783
-11.070157189210805,-16.692289911126274,22.291658466668405
-11.627509771869052,-17.09987150138756,23.60167951940986
-12.164404957606553,-17.36975757394664,25.009516852307755
-12.6684173013856,-17.476836523367094,26.49326003137859
-13.126022714555745,-17.399186523048854,28.023768888107586
-13.523117687618466,-17.120426045557288,29.56516433156815
-13.845718817871747,-16.632052572186957,31.07617971332033
-14.080808538573661,-15.9354096804245,32.512412522897414
-14.217258733818289,-15.042887492563157,33.82934720492166
-14.246733353421954,-13.978016378690869,34.98582985838082
-14.164453605010793,-12.77427088860972,35.94751802350243
-13.969712986348943,-11.47263699396153,36.68976224894103
-13.6660577063065,-10.11825179973671,37.199439377956175
-13.261096984580092,-8.756623836356765,37.47544734973287
-12.765966310442153,-7.430019678496955,37.527837558022746
-12.194520343929568,-6.174536134804132,37.375823885332174
-11.562367738439857,-5.0181948407172445,37.04509144157441
-10.885870878998201,-3.9801624145686976,36.56489064367932
-10.181220346850198,-3.070985830869383,35.96534724108705
-9.463664097216245,-2.2935898433919313,35.275285778799876
-8.746934817770331,-1.6447279571242,34.52070566546562
-8.042884708319539,-1.1165977326514613,33.723910052124744
-7.36131077244973,-0.6983964343270265,32.90319286312638
-6.709937748889544,-0.3776741784829683,32.07294314628364
-6.094519275128513,-0.1414165813361333,31.24401947182314
-5.51901844132761,0.023154206044093406,30.424266012466596
-4.985833832515577,0.12803502057607646,29.61907242876477
-4.496044095935844,0.18411055666616366,28.831911697452895
-4.049651303379149,0.200987266838277,28.064817742661624
-3.645809888213887,0.1869468887659298,27.318785807620397
-3.283033256564472,0.14898108419544995,26.59409283053639
-2.9593742047308726,0.09287679620642035,25.890543707741653
-2.6725781333085914,0.02332967763947183,25.20765367141001
-2.4202099379765523,-0.055930449094296494,24.544778455596997
-2.199756602068028,-0.14201290068716804,23.901203599217343
-2.00870812120808,-0.23274507072520095,23.276202964971787
-1.8446196236104437,-0.32656102000227544,22.669074895577253
-1.7051575402874746,-0.42240177440744875,22.079162725693642
-1.5881325218032176,-0.5196280686695416,21.505864808684848
-1.4915215583703407,-0.6179454282212874,20.94863788826306
-1.4134814825948356,-0.7173409656852089,20.406996569169372
-1.3523557478789576,-0.8180309788225455,19.88051080557098
-1.3066760982701509,-0.9204182984717875,19.36880270056017
-1.2751604877453864,-1.0250582955877239,18.871543458690468
-1.256708373890404,-1.1326324797147989,18.388451020025574
-1.2503943047484598,-1.2439286822169269,17.919288696701564
-1.2554605382675845,-1.3598268993075469,17.463865004738377
-1.2713092799729326,-1.481289960665342,17.022034813445565
-1.2974949941668221,-1.609358281035426,16.59370190593014
-1.333717134618337,-1.7451480389112348,16.17882304492057
-1.3798135496348791,-1.8898522038872474,15.777413659880084
-1.4357547408087503,-2.0447438991840934,15.389555308460336
-1.501639091779608,-2.211181635223024,15.015405114081966
-1.5776891302249292,-2.3906159810562166,14.65520743963628
-1.6642488401471696,-2.5845972497264413,14.309308123754677
-1.761781999470264,-2.7947837573722882,13.978171680048046
-1.870871476959147,-3.0229501692588276,13.662401940457384
-1.9922193792718388,-3.2709953626850945,13.362766710173698
-2.1266478899242127,-3.540949108942705,13.080227091170787
-2.2751005829638533,-3.834976694084004,12.815972220032727
-2.4386439204001973,-4.1553803486204774,12.571460246232514
-2.6184685482424026,-4.504596024083767,12.348466437608616
-2.8158898846177314,-4.885183621555738,12.149139322197533
-3.0323473369386185,-5.29980822342735,11.97606573213627
-3.269401284245552,-5.751209183412707,11.832345465258216
-3.5287267053242872,-6.242153071639872,11.721675964556661
-3.812102011959343,-6.775365438783671,11.648446852327183
-4.121391249114715,-7.353435158733918,11.617843231329164
-4.4585173417231845,-7.978683766312829,11.63595522901856
-4.825423498872122,-8.652990810564592,11.70988911943832
-5.224019239998772,-9.377564966153754,11.847872274889314
-5.656106814501866,-10.152649788628633,12.059339909681215
-6.12328311023185,-10.97715306057084,12.354985818402891
-6.6268116045325245,-11.848190418655676,12.746751894943484
-7.1674586974395975,-12.760538479579157,13.247722169457543
-7.74528917852485,-13.706001480622183,13.87187687278411
-8.359417046068831,-14.67271033842262,14.63365184744387
-9.007710992968313,-15.644395927709173,15.547240890129645
-9.686459291368223,-16.599710742913615,16.625577444747645
-10.390007264415715,-17.511714842768068,17.878943630869504
-11.110392551537217,-18.347689770496636,19.313186953612462
-11.837018893936703,-19.069489225188264,20.92758688665093
-12.556426974617226,-19.634661318924806,22.712510994491502
-13.252237891455364,-19.998559893278642,24.647131346863908
-13.905355708187017,-20.11757256911397,26.69761893922395
-14.494512559649369,-19.953407454569057,28.816356446477155
-14.997214526556148,-19.478098391526242,30.942745037219975
-15.39109295522247,-18.67905387369198,33.006057788616936
-15.655585365158318,-17.563186352973645,34.930463527332975
-15.773775634138149,-16.15905540973634,36.64183282401192
-15.734140519098261,-14.51616471315925,38.07536535841442
-15.531911128012203,-12.70109952358846,39.18265298959871
-15.169789489625229,-10.790956262064745,39.93672730945907
-14.657866034636173,-8.86523981878383,40.33403097546296
-14.012738637368114,-6.99780382916625,40.39299924227973
-13.25599099901677,-5.250324314897365,40.14977231389824
-12.412298865651408,-3.668281000066246,39.65217367961294
-11.507467896847867,-2.279703336778641,38.95329578994534
-10.566668062139165,-1.0962946431216622,38.10583724905224
-9.613041926160573,-0.11616352266535457,37.15789331461598
-8.66676278987284,0.6726930341665893,36.1504169799848
-7.744531967804137,1.288871216764707,35.116192338002286
-6.8594473113531285,1.7544793445345572,34.07995551826107
-6.021148951449624,2.0927215885740207,33.05924590772922
-5.23614637434544,2.3261853188446806,32.06561919211368
-4.508243867555673,2.4757556596869605,31.105948483790762
-3.8390006036949695,2.5600290465904907,30.183639841780472
-3.228181304105722,2.595089352525947,29.29967188913719
-2.674170348154984,2.5945259766445887,28.453428687310723
-2.1743351875120425,2.5695986480396305,27.64333187741352
-1.7253340304832552,2.5294797441612613,26.867297369665586
-1.3233686069613737,2.4815273151740103,26.123049180166415
-0.9643862069119883,2.4315593258820103,25.40832313919542
-0.6442368496681659,2.384112048322257,24.720989589720862
-0.3587919900516105,2.3426739121634466,24.059119109969913
-0.10403104454580692,2.309891451825557,23.421010046769652
0.12389846832966023,2.28774718405296,22.80519191276258
0.3286420371139848,2.277711022915283,22.21041475519624
0.5136160857980993,2.2808677112001985,21.63563149222963
0.6819989773764674,2.2980230739531304,21.079977863384713
0.8367319790245709,2.329791913321149,20.542752934381337
0.9805276353737303,2.376670208260285,20.023401903694303
1.1158834821286714,2.439094044226659,19.521502158908884
1.2450994463529355,2.517487425779054,19.036753023324405
1.3702976276096188,2.612300845447859,18.56896933512176
1.4934434423545258,2.7240422081665585,18.118078849288498
1.6163673491727828,2.853301447077599,17.68412339894188
1.7407865608082245,3.000769914122986,17.26726376325251
1.86832629591688,3.167255385263427,16.867788239410267
2.0005402336941827,3.353693281340471,16.486124988894527
2.1389299116826312,3.5611544659549668,16.122858311648052
2.28496285391678,3.7908497344115615,15.778749086589958
2.440089234879348,4.044130844589472,15.454759695531392
2.605756875287469,4.322487652039397,15.152083811980425
2.783424328222907,4.627540586914667,14.872181476675008
2.974571747232326,4.961027337753233,14.616819884542473
3.1807091293927163,5.324782174442589,14.388120254263024
3.403381392672964,5.720705838447508,14.188611015122603
3.644169574241372,6.1507233438421505,14.021287289474602
3.9046872204549037,6.616726365312695,13.889676222730428
4.18657077649853,7.120496148146029,13.797907049899115
4.491462472385973,7.6636020893147805,13.750783802914
4.820983844854616,8.247270369379516,13.75385715094822
5.176697641763177,8.872216372916311,13.81348990367787
5.560055449716507,9.53843430421205,13.936908063595473
5.972328009221913,10.244937670501363,14.132225868988616
6.414514906142312,10.989445586650533,14.408428957176435
6.88723026552331,11.768012735754462,14.775294651150114
7.390561389293006,12.574606057239404,15.24322271129239
7.92389820256016,13.400639728517879,15.822944355216832
8.485733202329971,14.23449268575654,16.525073164380753
9.073434690734278,15.06105049054948,17.359460681374067
9.683000785762319,15.861335792689758,18.33432500838174
10.308808312793463,16.612317551492566,19.455136383187565
10.943379212236472,17.287014795668362,20.723273774908414
11.57719707251707,17.855028964125232,22.13451444064217
12.198616528861127,18.283638963072175,23.677484562302595
12.793916194761916,18.53956131463884,25.332277910153042
13.347548006917112,18.591400886657564,27.069526008287756
13.842628103185909,18.41268920236921,28.850251663324876
14.261692704222378,17.985236325493048,30.626824102215757
14.587705251013423,17.302341357247894,32.345226469712586
14.80525106893254,16.371272594046964,33.94863229791991
14.901801980177654,15.214409992104695,35.38199191811963
14.868890045423125,13.868592073550916,36.59702451299741
14.703013335957706,12.382528460702728,37.556801373389405
14.406119119557111,10.812558125195228,38.23908870680517
13.98557178023716,9.21742417719301,38.63783392281903
13.453600950902455,7.6529625194298845,38.762577700793464
12.826316105858067,6.167583827572762,38.636027984797344
12.122442218985295,4.799181431142533,38.29039246193988
11.361960509409387,3.5737221602537943,37.76323012404989
10.564826287602614,2.5054060403364495,37.09353247605319
9.749892865617072,1.5980189693662625,36.31854067465783
8.934113395800466,0.8469929001252193,35.47154206526581
8.132037650234967,0.24171302117621174,34.580653887754494
7.355578891374605,-0.23228046560830728,33.66844212774655
6.614001056063117,-0.5914126675072731,32.752149028430125
5.91406709931138,-0.8526103088308238,31.84429675458341
5.26029133621415,-1.0322580035481936,30.953470329438897
4.655247220745645,-1.145524808761326,30.08513555832856
4.09989322959047,-1.2059877095557443,29.242400100688684
3.5938906803457296,-1.225475465820452,28.426669131336705
3.1358969330855015,-1.2140645263960053,27.638178247490202
2.723824944559966,-1.1801718068572657,26.87640616978243
2.3550655755299075,-1.130702841046517,26.140380701056387
2.026672690072937,-1.071225967884445,25.428896010269998
1.7355133236705895,-1.0061529735363939,24.740659928972807
1.4783864159825149,-0.9389139263594443,24.074388350603417
1.2521141258916537,-0.8721191429301366,23.428861216698166
1.0536098186460403,-0.8077047537926761,22.802951712131787
0.8799266171932963,-0.7470606308730423,22.19563759561342
0.7282900654301586,-0.691140858540362,21.606001262653177
0.5961180409616207,-0.6405577570675508,21.033223240650678
0.4810306296841833,-0.5956609039922404,20.47657233748771
0.38085226400986005,-0.5566027868974173,19.93539455612911
0.29360804718793965,-0.5233927554494513,19.40910208442605
0.21751584569540355,-0.49594088345405624,18.897163107340262
0.15097543250039902,-0.4740932432788317,18.399092810374622
0.09255570548068645,-0.45765996062968284,17.914445699542995
0.0409807849772375,-0.4464372732632199,17.442809215870398
-0.004884390936230304,-0.44022467262583986,16.983798541247246
-0.046048509077708695,-0.43883806864398456,16.537052455174898
-0.0834080240242205,-0.4421197884993266,16.102230092447872
-0.1177607664942478,-0.44994610216042097,15.679008458882429
-0.1498188650353796,-0.4622328616060592,15.267080578244215
-0.18022089404696834,-0.47893974725332555,14.86615416365534
-0.20954321194739617,-0.5000735338035514,14.475950727990345
-0.238310492118325,-0.5256907179290123,14.096205068439966
-0.26700547831760196,-0.555899791121673,13.726665079758154
-0.29607801744721113,-0.5908633916677356,13.36709186851549
-0.3259534375168556,-0.6308005290906591,13.017260157128305
-0.35704034872942403,-0.6759890414943271,12.676958981906685
-0.38973795197569033,-0.7267684200212348,12.3459927043887
-0.4244429426018085,-0.7835431141286863,12.024182370409866
-0.4615560988623841,-0.8467864156209706,11.711367467363623
-0.5014886445904226,-0.9170450074237237,11.407408147666805
-0.5446684747550087,-0.9949442540213125,11.112188006346466
-0.5915463310585631,-1.0811943033493665,10.825617523789772
-0.6426020127455141,-1.17659706372716,10.54763831203622
-0.698350705430831,-1.2820541129886203,10.278228335669223
-0.7593495079639614,-1.3985755889835043,10.017408317679807
-0.8262042339392696,-1.5272900994216831,9.765249588125226
-0.8995765601079464,-1.6694556725284289,9.521883690709188
-0.9801915881050212,-1.8264717454455535,9.287514131524048
-1.068845877800056,-1.999892151164863,9.06243073730135
-1.1664159991151246,-2.191439012249732,8.847027189978814
-1.2738676328149003,-2.4030173743310597,8.641822422641152
-1.3922652274948102,-2.636730305877957,8.447486701215837
-1.5227821869762836,-2.8948940417627607,8.264873378466449
-1.6667115157986139,-3.1800525417290655,8.095057492433025
-1.8254767854404779,-3.49499055138724,7.939382588952866
-2.0006431936224613,-3.842743867210322,7.799517371910428
-2.193928364718591,-4.226604985254237,7.677524013822948
-2.4072123694305434,-4.650121614328738,7.5759401717246275
-2.6425462116150142,-5.117084606652685,7.497876912069485
-2.9021577206883045,-5.631500641235637,7.447134793120543
-3.188453376040889,-6.197543417819971,7.428340188942254
-3.5040140473886576,-6.819475110290766,7.447103420440844
-3.851581929973863,-7.501527326436606,7.510199170184928
-4.234035052287045,-8.247727799159298,7.625767687536374
-4.654344606227535,-9.061655544756341,7.803532003504257
-5.115508978557562,-9.946103470971032,8.055021185799479
-5.620456762701948,-10.90262387381863,8.393781829777952
-6.1719092770740405,-11.930929842283703,8.83554862928965
-6.772191393450277,-13.028125889584075,9.398329125235563
-7.422978145339133,-14.187746720464101,10.102336988583318
-8.124964267308968,-15.398597764856017,10.969682692644984
-8.877445510485106,-16.643420198485217,12.023702196048161
-9.677805752352807,-17.897452924618275,13.28777858541994
-10.520914517773672,-19.127040378935323,14.78349898128624
-11.39845779311554,-20.2885404934311,16.52800689314686
-12.298252894014492,-21.327914853544968,18.530483642287837
-13.203636076218691,-22.181508385304898,20.78785054928079
-14.093056489726527,-22.778597492251528,23.28004842533838
-14.940052858305515,-23.04622229015949,25.965615882839
-15.713812746308804,-22.91652374962904,28.778687090901187
-16.380493958182218,-22.336212437348664,31.62881180018675
-16.905398242600185,-21.276940099879806,34.40493911450502
-17.25591722576665,-19.744450957606517,36.984280741053915
-17.4049397024123,-17.783871340460156,39.24552514085506
-17.334182428857343,-15.478816957303934,41.084292937478956
-17.03678054021568,-12.94336824647047,42.427445230298865
-16.51853607911436,-10.308062049941388,43.2426146998104
-15.797494174888527,-7.703021252068073,43.5404812885507
-14.901917405279129,-5.2422456450221935,43.36949079804791
-13.867110024015355,-3.012479244360776,42.80494998180641
-12.731762925177113,-1.068318296655233,41.935745443689555
-11.53448822273187,0.5667707850813051,40.85191837006644
-10.311031851842637,1.8952559759399987,39.63528653139886
-9.092396231175972,2.938361839060202,38.35391891765751
-7.90387242875066,3.728791196166557,37.06013495767628
-6.764828704535239,4.304542205884187,35.79108802410539
-5.689038051195821,4.704324185652068,34.57086495896282
-4.685329850397693,4.964574024683538,33.41320545598339
-3.758389942722691,5.11780439486115,32.324228991552864
-2.9095843134737156,5.191926424667787,31.304828223556843
-2.1377289183836137,5.210210224545006,30.35259137053816
-1.4397652036146977,5.19161539523581,29.463244040746016
-0.811326490494386,5.151301454127814,28.631667630589057
-0.24719624214139857,5.101195674612198,27.85257669840414
0.25833217086980764,5.050546791789961,27.12093902884551
0.7111808313258299,5.00642785854107,26.43221177507161
1.1172835754485808,4.974173437427104,25.78245269858981
1.4824398402066499,4.95774895930545,25.16835121536235
1.812214206527293,4.960056628340091,24.587211553142343
2.1118715601389724,4.983185068676184,24.036910399547285
2.3863395190244088,5.028610604192267,23.515843896360014
2.6401913262730545,5.097357664837061,23.02287336367225
2.8776437328917144,5.190124930412687,22.55727529661759
3.1025654955072723,5.30738279171903,22.11869857011235
3.3184930086940536,5.449446698365421,21.70713007656721
3.528650308286417,5.6165300442693,21.32286893958978
3.735971248470049,5.808779436463162,20.966508787382075
3.943122097084517,6.026294496703327,20.63892717883033
4.152523132249653,6.269133746275709,20.3412810398179
4.366368077531768,6.537307609931345,20.07500680430908
4.586640397956923,6.830759136989528,19.84182380391021
4.815125608853843,7.149332675026074,19.643739266755464
5.053418836328145,7.4927304513065,19.483053039413406
5.302926924624754,7.860456836081341,19.362359811272377
5.5648644251561015,8.251750008050903,19.284546185743217
5.8402428399671065,8.665500856233509,19.25277940339929
6.129852547313753,9.100159287962136,19.270483890052557
6.434236931313057,9.55362873650424,19.34130110965587
6.753658398526653,10.023150650512575,19.469027509286246
7.088056224144814,10.505182180585853,19.657524753300695
7.43699656571499,10.995272224099548,19.91059611058839
7.799615551621591,11.487943482880029,20.23182300014812
8.1745571304176,11.976591196184401,20.62435660073551
8.559908380237792,12.453412586949776,21.090661433055356
8.9531362261325,12.909384486472367,21.632211297060667
9.351030958479873,13.334309541137634,22.249143220904365
9.749663488951345,13.716953052164076,22.939882328683236
10.14436474318539,14.045291801215631,23.700759628265658
10.529736699022406,14.306891961311566,24.525655025643534
10.899704971849992,14.489424240843471,25.40570807761364
11.247622098566383,14.581310052880257,26.329147021732243
11.566428360640671,14.57247296489376,27.281289733694756
11.848872816965907,14.455146623519635,28.244765477196317
12.08779115777211,14.224667180643765,29.19999118545115
12.276429424934145,13.880160016959543,30.12590969731592
12.408794460986638,13.425023133624235,31.000961669408888
12.4800045150499,12.8671181131189,31.804222853442287
12.486608388616288,12.218606511154402,32.51660199212717
12.426840386840365,11.495413016543509,33.121970914971286
12.300782122640697,10.716349795125451,33.6080952570271
12.110410897689334,9.901988350127725,33.96725506493281
11.85952680611209,9.073404198757233,34.19648678139302
11.553564755770175,8.250936520728743,34.297433166076175
11.199310704241176,7.4530961435379055,34.275843502342035
10.804551212245636,6.695723958063016,34.14081098671559
10.377690407723911,5.991456676907882,33.90385925003297
9.927368263204125,5.349508700596717,33.57799300458511
9.462109455043077,4.7757376422909505,33.17681195070754
8.990024483357594,4.272933149353333,32.71375912833118
8.51857593506634,3.841256027188593,32.201542779986525
8.054414335196487,3.478755554167432,31.651741238305423
7.603281054732525,3.1819032899378734,31.074577637049188
7.169970776482524,2.9460970438383134,30.478836975357744
6.758343129022915,2.766105027209855,29.871891733460295
6.371372013519516,2.636434833295978,29.25980209825147
6.0112214300659454,2.551623347609889,28.6474607471076
5.679337785599746,2.50645162429369,28.03875806160819
5.376550314401629,2.4960934918013913,27.436750067772625
5.103173040308808,2.516208835068035,26.843817333104802
4.859103436501086,2.5629928834422415,26.261807974893703
4.643914464940021,2.6331920833573346,25.692161681984498
4.456937944521875,2.7240957792014253,25.13601427930901
4.29733819424239,2.8335113381225403,24.59428404248915
4.164175643873419,2.959728772227222,24.067741910920674
4.056460633360901,3.101479467977803,23.557068158201453
3.9731979719719988,3.2578923877190165,23.062898135331206
3.9134230368321665,3.428450075809664,22.585859543475284
3.8762302914907285,3.6129459687859065,22.126603420419784
3.860795126717231,3.8114438492449128,21.685830706784753
3.8663898904509946,4.024239766064823,21.264315937277416
3.892394899133967,4.251826338862831,20.862929301922073
3.9383051215287566,4.494859044768051,20.48265805148688
4.003733107862161,4.754123827079137,20.12462797977864
4.088408608121281,5.030505148828308,19.79012549611185
4.19217518771068,5.3249534245559085,19.480620592665158
4.314984008981759,5.638450589851718,19.19779079905073
4.4568848048423835,5.9719724040960696,18.94354598320925
4.61801392671603,6.326445926114864,18.720053584556297
4.798579204588711,6.702700460132176,18.52976353112144
4.9988412135263225,7.1014101532935765,18.37543167477855
5.219090402130823,7.523026359078977,18.260140054629275
5.45961940964085,7.96769789902728,18.18731164670899
5.7206897890802395,8.435177510529543,18.16071646194035
6.00249227829668,8.924713132807792,18.184464907892387
6.305099739707694,9.434923350577929,18.262983247195283
6.628411951961897,9.963657401856954,18.400964812440584
6.972091620783259,10.507841797879534,18.603289469379458
7.3354913300851985,11.06331794041834,18.874902822874517
7.717571734711132,11.624678278041218,19.220646092429035
8.116812163971517,12.185112580721228,19.64502781888493
8.531116017187038,12.736280769711845,20.151930095457278
8.957714925725362,13.26823414183548,20.744245442012467
9.393077624635648,13.769412181191823,21.423446395371446
9.832831740673315,14.22674644302647,22.189098903422114
10.271709070547525,14.625904731456407,23.038342891074755
10.703527055133486,14.951706054583505,23.965378469423904
11.12122054740882,15.188727523240745,24.96101273347668
11.516937970167119,15.322106688536755,26.012337174489012
11.882213839801475,15.338516143417877,27.10261529225207
12.208224759070339,15.227253006066322,28.211458970919686
12.48612804670977,14.981348576379212,29.31535570112501
12.707471472884569,14.598570616436326,30.388573886746965
12.86465023895041,14.082172207232244,31.404421432319502
12.95137539433718,13.44124667729829,32.33677038694556
12.963108972239649,12.690583676121703,33.161700099994206
12.89741793683126,11.849985811760481,33.85906886601042
12.75420346210085,10.943088061763639,34.413813743051485
12.535774412314485,9.995805468102056,34.8168075584863
12.24675247899758,9.03459786813417,35.06516767886012
11.893817812138682,8.084767258209139,35.161998559852286
11.485323872865429,7.168987593131297,35.1156383533769
11.030824726968763,6.30621434690709,34.938548231884745
10.540564678986682,5.511047530491767,34.64601798831988
10.024978634882622,4.793546251798363,34.25485991323123
9.494243366866554,4.159431705561317,33.78223184974753
8.957907584997201,3.6105780621522205,33.24468245727555
8.424615300913388,3.1456784922801044,32.6574606892011
7.901924807554263,2.760981812154001,32.03408784309048
7.396216202683576,2.4510162650353453,31.386159958303587
6.912674314900235,2.2092430017664717,30.72333188717583
6.45533096545793,2.02860689857016,30.05342993354494
6.027150090736601,1.9019729032945938,29.382643929351833
5.630140570235839,1.822450784648014,28.715758280309537
5.265483905346445,1.7836201757358527,28.05639181751687
4.933666575841807,1.7796721929291668,27.407226185927165
4.634609547545404,1.8054849853169357,26.77021085322869
4.367789767901588,1.856649558207097,26.14673921493441
4.132350449948639,1.9294600959087524,25.537794742578587
3.927198483768581,2.020880474718471,24.944068953610305
3.7510884565574028,2.1284961395106605,24.366054544031915
3.6026935637940274,2.25045825177608,23.804117682674782
3.4806642191359667,2.385425102925367,23.258553530913943
3.383675482080445,2.5325042400594424,22.729628765970276
3.3104645749314443,2.691197542558694,22.217614424329945
3.259859799388179,2.8613505668609474,21.722811861110877
3.230802123648242,3.043106788707256,21.245574113352323
3.2223606201837978,3.236866864951366,20.78632449941541
3.2337428119341753,3.4432526653080955,20.345573899766084
3.2643008443626003,3.6630755501656296,19.923937848690766
3.313534251888627,3.8973081628355395,19.522154315497534
3.3810899353760786,4.147058838427045,19.141102856004665
3.466759815732754,4.4135475869319905,18.781825656432016
3.5704764783975653,4.6980824691530545,18.445550856477226
3.6923069742502572,5.002035038259283,18.13371840950099
3.8324447929752434,5.32681335760622,17.84800859711302
3.991199873231545,5.673830920927576,17.590373142834135
4.168986357998558,6.044469592050163,17.36306864194839
4.366307641298778,6.440034451302501,17.168691715608947
4.58373808308718,6.861698195854858,17.010214875961083
4.821900593001184,7.310432513363571,16.89102152040078
5.081439104138137,7.78692366994285,16.81493771857959
5.362984782484128,8.29146948332886,16.786257476133514
5.667114659577809,8.823854977031065,16.809756919877362
5.994301257549154,9.383204454015253,16.890691330505604
6.3448517304504515,9.967808654437079,17.034767161386128
6.718835122177398,10.574927282589247,17.248079191138412
7.115996605355954,11.200569756242592,17.537000916953
7.535658102790466,11.839260820726158,17.908014490290967
7.9766056067737345,12.48380292950556,18.367465393228585
8.436964915744413,13.125054163459641,18.92122734603151
8.914069510375406,13.75174884169747,19.57426556756348
9.404326963633505,14.350397337629913,20.33009263604971
9.903093608810034,14.90531076816957,21.190122044611357
10.404571012993497,15.39880310865327,22.152941102119893
10.901741730286924,15.811624855691955,23.21354732941013
11.386365150182062,16.12367475477675,24.362619709818855
11.849055995328207,16.315015303356706,25.585924585815455
12.279466879319045,16.36718083357985,26.863979366045246
12.666590978431467,16.26471410647076,28.172106622615754
12.999190316445288,15.996803789305366,29.480996594875375
13.266339316174946,15.558832743040243,30.757849546807837
13.458053491420173,14.953603382345909,31.968089202409807
13.565952550994567,14.192001189175361,33.077533521457916
13.583890381613063,13.29290553880979,34.054800416105486
13.508476496209886,12.2822601158925,34.873643378090016
13.339418585013659,11.191356854585674,35.51488479611649
13.079634945238931,10.0545342820859,35.96766011707988
12.735116072248777,8.906603148751739,36.22979938076003
12.314550317759533,7.780356891168047,36.3073265859714
11.828761268163255,6.704490181564395,36.21321045550178
11.290027216983924,5.702149109160056,35.965612597668226
10.711361730672264,4.790203679300966,35.58592682385178
10.105828810815996,3.979204782165104,35.09688487310947
9.485949973894222,3.2738927654637195,34.52093649649253
8.863238954016257,2.6740765765238876,33.879022473591924
8.24787789936648,2.1756986911297536,33.18977292449033
7.64853071853511,1.771929044546606,32.469097038879674
7.072276581990936,1.4541750231610582,31.73009054640887
6.52463973038048,1.2129405632788137,30.983172102949055
6.009689777611451,1.0385066430958831,30.236362889617197
5.530188202912543,0.9214340015333309,29.495637578831325
5.087760258133608,0.8529065359246621,28.76529293510059
4.683075887765279,0.8249423767974933,28.048298195534056
4.3160276409774765,0.830501716353584,27.346606524697567
3.9858974594299497,0.863518567857149,26.661418322479754
3.691507430100439,0.9188797243498281,25.99339503688531
3.4313520567572633,0.9923696194622443,25.3428269609142
3.2037113884909187,1.08059538236774,24.70976101055988
3.006745558278696,1.1809025318080757,24.094095399731074
2.8385720501520426,1.2912886144790217,23.495648038379922
2.6973274432470173,1.4103196513372827,22.914204827451233
2.5812155706347486,1.5370524267553607,22.34955311771959
2.4885440564896224,1.6709643287337441,21.80150463754495
2.417751114585155,1.8118915131893147,21.269911292700286
2.367424346432621,1.9599755247755848,20.754676457897506
2.336313098288492,2.1156180814566916,20.25576373540911
2.323335742959345,2.2794434580209715,19.77320464989071
2.3275830580046493,2.4522677374723556,19.307106366821184
2.3483186846581567,2.6350741030816023,18.857660246318872
2.3849774759893743,2.8289932909672113,18.42515185471898
2.4371623803480422,3.035288292985496,18.009972934500855
2.504640356973454,3.2553423765148466,17.612635762219394
2.587337683477893,3.4906494585143335,17.233790289445675
2.685334887423269,3.7428058250316174,16.8742444505452
2.7988614133464935,4.013502114257956,16.53498802165995
2.928290018690819,4.304514371986293,16.217220415863082
3.074130772992227,4.617692833922783,15.922382787437575
3.237024409732448,4.954946881032082,15.652194778531173
3.4177346445196553,5.318224343951294,15.408696155061348
3.6171389214789453,5.7094829941047305,15.194293420956233
3.8362168767233915,6.130651649477357,15.011811238143416
4.076035608773431,6.5835778453082225,14.864548071772385
4.337730617219975,7.069958488291668,14.756334871704146
4.622481011583249,7.591249358839583,14.691594724751148
4.931477305232827,8.148548808448734,14.67540018680621
5.265879804424151,8.742450617653642,14.713523339353921
5.62676530093175,9.3728608915213,14.81247141954298
6.015059515702777,10.038774309374986,14.979498073058696
6.431452580954387,10.73800634813734,15.222576850587444
6.876294881208817,11.466880715190895,15.550319591102681
7.349470931913712,12.219875724675084,15.971818071116004
7.850249836088756,12.989240381182803,16.49638330415242
8.377112450222603,13.764601132463516,17.133154132639785
8.927557969374314,14.532594039166653,17.890546812967877
9.497896463667956,15.276574350394936,18.775522348794905
10.083039142563104,15.976474973479428,19.79266114916105
10.67630476845806,16.6089041941654,20.94305814573254
11.269268292787897,17.14758604191653,22.223088093026078
11.851685471025904,17.564246149619663,23.62314051398741
12.41153319340705,17.830022175988237,25.12648250634367
12.935207014541446,17.917421526631045,26.708464869062436
13.407911819569257,17.802755478759035,28.336324785479462
13.814265882919685,17.468853503437185,29.969833019400077
14.139111381579655,16.907725932119927,31.562962349397935
14.368487340161664,16.1227353839415,33.06660562152559
14.490679807263536,15.129805502193534,34.43215955876753
14.497228663213125,13.957279908892358,35.61555928299784
14.383752639436269,12.64425485707012,36.581168915237825
14.15046351716595,11.23750866290197,37.304878404598114
13.802279880481455,9.787458058131284,37.77586735641289
13.348513449665287,8.343787839069051,37.99675681840146
12.802171701317377,6.9514528181809565,37.98220472243369
12.178980731603177,5.647626645188955,37.756305552003845
11.496267351406487,4.459921500263542,37.34934107289316
10.771843272531044,3.4059149801543964,36.794458957636046
10.023010860486004,2.493781887422657,36.124750692250714
9.265769984887688,1.723690410075411,35.371018672437664
8.514261498288924,1.0895913378468993,34.56033140072418
7.780444848847408,0.5810793632334184,33.715313836016094
7.073980745984973,0.18509789012851835,32.85402835340287
6.402275674177327,-0.1126421743107528,31.990268021303198
5.770641401714996,-0.326576117976735,31.134092375526777
5.182526163793763,-0.47052036688617127,30.29246777163601
4.639781616459533,-0.5571846964968363,29.469914072912463
4.14293836893029,-0.5979046394571472,28.669096713361988
3.6914712222300556,-0.6025368800639874,27.891333072481043
3.284042291370026,-0.5794673654592593,27.13700332677558
2.9187156664400637,-0.5356916163488974,26.405869332087338
2.5931412274606815,-0.47693664729251944,25.697312354977626
2.30470789481591,-0.4078026474271141,25.01050344676653
2.050668252780417,-0.33190961967375837,24.344520519453106
1.8282373975668311,-0.25203951572482447,23.69842493446117
1.6346692607636157,-0.1702682577767612,23.071308475793295
1.4673137208963718,-0.08808470662728349,22.462319466807692
1.323657669949085,-0.006495413029013075,21.870674798778506
1.2013529389297846,0.07388487563650199,21.295662912602232
1.098233668010865,0.15275629327194656,20.736641360494346
1.0123253717644032,0.2300694722463542,20.193031465725532
0.9418476227359716,0.3059724693358417,19.664311761161166
0.8852119710041005,0.38076771363792794,19.15001127656131
0.8410164406781148,0.4548777141023775,18.649703314230315
0.8080376994153438,0.5288183372214244,18.16300006077054
0.7852217842383327,0.6031785654439593,17.689548193857597
0.7716740848519065,0.6786057599624834,17.229025528459328
0.7666491320415747,0.755795568458065,16.781138684574305
0.7695406108618952,0.8354857331909165,16.345621731783005
0.7798719133024264,0.9184531636592106,15.922235762718152
0.7972874600565636,1.005513738527235,15.510769359658076
0.8215449531296631,1.0975243922222966,15.111039940321062
0.8525086676914116,1.195387121723998,14.722895997180927
0.8901438503857672,1.3000546182065804,14.346220277362544
0.934512260046955,1.4125372861154235,13.980933986646646
0.9857688634123449,1.5339114587475102,13.627002141340512
1.0441596811212912,1.665328654105752,13.284440236338343
1.1100207663229353,1.8080257370531192,12.95332244757766
1.1837782879474532,1.9633358624831354,12.633791643540025
1.2659496815073286,2.13270006757095,12.326071544854777
1.357145820517467,2.3176793565159564,12.030481444910752
1.4580741494404232,2.519967074722294,11.74745398905239
1.5695427024054167,2.7414012957916642,11.477556606545969
1.6924649083562655,2.983976836835071,11.221517298579808
1.8278650497371427,3.249856365874532,10.980255606587427
1.9768841945533466,3.5413798569721604,10.7549197158604
2.1407863558784075,3.861071368061541,10.546930784597606
2.3209645425740417,4.211641742875269,10.358035718607185
2.518946242510456,4.5959853466515375,10.190369720424822
2.736397715367151,5.01716830517487,10.046530002080937
2.9751262543889063,5.478404893237885,9.92966202175428
3.2370792911053203,5.983017674023113,9.843559423469236
3.524338847540735,6.534375688749169,9.79277843349145
3.8391093687474758,7.135803409352388,9.782766664358023
4.1836963764860275,7.790451293589469,9.820004911584382
4.560472657752029,8.501116668895218,9.912158346533886
4.971827834125374,9.270001455477527,10.068230182020496
5.42009616357417,10.098391208245662,10.298706006917307
5.907456355044943,10.986238637948961,10.615670087287148
6.4357961377123765,11.931635047730229,11.03286555765657
7.0065335257962476,12.930156373269927,11.56565827239851
7.620386501264028,13.974078758574224,12.230849270689086
8.27708373800623,15.051474550921384,13.046264319093781
8.975011789171145,16.145226532342782,14.030033374157345
9.710799884086912,17.232039380515673,15.199463030706944
10.478853343016217,18.28158467918883,16.569409420928935
11.270861768764096,19.25598739586908,18.1500897513723
12.075329198064642,20.109938248233874,19.944342720071205
12.877199445487566,20.79177656539377,21.9444754856098
13.65767748205538,21.245895971707444,24.12902246466611
14.394369571945408,21.41673176745732,26.459971503010586
15.061869484303807,21.25434642952845,28.88123144909443
15.632891124349522,20.721219964160746,31.31922373946318
16.079977222481315,19.799325923402982,33.6863540056923
16.37769746466192,18.49608232904906,35.887658562162116
16.505105142796353,16.84754491442831,37.83013475571757
16.448089444788685,14.917488233616936,39.433343072671576
16.201195260854433,12.791873836998382,40.63916806482653
15.768528973793105,10.569432431114862,41.418521088090074
15.163534916741613,8.350234068966305,41.77343105889703
14.407669267776017,6.224691559549023,41.7342080281073
13.528235076252775,4.265187813020527,41.35268485403049
12.555793862536978,2.5215855534024323,40.693417746893715
11.521595312071963,1.0207103997293956,39.82488502461857
10.455380120266836,-0.23103768312777073,38.81225239458106
9.383762843415107,-1.2432370989506811,37.712497302501454
8.329249581787842,-2.036423661172895,36.57194855227467
7.309829886090088,-2.637430598006053,35.42580817037696
6.339018158153861,-3.075609593770376,34.29902112614631
5.426201521869325,-3.3800980484885885,33.20787620011857
4.577163618828172,-3.5780634980476504,32.161855539418106
3.7946813275930715,-3.6937401674678756,31.16541584444723
3.0791222834465195,-3.748042799146922,30.219529987165103
2.4289985198785873,-3.7585625811842536,29.322924306913045
1.8414528059765078,-3.7397905010893155,28.473013376992366
1.3126690711506357,-3.70345690643272,27.6665689473756
0.8382076740485039,-3.6589136265871356,26.900173202208066
0.4132715489324284,-3.613513767562941,26.170507156463273
0.03291173941975434,-3.572964482193767,25.47451925046934
-0.3078184604102642,-3.5416412122162413,24.80951098998821
-0.6137518469332328,-3.522859944288202,24.173168090803877
-0.8895300487858968,-3.5191085531097785,23.56355812860492
-1.1395536265972597,-3.532240583214602,22.979109577052025
-1.3679535541294088,-3.563635738831738,22.418582369153913
-1.5785791038493124,-3.61433149855059,21.881036589181623
-1.7749980494854267,-3.6851300165322574,21.365803379103788
-1.9605058643776063,-3.7766840315427452,20.872460405311607
-2.1381412398295083,-3.8895649987017684,20.400813082217226
-2.3107057818920644,-4.024316146833313,19.950882026574433
-2.4807861802082294,-4.181492672700427,19.522896791369728
-2.650777490902722,-4.361690819560883,19.11729570212466
-2.8229064480210435,-4.5655671492836625,18.73473151720399
-2.999253924137716,-4.793848898335607,18.37608260184732
-3.181775808248341,-5.047335900449602,18.042469301347186
-3.372321664200668,-5.326894155017533,17.735275189316027
-3.5726505806788253,-5.6334407137193425,17.456172824659667
-3.7844436281010934,-5.96791914439776,17.207153549875596
-4.009312302065701,-6.331264410239566,16.990560676910178
-4.2488022603955535,-6.724355579289757,16.809125105325244
-4.5043915551750064,-7.147954368464789,16.66600196680348
-4.777482427766854,-7.602627154989492,16.564806251088452
-5.069385581872277,-8.088647802927083,16.50964449864989
-5.381295690225586,-8.605878525777763,16.505138501970237
-5.714256744659697,-9.153626145365855,16.556435505033928
-6.069115757453253,-9.73047166363446,16.669197614522968
-6.446463308359794,-10.334072240064181,16.849561063020307
-6.846559568491352,-10.96093671925514,17.10405369353793
-7.269244802175422,-11.60617908070634,17.43945678096709
-7.713834056047058,-12.263258898858883,17.86259545432197
-8.17899691487694,-12.923724366199709,18.380041147297675
-8.662624967458251,-13.576981737653032,18.99771057452261
-9.161692098328642,-14.210124946588863,19.720349884593357
-9.672115958959692,-14.80786978098333,20.55090126560437
-10.188632910535853,-15.352646690960638,21.489763742658873
-10.704703100024183,-15.824912234524708,22.533981112324998
-11.212466566350313,-16.20373744242909,23.676417640858336
-11.702774442180951,-16.467717344336574,24.905013976416036
-12.16532012088142,-16.596215205434525,26.202246414498894
-12.58889217024429,-16.570905487345243,27.544933616665613
-12.961762373440257,-16.377513578228115,28.904534985237987
-13.27220779733743,-16.007577231038542,30.24805304243098
-13.509145791364226,-15.45999135976725,31.539581745503416
-13.6628377617624,-14.742066625932036,32.74243694112584
-13.725595897284554,-13.869854293684165,33.82168112808004
-13.692412496492238,-12.867575972669568,34.746742432769196
-13.561429648544218,-11.76613899062352,35.49376296293992
-13.334180896934052,-10.600886481223766,36.04732290163398
-13.015565254547749,-9.40888131614438,36.40128138787016
-12.613552126678536,-8.226110943351248,36.558633398774866
-12.138654774536478,-7.085000378032046,36.530461068647305
-11.603240945689574,-6.012536069697991,36.33420900149023
-11.020765796867511,-5.029163750474375,35.991598995860436
-10.405012250146996,-4.148471549777006,35.52650741949046
-9.769409946886649,-3.377544797755044,34.963070623145235
-9.126481439616954,-2.7178040857861507,34.324188538722495
-8.487439394300491,-2.1661168998037823,33.63049507504712
-7.861936456018717,-1.7159942211554096,32.899779689733826
-7.257953068311536,-1.3587289487905525,32.14678921559736
-6.681798811727154,-1.084385595548928,31.383313410632727
-6.138199053629014,-0.8825981864816866,30.618455659341354
-5.630439371131708,-0.7431693678346882,29.859003125000594
-5.160543633941543,-0.6564870448566084,29.109830383785713
-4.729466350395146,-0.6137870397436624,28.374291249287282
-4.337284823429008,-0.6072942056261157,27.654571624845456
-3.98338117825949,-0.6302731392282489,26.95199029794813
-3.666608089042801,-0.6770155624185584,26.267244445288558
-3.3854349589989083,-0.7427863286881969,25.60060280237696
-3.1380734475317253,-0.8237449250334794,24.95205280053244
-2.9225827065199392,-0.9168548412845096,24.321409328137705
-2.7369556246429063,-1.0197894827519765,23.708392848961854
-2.579187915587288,-1.1308404204211717,23.112683956149322
-2.447332136576274,-1.2488316158316475,22.5339604410409
-2.3395387784338375,-1.373041696983803,21.971921860815122
-2.2540864961306184,-1.5031352665833329,21.42630554540168
-2.1894033996402342,-1.6391034791280568,20.896897068218347
-2.144081134305432,-1.7812136341455647,20.383537446459943
-2.1168832718087662,-1.9299672255183415,19.886128736274106
-2.106749322972312,-2.0860657055087266,19.404639232310707
-2.1127954816995334,-2.2503831254169193,18.939109149124988
-2.1343130209149273,-2.4239447722498397,18.489657431370265
-2.170765088894413,-2.6079109097431976,18.056490189443814
-2.2217824983990933,-2.8035647355295725,17.63991116859293
-2.287158960582464,-3.012303670925987,17.240334616700245
-2.3668460887767773,-3.235633094905739,16.85830090599283
-2.4609483812730653,-3.475161609936309,16.494495275823372
-2.5697182838044514,-3.732596875811771,16.149770087849138
-2.6935513278435113,-4.009740959831568,15.825171012170317
-2.832981235795679,-4.3084840189057205,15.521967583372186
-2.9886747740296586,-4.6307949422500005,15.241688567085538
-3.161426014308849,-4.978707332862698,14.986162545356267
-3.352149528042582,-5.354298882797481,14.757564042350719
-3.5618718800256826,-5.7596617936142405,14.558465343036353
-3.791720603079303,-6.196861405023526,14.391893869161853
-4.042909616754087,-6.667879624291585,14.261394519573697
-4.316719797766806,-7.174539111477563,14.171095691313118
-4.614473115518955,-7.718403506680921,14.125776693028255
-4.9374984161503646,-8.300648353351498,14.13093284525316
-5.287086584562819,-8.921896893488483,14.19283262224963
-5.664432460170872,-9.582014773799743,14.318558614185767
-6.07056057292258,-10.279858190523194,14.516020783172303
-6.506231573799267,-11.01297152227526,14.793926419323684
-6.971826269591605,-11.777233608013725,15.161686468199814
-7.4672045957068285,-12.566457220887095,15.62923282225132
-7.991537891249562,-13.37195477161138,16.206716439165728
-8.543114753717457,-14.18209562680921,16.904053004221385
-9.11912386309082,-14.981897144150189,17.73028324209974
-9.715421785796462,-15.75271237171024,18.692721671005522
-10.326300102594407,-16.472100706869508,19.795884046312406
-10.944274191354237,-17.11398982311835,21.04021360264695
-11.559925086783213,-17.64925104683563,22.420672090554053
-12.161834733798672,-18.046806110719622,23.925323085695904
-12.736661385163497,-18.275348731594885,25.53410592632237
-13.269402637622738,-18.30568880398462,27.21806431181536
-13.743884888766749,-18.113606208313808,28.939330212568237
-14.143496587862524,-17.682945915537854,30.652141475553112
-14.452147524078905,-17.008527580442074,32.30506404143504
-14.655390655329471,-16.098332709987563,33.84438932298785
-14.741595079831885,-14.974430063966635,35.21841043021643
-14.70302174645156,-13.672247289140406,36.382013806028866
-14.53664158372788,-12.238090030285878,37.300847420047326
-14.244558598450663,-10.725183522832971,37.954325202668926
-13.83395789017684,-9.188852892499039,38.33692957447016
-13.316578164727728,-7.681650550749234,38.457631896296256
-12.707789279841908,-6.249216098897533,38.3376520894688
-12.025415867402101,-4.9274321680301085,38.0070951349486
-11.28847395956654,-3.7411066577874417,37.50114595579019
-10.515976793214643,-2.7040828905772214,36.856460723996925
-9.725927663297014,-1.82044528841229,36.10821350899001
-8.934566666005257,-1.0863871022986809,35.288024981683876
-8.155888741370799,-0.4923245023613392,34.42278926671101
-7.401412199079436,-0.024934178614241187,33.53426956767284
-6.680153614900352,0.3310887709336911,32.639262582432536
-5.99875563927633,0.5916455329317709,31.750122416404093
-5.361715316686336,0.772231229654694,30.875463790354598
-4.771667801275105,0.8872752221771565,30.02091008472426
-4.229690295867953,0.9497600758550502,29.18979865688156
-3.735601150675671,0.9710504023178028,28.38379538800341
-3.2882379250959253,0.9608689935568833,27.603399511638678
-2.8857052607041576,0.9273688032512681,26.848338764567124
-2.5255885864728365,0.8772614865832433,26.11786568385413
-2.205133208749334,0.8159742508552308,25.41097075748053
-1.9213905643928793,0.747815808978725,24.72652920323214
-1.671334674777929,0.6761391243803929,24.063397022291685
-1.4519524239488175,0.6034936210095183,23.420469785064245
-1.2603114264863418,0.5317629762986866,22.796715082391778
-1.0936091194283764,0.462286896820887,22.191187134934466
-0.949206426694251,0.39596672334328525,21.603029907701682
-0.824648983363847,0.3333555816190871,21.031473304098974
-0.7176785217089371,0.2747342781711324,20.47582561638056
-0.6262366420337742,0.22017437138029108,19.935464349437954
-0.5484628368078129,0.16958991973670023,19.409826758437895
-0.4826883152883214,0.12277938280164744,18.898400891177015
-0.4274268914313089,0.07945906668480361,18.400717550766352
-0.38136395067224416,0.039289390818975214,17.916343348607796
-0.3433442994948865,0.0018951232732924012,17.444874865233725
-0.3123595229162847,-0.033119401565339796,16.985933849132064
-0.28753532591128905,-0.0661591997113678,16.539163339853047
-0.26811921202458655,-0.09763092916300407,16.104224585940646
-0.2534687526533742,-0.127937911220281,15.680794629558239
-0.24304062057108353,-0.15747734030837954,15.268564440568605
-0.23638049827553495,-0.18663923401723428,14.867237498337499
-0.2331139230259264,-0.21580675714770528,14.476528736559164
-0.23293809360849607,-0.2453576252300041,14.096163783138943
-0.23561463685102452,-0.27566635494847874,13.725878442669806
-0.2409633128763573,-0.30710718201029386,13.365418382929793
-0.24885662548758047,-0.3400575121503741,13.014538999084303
-0.2592152965925025,-0.3749018091086888,12.673005440089796
-0.27200456009734525,-0.41203585546748134,12.340592791470208
-0.2872312303143451,-0.45187134906699505,12.017086417541622
-0.30494150188746205,-0.4948408201325815,11.70228247469121
-0.32521944194043473,-0.5414028729661581,11.395988615886225
-0.3481861401095524,-0.592047771712028,11.098024915625734
-0.37399948795835963,-0.6473034028340836,10.808225054501326
-0.4028545656834923,-0.7077416579668014,10.526437813887469
-0.43498462077413824,-0.7739852900424257,10.252528944573434
-0.4706626301929767,-0.846715303244533,9.986383488985231
-0.5102034445444332,-0.9266789434476835,9.727908655732856
-0.553966519439956,-1.0146983602641755,9.477037368384135
-0.6023592457075011,-1.1116800143223238,9.233732638594105
-0.6558408960450289,-1.2186249033847547,8.997992948177743
-0.714927210956371,-1.3366396774935767,8.769858866794614
-0.7801956510219887,-1.466948705188522,8.549421183263473
-0.8522913453165543,-1.6109071381031848,8.336830891076305
-0.9319337664887484,-1.770014997262894,8.132311444674949
-1.0199241608270555,-1.9459322675264827,7.936173795035469
-1.117153755382277,-2.1404949318076576,7.7488348238880205
-1.2246127522904644,-2.3557317971252987,7.570839928453336
-1.3434001006223106,-2.5938818508738337,7.402890665810506
-1.4747340053468079,-2.8574117254552283,7.245878550372294
-1.619963087220812,-3.149032625817104,7.100926310736392
-1.7805780410414085,-3.4717157652473256,6.9694381524366245
-1.9582235452666144,-3.828704930726076,6.853160835806845
-2.154710043599545,-4.223524222237301,6.7542576514032575
-2.372024835670138,-4.659978232164592,6.6753976361926
-2.6123416624298996,-5.14214089065642,6.619862581471276
-2.8780276305295405,-5.674327827429833,6.591674470813944
-3.1716458615195378,-6.26104530570747,6.595745845535738
-3.495951643118497,-6.906906480810178,6.638055059517284
-3.853879062716245,-7.61650284477348,6.725847204261959
-4.248514076607556,-8.39421519761964,6.8678592929873075
-4.683048674136192,-9.24394438389842,7.074564572560598
-5.160709210688751,-10.168737576491386,7.358424882553821
-5.684650120067619,-11.170281625751112,7.734130899603408
-6.257802159902098,-12.248232003614874,8.218796824925933
-6.882662307030224,-13.399346078164967,8.832057503757353
-7.561010829910049,-14.616395983382445,9.595991346476275
-8.29354067586976,-15.886853915928821,10.534762018425956
-9.079386337524372,-17.19137776979582,11.673838194326667
-9.915545599926583,-18.502185397467702,13.038620378243234
-10.796200408932926,-19.781498758259882,14.652290096952562
-11.711965278296656,-20.980367378937736,16.5327218401439
-12.649125475990491,-22.038334185173433,18.68839346387935
-13.588972975999505,-22.88455282594835,21.113432293458175
-14.507401476562466,-23.441036577810372,23.782266833150146
-15.374970467078363,-23.628610453619693,26.644802439859685
-16.157670021805085,-23.37573153313496,29.623508083507485
-16.818581945669333,-22.62956824837322,32.61408578753035
-17.320509670341053,-21.367669579055445,35.49120511033554
-17.629430281601355,-19.60753618205002,38.119871956891146
-17.71834278549158,-17.410976218053218,40.371372371776225
-17.57083736527086,-14.880825818627894,42.140848799261754
-17.18361257820111,-12.149557143190771,43.362293993970816
-16.567312679151122,-9.36188594538325,44.01692968743062
-15.745437455324662,-6.65556387897275,44.13278050509767
-14.751562840419997,-4.145044545309318,43.77602690830344
-13.625510553956829,-1.9114193013806706,43.03712837694882
-12.409271899610744,0.000321629858436312,42.0157149622033
-11.143398266209388,1.5778614138246463,40.80767944589035
-9.864306990847318,2.8343634114479137,39.49638528153835
-8.602648547483918,3.8000298328222595,38.148301020675994
-7.382642982753769,4.514293905029076,36.812269714513775
-6.2221622047819185,5.019655147657665,35.52117272165596
-5.133300405551825,5.357427358544001,34.294796143273935
-4.123203441844426,5.565206039223021,33.14300599292564
-3.194984314156901,5.675659892378917,32.068684829561754
-2.348611252377339,5.716225602176366,31.07016931171863
-1.5817045468997222,5.709349851546065,30.143121597197222
-0.8902141613857225,5.6730159661095225,29.281876349992878
-0.2689732350167744,5.621380902010283,28.480353028356507
0.2878643186037845,5.565417931525972,27.73263383279885
0.7864876854553988,5.513509317243581,27.03329914892221
1.2331781349741004,5.471964669382296,26.377596059321462
1.634127229941058,5.445459148611142,25.761497976222245
1.9953100311960772,5.437395459386456,25.181697742499352
2.322401142527137,5.45019796907664,24.635563766156345
2.6207235273415206,5.485548580680871,24.121078969013805
2.895221922921721,5.54457366026297,23.636775168783288
3.150454303231996,5.627990262783353,23.181670459233054
3.3905961877760324,5.7362186079012965,22.75521370095013
3.6194536845996113,5.869466482782711,22.357237952254703
3.8404820251281295,6.027790102406873,21.987923210006652
4.0568070338412365,6.211134973431192,21.647767928459352
4.271247510489776,6.419359482878527,21.3375682440568
4.486336915650958,6.6522432514979215,21.058403511815477
4.704343066219918,6.909481735890038,20.811626552072248
4.927284786364214,7.190668120437039,20.59885684260384
5.156944639081485,7.495263204534424,20.421974720617353
5.394876999616915,7.822553766474474,20.28311444921286
5.642410839768455,8.171599786119849,20.184653735048364
5.900646687019731,8.541170957560558,20.129196952643753
6.170447321205113,8.929673152976411,20.119548944786732
6.452421892698663,9.335065950642813,20.158675853756442
6.74690331102252,9.754773059043954,20.24964904230076
7.053918984824078,10.18558850007278,20.395567861954248
7.373155318636352,10.623582791148317,20.599456928672637
7.703916813882992,11.06401509655692,20.864133819611627
8.045081202913092,11.501259362643694,21.19204389645925
8.395052778245605,11.928754694610946,21.585060506310523
8.751716960762394,12.338992452731404,22.044251334266992
9.11240014957905,12.723554384234472,22.569615371049093
9.473839943531761,13.073217051527802,23.159799899684717
9.832171800788148,13.378137212780102,23.811812989342453
10.1829389334323,13.628129920203586,24.52075380228567
10.521132487998322,13.813045235283932,25.279589763653252
10.841268574631968,13.92324018574996,26.079015058854168
11.137507214432695,13.950130003160162,26.90742736759136
11.403815582148095,13.886787694046593,27.751057408813708
11.634173986631644,13.728545533144155,28.594277198622795
11.822818048621228,13.473539027836678,29.420097179732856
11.964504996849106,13.12312679585712,30.210840264738263
12.05478669965959,12.68212196029497,30.948954889086036
12.09026797735238,12.15878420356598,31.617903733504473
12.068826913913721,11.564546366933545,32.203045289664935
11.989775075710984,10.913482393883676,32.69241712569279
11.853940016791213,10.221558823086026,33.077335940635784
11.66365980613498,9.505742851536054,33.35275048276131
11.422688493693288,8.783059611275482,33.517315704729626
11.136020930749714,8.069695575525119,33.57319377595971
10.809653572945509,7.380233462185307,33.52562222455833
10.450303514680975,6.727079898243115,33.382314948369284
10.065110318759226,6.120116297606398,33.15277421332244
9.66134420814853,5.566572483285651,32.847590562799
9.246140487541226,5.07109708868544,32.47779532975558
8.826274653758896,4.6359820090536905,32.054311522621724
8.407986627992095,4.261490934903924,31.587527956053954
7.996856848140242,3.9462430281253034,31.08700250729608
7.597732255154412,3.6876096586586513,30.56128573506935
7.214696822035984,3.482092069183286,30.017846714725298
6.851079248340344,3.3256585018081015,29.463078529914263
6.509489614691383,3.214029025374282,28.90236040110223
6.19187689136373,3.1429041173255805,28.340155640871316
5.899599924845354,3.1081386798882153,27.78012828611922
5.6335056148078255,3.1058667343233544,27.225265398004307
5.394009223659803,3.132583898706909,26.677995979506903
5.1811729767800525,3.1851953518204614,26.140300860490175
4.994780216196266,3.2610367355544425,25.613810586125858
4.834403313005773,3.3578746967769715,25.099890311750634
4.6994643070581255,3.473892775740038,24.59971203743106
4.589287831151943,3.607667288206414,24.114315328899075
4.503146308616404,3.7581368312909267,23.644658094659743
4.440297710766735,3.9245681268045653,23.191659136613083
4.400016348691069,4.10652012445176,22.75623415770861
4.381617275043504,4.303807622662117,22.339326766701785
4.384474906069639,4.516465116991073,21.94193581776699
4.40803645874186,4.744711138955109,21.565140194514953
4.451830746107376,4.988912984281918,21.210121912676904
4.51547279625755,5.249551432141073,20.8781881813988
4.598664664713893,5.527184811650742,20.570792829857247
4.701192702517155,5.822411567831256,20.289557268187853
4.822921427490066,6.135830309229835,20.036290899910007
4.96378402773129,6.467996181446479,19.813010624801905
5.123769407791416,6.819372308130007,19.621958752533295
5.302905572890009,7.1902749837874795,19.46561827378493
5.501239039641933,7.580811309162385,19.3467239935031
5.718809869485664,7.990808057869335,19.268267509869837
5.9556218523243105,8.419730791560918,19.23349341830515
6.211607335239251,8.866592651704803,19.24588343908414
6.486586211299288,9.329852913125276,19.309124434122598
6.780218678321064,9.80730636227913,19.427055543388846
7.091951574182403,10.295965940841588,19.603589021096543
7.420958426074263,10.79194294460665,19.842598921529436
7.766073850996608,11.290331434192751,20.147771768406365
8.125723647853864,11.78510638579917,20.522413999685632
8.497852853461575,12.269048376649492,20.969212631461357
8.879855202227011,12.733710999583934,21.48994858537471
9.268508804436589,13.169450268085612,22.085166808914416
9.659924360103378,13.565537292738234,22.753813905726776
10.049513700482173,13.910375516352408,23.49286244366633
10.431987655542835,14.19184063804723,24.29695094516326
10.801392849575693,14.397753884950937,25.15807869356026
11.151196625233084,14.516486672106668,26.06540308231964
11.474427471659833,14.5376768651114,27.005191775029743
11.763874753017992,14.453015034595353,27.96097954598508
12.012346088117463,14.257036125340454,28.91396773824753
12.212973675198375,13.947832378992802,29.843681473115375
12.359552919221045,13.527592742304968,30.72886705582514
12.44688911764987,13.002877719992547,31.54857349292607
12.471122245616288,12.384559980712757,32.28332470276097
12.429997617467196,11.687399418215897,32.91626164337225
12.323052528572234,10.929271410406594,33.43412437928089
12.151696186554958,10.13011909572604,33.82795782946676
11.91917151691248,9.310743107031143,34.09346078782384
11.630400944289411,8.491565418056132,34.230948983773494
11.291731569115873,7.69150257638373,34.24495836827115
10.910605866740717,6.927058845245823,34.14356243927723
10.495190376079746,6.21170868440165,33.93750792823545
10.053996122994969,5.5555908506989775,33.63928240709976
9.595521164972773,4.965493394893425,33.262216866430535
9.127938923459533,4.445077330439927,32.81970184446941
8.65884756142465,3.995269943919741,32.32456486786529
8.195087178809555,3.6147558692042487,31.788626852923034
7.742624262788607,3.300501782914506,31.22243065073427
7.306497341438345,3.0482644885066805,30.63511842450896
6.890814345284059,2.8530481270794614,30.034426086541423
6.498790604260303,2.709491236211437,29.42676118881566
6.132816307573355,2.6121766076564925,28.817333415289234
5.79454316992842,2.555865724071088,28.21031213631707
5.484981548333413,2.5356651197308353,27.608991710848738
5.2046009916819225,2.5471348752243173,27.015951230377798
4.953428933781957,2.586350335194422,26.43320054888851
4.731143806615829,2.649927713682114,25.86230847526654
4.537160176939134,2.7350230834705758,25.304511913689282
4.370704572119196,2.8393127446135633,24.76080666154178
4.230881470701043,2.960961404781648,24.232021711880176
4.116729518496914,3.098583140379727,23.718879463609895
4.027268428647792,3.251198822189015,23.222044399863925
3.9615372714940684,3.418192609068358,22.74216270085715
3.9186249914730946,3.5992692327794478,22.27989502191418
3.897694032941297,3.7944130943884646,21.835944367140684
3.8979979386610406,4.003849639174779,21.41108067364346
3.918893722366329,4.228009042719519,21.00616341858678
3.9598497244156006,4.467491898098048,20.62216328465446
4.020449547308406,4.723036318635585,20.260183670875012
4.100392542953511,4.995485642344507,19.92148261013193
4.199491190806251,5.285755726976934,19.607495441906142
4.317665568359235,5.5948006468782605,19.319858375270154
4.454934974805893,5.923575437264464,19.060432846616962
4.611406626206441,6.272994375917263,18.831330310622242
4.787261197320558,6.64388315031751,18.634936781186656
4.982734843159049,7.03692314111085,18.473936039821233
5.198097195300187,7.4525859812718265,18.351329929795874
5.433624699392009,7.89105655738282,18.270453534244037
5.689568549617552,8.352142753402381,18.234982278556018
5.966116396457602,8.835170565063754,18.248927094678617
6.2633469751644,9.338863822679246,18.316612747978976
6.581176850894117,9.861208761514694,18.442633296175728
6.919298638275672,10.399305200387978,18.631777509821287
7.277110373635826,10.949208267049833,18.88891608531152
7.653636251011955,11.50576756569578,19.21884186185335
8.047439737250064,12.062474488228167,19.62605435780499
8.456531212808157,12.611332986514117,20.114481230881175
8.878273782617086,13.142774315480214,20.68713230574855
9.309292766844154,13.645641502313063,21.34568721343831
9.745396548908673,14.107273679220661,22.090025987455096
10.1815187596217,14.513722563350177,22.917723419214415
10.611693906868657,14.850131477733882,23.82354227522036
11.029080055857156,15.101299356731932,24.79897638517692
11.42604241261618,15.252436368673798,25.83190966254155
11.79430996633241,15.290093270435849,26.906467529102308
12.125213064047028,15.203214412548025,28.00313819723082
12.410002559293318,14.984228204144683,29.099227990828915
12.640241170362408,14.63005567716277,30.169684115812366
12.808245855426176,14.142896813377039,31.18827036614529
12.90754817267324,13.53065510241668,32.1290217671019
12.933330229765216,12.806890030553697,32.967844288007456
12.88278958047142,11.990245059054946,33.68408038505114
12.755389322627778,11.103376748086172,34.261844703109816
12.552960306139282,10.171492812793312,34.69095549881426
12.279639498471639,9.220673246274716,34.967345041787084
11.941649125202488,8.276182214369028,35.09291437180874
11.546941130214503,7.360971063319196,35.074884817605955
11.104746849081817,6.494527999326659,34.92477006292326
10.625079885086983,5.692161319262448,34.65713343857074
10.118240253378772,4.964728769212101,34.28830054356312
9.59436103015572,4.318762432466339,33.83517221047421
9.063027407728786,3.7568970953010576,33.31423875733529
8.532985033746028,3.2784931946710087,32.74084671385513
8.011942275408261,2.8803497083162943,32.128724760121
7.506461254455797,2.5574206599789995,31.489742988690573
7.021925877384204,2.3034736262751214,30.833860710235676
6.562571596788651,2.111653512534533,30.169211370614796
6.131560749564128,1.9749359605434007,29.50227545443313
5.7310882800211695,1.886470325642236,28.83809986945302
5.362504727022695,1.8398221246993198,28.180532120154098
5.0264459165657716,1.8291300752340895,27.532447380737793
4.72296141057858,1.8491945563454664,26.895955083344678
4.4516361429167155,1.8955137462968976,26.27257829998731
4.211701684801602,1.9642818380660532,25.663403967488936
4.002135181166105,2.0523613352859025,25.069205112876052
3.821745203803113,2.157238960983051,24.490538027540147
3.6692446259853044,2.2769724396192657,23.927818170076982
3.5433111977084613,2.4101334637501814,23.38137876548807
3.4426368524196596,2.55575056272912,22.851515863319012
3.365966960229212,2.7132543328222583,22.33852320372121
3.3121308053803293,2.8824265214852005,21.842719744379316
3.2800645439555502,3.0633537308993763,21.364472202282183
3.2688278195796268,3.256385965893486,20.904214507513753
3.277615101006301,3.4620998533708223,20.462465672659206
3.3057626707220678,3.681266065640639,20.039847256292635
3.3527520481032087,3.9148202568240813,19.637101337737917
3.418210480612269,4.163836644067136,19.25510971252359
3.501908985634676,4.429503213019034,18.8949148501207
3.603758275380346,4.713097383482494,18.557743012250146
3.7238027478372446,5.015960823418545,18.245029794529497
3.86221257703386,5.3394719379704245,17.958448208328278
4.019273784165214,5.68501437866672,17.69993924332556
4.195376015540829,6.053939714407232,17.47174462168524
4.3909975921257685,6.447522183638503,17.276441145858495
4.606687227781436,6.86690321735059,17.116975623699368
4.8430416398788,7.313023207051017,16.996698792734815
5.100678100118092,7.786537827725547,16.91939592291026
5.380200802602983,8.287716170738738,16.889310816437455
5.682159773921947,8.81631808083517,16.91115871215049
6.007000937990898,9.37144854466591,16.990122122494085
6.3550059097213625,9.951387906331746,17.131821896788804
6.726220173483089,10.553398292833789,17.342253881327238
7.120368569148628,11.173509162142068,17.62767958794909
7.536757543027487,11.806288600228216,17.994457568570578
7.974164522857521,12.444612125575695,18.44880117910772
8.430716154447119,13.079447437049627,18.996448775493086
8.903759094953752,13.699681653584658,19.642235027064025
9.389729660142528,14.29202661559832,20.389558067869807
9.884031853771488,14.84104658914691,21.2397478023482
10.380937004368139,15.329359237101572,22.19135676705084
10.873522016600312,15.738062065351713,23.239416718784103
11.3536664437591,16.047429020061312,24.37473035124079
11.812130225178127,16.237901670517964,25.583294861256466
12.2387327795575,16.291363725617675,26.845976452262597
12.622648930481445,16.19263667713146,28.138563763571703
12.952826927203605,15.931073223479586,29.43231409008866
13.218518530480926,15.502065091527161,30.695061468061592
13.409892061256377,14.908239795252975,31.89287868060506
13.518679434631187,14.160115546664052,32.99218444629664
13.53879193689696,13.276029124920566,33.962082483736424
13.46683175806778,12.28124989021846,34.77663909804287
13.302430926367741,11.206328834435661,35.41677854950349
13.048367471041507,10.084873121607226,35.8715173966654
12.710437845511253,8.951045624326998,36.138366432809995
12.297098961332471,7.837134221174023,36.22287609912358
11.818924983337983,6.771505278087546,36.13744911824243
11.287946408358028,5.777161911378053,35.899654235470706
10.716947863361966,4.871000601463587,35.53032374337626
10.118796329704889,4.063735296808011,35.05170245835524
9.505856293454393,3.3603647340675775,34.48585300313077
8.889527619651496,2.7610098396365412,33.85343689591051
8.279920781152216,2.2619421811693106,33.17290741528524
7.685666211259857,1.8566498175722046,32.46008507930676
7.113841966354058,1.5368284174448008,31.728046611280725
6.56999689778103,1.293229875826963,30.9872421795273
6.058244329831272,1.116339028486478,30.24575761182126
5.581402482530278,0.9968773583362854,29.50965101107569
5.141161172102194,0.9261503565410175,28.78331043732899
4.738258506842563,0.8962640963649823,28.069796624682727
4.372655548573684,0.9002390569495188,27.37114954302762
4.043700735560866,0.9320476996161378,26.68864898600761
3.750279028826238,0.9865986805193449,26.023027252122713
3.4909431961152864,1.0596862260177184,25.37463689155218
3.2640264375833925,1.1479189225595254,24.74357911289957
3.0677367861285427,1.2486384060094835,24.12979946682154
2.9002344990868902,1.3598353364203428,23.533157425199327
2.7596941064340714,1.4800676174878755,22.95347589530518
2.644352987590291,1.6083839908273663,22.390575857314197
2.5525483896475856,1.7442547997123166,21.844300391036366
2.482744731765886,1.887510769166071,21.31453148257042
2.433552905804838,2.0382899950591935,20.801202234980913
2.403743111896154,2.196992896246306,20.3043064727314
2.3922525801150134,2.3642445992528476,19.823907228289762
2.398189339147673,2.5408640473237085,19.360145219363062
2.420833008214088,2.727839018952351,18.91324814919283
2.4596334141336893,2.926306178219794,18.48354147123476
2.5142076733235434,3.137535239655225,18.071461135041524
2.58433622880481,3.3629162976347367,17.67756875565507
2.6699581937118895,3.603949331345245,17.302569609580594
2.771166223082667,3.8622348397942394,16.947333843282102
2.888201011814622,4.139464477163738,16.612921272759863
3.02144539493502,4.437410437600143,16.300610142657096
3.171417902573416,4.757912171386569,16.01193018669677
3.338765491636577,5.102858793035654,15.74870027157386
3.5242550342534544,5.474165258986214,15.5130707929358
3.7287629845337547,5.873740043422603,15.307570797884743
3.9532624652028154,6.303441624787254,15.135159498561258
4.198806810088523,6.765020620086974,14.999281370779732
4.46650836468654,7.260043889217481,14.903923343582228
4.757511085537604,7.789796417699323,14.853671610661825
5.072955195407315,8.355156344692578,14.853764252389679
5.413931858885013,8.956438249959751,14.910134061150766
5.781425568029568,9.593199926773464,15.029433632115209
6.1762417141624075,10.264008607711952,15.21903186386025
6.598916739020662,10.96616433750119,15.486967522088545
7.049608408444761,11.695381373163375,15.841841594680142
7.52796427726912,12.445433708360682,16.29262615919355
8.032967502395751,13.207778684152755,16.8483640715714
8.562761039826398,13.971183700681069,17.517732098476298
9.114454178355347,14.721395505587173,18.308441854428025
9.683919538006919,15.440908932060696,19.226460366466362
10.265594201913324,16.10891059827527,20.275048005574348
10.852305415470589,16.70148944250492,21.45363854572934
11.435148710248502,17.192214233184554,22.75662577282831
12.00345320982643,17.553170270052828,24.172172160223358
12.544873321597926,17.756514133467398,25.68121168097345
13.045645394519687,17.776538902612142,27.256868350549656
13.49103932432725,17.592141295220923,28.864535416160788
13.86601620026619,17.189456931949223,30.462834475981413
14.156073489938837,16.564306344022597,32.005580464178585
14.348221812194396,15.724012722053462,33.44471388604135
14.431998960999552,14.688157317512324,34.73394852872528
14.400397757124516,13.487960073154092,35.832672949126554
14.250575394126303,12.164206735053435,36.70950717054946
13.984230523857054,10.763939149415044,37.344913885129344
13.607580158712734,9.336397380499522,37.732418712000744
13.130932262211376,7.928862236969189,37.87827221032246
12.567915717064169,6.583042146983249,37.7997043768261
11.934480277502942,5.332486501328328,37.52218277515794
11.247803474251238,4.2012508684236405,37.07621765286855
10.525236595038907,3.203774233206986,36.4942434655951
9.783393822462646,2.3457276662494944,35.80797913204967
9.037448406386066,1.6254932940355404,35.04648951309867
8.300658781355363,1.0359281162906708,34.23499716313742
7.584114112139111,0.5661293431097427,33.39436479030789
6.896666755343666,0.20300959305912475,32.541097998704096
6.245008600329895,-0.06741869661018851,31.687698169686232
5.633846863076336,-0.25907765946005074,30.843210629181346
5.06613946562297,-0.38515691156966236,30.01384636574905
4.543357674969844,-0.4576988841915931,29.203593112159847
4.065751974289767,-0.48738156613324096,28.4147653723653
3.632604812166867,-0.48344547628150353,27.64846927964438
3.2424602435956067,-0.45371909944535754,26.904976397365672
2.893325350805108,-0.40470639939267133,26.18401176764251
2.5828418101307373,-0.3417092091446374,25.484967346266433
2.3084282836501027,-0.26896522472858314,24.80705411552674
2.067395726260433,-0.18978864143886987,24.14940604201293
1.857038456395872,-0.10670521718411563,23.511147685379136
1.6747041457010314,-0.021576954852245242,22.89143537159111
1.5178458968067852,0.06428605330281383,22.28947985748694
1.3840594134307294,0.1500275149595638,21.704556575712342
1.271108003185042,0.2351604622931839,21.136007973722155
1.1769378441683689,0.3194957138309274,20.58324118070889
1.099685625997143,0.4030822434204234,20.045723239691497
1.0376803654399016,0.4861582708233973,19.5229753938305
0.9894409083115085,0.5691118473614492,19.014567373495378
0.9536703689073425,0.6524497405419863,18.520112251004377
0.9292485283657551,0.7367734950205844,18.039262174973768
0.915223013933125,0.8227616444809067,17.57170513367546
0.9107999107417942,0.9111571573144024,17.11716280096029
0.9153343141622863,1.0027593099213723,16.67538946936288
0.9283212114110466,1.0984192894520735,16.246172058288817
0.9493869830770013,1.1990389291867911,15.829331190216477
0.9782817357645128,1.3055720721055457,15.424723347456837
1.0148726134165427,1.4190281399234008,15.032244151573307
1.0591381844987526,1.5404775548516128,14.651832844334736
1.1111639626686671,1.6710587186955561,14.283478091708137
1.1711390875506984,1.81198629772244,13.9272252805344
1.2393541676402833,1.964560590917677,13.583185531498573
1.3162002671039938,2.1301777722655895,13.251546712584556
1.402169000286346,2.310340792350671,12.932586805419891
1.4978536799842543,2.5066706977790822,12.626690053853332
1.6039514457640607,2.7209180743504002,12.334366410683105
1.721266274264785,2.95497423568023,12.056274895126986
1.8507127416359956,3.210881655210117,11.793251579982693
1.9933203654986396,3.490842965898205,11.546343041572614
2.15023829580473,3.797227615018653,11.316846223223632
2.322740045395355,4.132574944527246,11.106355776227373
2.51222784531623,4.4995920494923425,10.916820037389234
2.720236068882524,4.901144223047439,10.750606857537498
2.948432982112898,5.340235097213954,10.61058047679063
3.1986198345299055,5.819972703286092,10.500190498833238
3.472725989595564,6.343516572523899,10.423573672805533
3.7727983929428235,6.913999654068388,10.385668539965412
4.100983173635308,7.534417237296761,10.392341892538054
4.4594965558774105,8.20747326324762,10.450524219925192
4.8505815198453055,8.935372496105725,10.568348615608686
5.276445799374749,9.719545218856224,10.755283654179074
5.739175877178219,10.560289818899374,11.022245137661049
6.24062071730957,11.456318517237861,11.381663963127673
6.782238215123598,12.404193634446084,11.8474773852442
7.364897011216233,13.397647746853613,12.434998635291137
7.988626823243618,14.426793011825744,13.160605833427308
8.652312405792891,15.477245489141602,14.041177145967064
9.353330474041556,16.529222266465723,15.093188764400947
10.087136418614934,17.556714676499464,16.331391670492717
10.846819417793277,18.526899475517975,17.7670015734846
11.622661316556853,19.400015956660322,19.405385913711697
12.401756143724072,20.129996331204236,21.243324989103538
13.167771281282851,20.666163273285253,23.26606868333378
13.900953101306019,20.95626442120775,25.44459916134581
14.578490798092664,20.950956466156907,27.733710009228734
15.17534061141573,20.60955307818533,30.071654895609186
15.665566984884661,19.906427460473537,32.38210441989921
16.02417144117302,18.83700281481224,34.5788790424246
16.229261377428063,17.421945035593073,36.5733598422484
16.264285703554645,15.708199535658274,38.28370667923106
16.119974846075376,13.766025750519294,39.644278692059316
15.795613929313944,11.682124131415302,40.613283419217986
15.299374058812374,9.550028918460598,41.17692646129373
14.647611892581327,7.459728288334317,41.34918868061521
13.863266218596449,5.488632017890116,41.16751810104183
12.973659249083937,3.6954829589682356,40.68572949732348
12.008094594131297,2.1178629280349934,39.96589149615697
10.995619875893649,0.7729847505512515,39.070858383889366
9.963217571366297,-0.33917995607101514,38.05855136986947
8.934551628362401,-1.2315955682952007,36.978411040582145
7.929274403972706,-1.9256919016743912,35.86987990590598
6.9628142322369495,-2.447412969296927,34.762447996692
6.046523519997815,-2.8241220252053982,33.67669776609567
5.188062110936804,-3.0824281088046472,32.62584317829203
4.391907173253553,-3.2468331582480543,31.61738816152967
3.6599066418324915,-3.3390252880887545,30.654669431887672
2.9918196999911997,-3.377633455969012,29.738164667754777
2.3858103292555555,-3.3782823603855294,28.8665283905163
1.8388769787275017,-3.3538226896661825,28.037367058869332
1.347213064862776,-3.3146481491406665,27.247789503993896
0.9065002675108924,-3.2690411436356266,26.49477723126914
0.5121405964450498,-3.223511936137897,25.775418109447017
0.1594350111658731,-3.183112081272006,25.087041359245738
-0.1562831927783822,-3.151713337837883,24.42728454620243
-0.4395523775791199,-3.1322496097760593,23.794116155053825
-0.694716842954875,-3.1269230495296867,23.185831077253564
-0.9258852131724482,-3.137377272454288,22.601031258066048
-1.1369076828302642,-3.16484137217171,22.038599820427628
-1.3313677434639064,-3.21024855464101,21.497674072118347
-1.5125847897473461,-3.274333010964492,20.977620727429937
-1.683624676295256,-3.357708296099256,20.47801525088965
-1.8473158655977457,-3.460930067860023,19.998626296034423
-2.006269282073688,-3.584545616890556,19.53940563224584
-2.162900376366901,-3.7291322057129905,19.100483621055286
-2.3194522177146744,-3.8953258405817017,18.682170138921386
-2.4780186795345345,-4.083841722730655,18.28496078556774
-2.6405669720996876,-4.295487260720234,17.90954822064883
-2.808958912739339,-4.5311681660201115,17.55683850333008
-2.9849704134996258,-4.791887791929571,17.227972343456095
-3.1703087124785974,-5.078739503503103,16.924351187700314
-3.3666268808371673,-5.392891475867675,16.647668039104477
-3.5755351045970007,-5.735562904096495,16.39994282209945
-3.7986081699248624,-6.1079901662759015,16.18356193220112
-4.037388473586949,-6.511381014065028,16.001321319154176
-4.293383737927495,-6.94685438149507,15.856472006017347
-4.568058434680883,-7.415362925374237,15.75276629778315
-4.862817719441525,-7.9175949812150845,15.694502026624455
-5.178982458615146,-8.453852307018634,15.68656095601062
-5.517753710466993,-9.023899902804883,15.734435862457058
-5.880164829803139,-9.626784498147371,15.844238784044165
-6.267019245837542,-10.260619220653645,16.022680455704776
-6.678811979883567,-10.922333798902404,16.277008097602355
-7.115633215169811,-11.607392793792515,16.61488565854827
-7.577052827625342,-12.309489228243141,17.044197702915742
-8.061985887456924,-13.020228029338245,17.572756000535346
-8.568540923905356,-13.72882322004638,18.207887527209962
-9.093855388656022,-14.42184478537925,18.955885419659403
-9.633926394008066,-15.083064948593867,19.82131225805479
-10.183449462072158,-15.693467568447558,20.80615987800694
-10.735683502053869,-16.23149543121133,21.90889347855615
-11.282365983503981,-16.673613620921852,23.123440717176727
-11.81370726553275,-16.995256714282473,24.438227056721203
-12.318495706255929,-17.172196662755056,25.835401415843563
-12.784343497974318,-17.182312104980813,27.290430998743528
-13.198095046511233,-17.007658882257925,28.772256430636812
-13.546403624580128,-16.636644988815515,30.244171659253205
-13.816458004138537,-16.06602152641153,31.66551514075591
-13.996811309988372,-15.30234435784707,32.99412911844518
-14.078234835891728,-14.362570744403046,34.18938070794864
-14.054497684280483,-13.273551651566017,35.215380624532315
-13.92296676020748,-12.070358784939083,36.043933065577875
-13.684936116817825,-10.793609115051094,36.65674742972097
-13.345629729314881,-9.486157599485715,37.04655576739504
-12.913870806382741,-8.189657151482459,37.21698585612199
-12.401462198306366,-6.941493599620724,37.18128069379675
-11.82236378190334,-5.772493669581437,36.96016084778603
-11.19177473385452,-4.70561673226726,36.579242388397866
-10.525228441238555,-3.7556372088308065,36.06643136491033
-9.837788939144778,-2.9296596184187784,35.44963412619964
-9.143407859762897,-2.2282138274833105,34.75499218552453
-8.454468495461715,-1.6466571990537648,34.005714780292685
-7.781515530502076,-1.1766452893243058,33.221473751952026
-7.133149045399064,-0.8074974132508672,32.41825809575775
-6.516050344879319,-0.5273540651038746,31.608558445260687
-5.93510374701722,-0.3240840350938812,30.80175490549402
-5.393580479348046,-0.18594299250369903,30.004602527235246
-4.893355954071707,-0.10201177067118218,29.221736472147665
-4.435138055043176,-0.062454723240655284,28.45614612634925
-4.0186903756385,-0.05864069565552397,27.70959009557425
-3.6430398694362425,-0.08316546385922269,26.982940796152697
-3.306662811789092,-0.12980807245446457,26.2764584914119
-3.007646292821587,-0.1934464271654659,25.590001133691356
-2.7438247944486513,-0.26995093159266925,24.923179489166465
-2.512892930214383,-0.35606943486737297,24.275467878547616
-2.3124963386571604,-0.4493124047921475,23.646280366038294
-2.1403031890941264,-0.5478439760683291,23.03502102644615
-1.9940589220340827,-0.6503821694386959,22.441115451551575
-1.8716268111179972,-0.756109939601486,21.86402918690296
-1.7710167770971428,-0.8645976089265367,21.303277462812883
-1.6904046612989334,-0.9757365326509032,20.75842946167807
-1.6281439131075972,-1.0896834046801704,20.229109461591577
-1.5827713871694191,-1.2068143659904524,19.714996499700835
-1.553008696215858,-1.3276879581350607,19.215823680857348
-1.5377603332254757,-1.45301592863288,18.7313778865442
-1.536109566539727,-1.5836409122059714,18.26150038550023
-1.5473129251327056,-1.720520060299856,17.806088684032122
-1.5707939283118617,-1.8647137557768223,17.36509985838609
-1.6061365733284696,-2.017378619139228,16.93855556601225
-1.6530789736005562,-2.1797640789755377,16.526548923556753
-1.7115074369362433,-2.3532118361785117,16.12925345695018
-1.781451184441377,-2.539157593534524,15.74693436581714
-1.863077833651985,-2.739134444619994,15.379962395467013
-1.9566897006320658,-2.954777313589277,15.028830671156296
-2.062720911921658,-3.187827804917758,14.694174918023213
-2.181735254677311,-3.4401387530901655,14.376797562933632
-2.314424628169264,-3.7136776489380368,14.077696287475623
-2.4616078876143876,-4.010527952568427,13.798097668791607
-2.624229787207553,-4.332887071476684,13.53949659823769
-2.8033596275598427,-4.6830594734631905,13.303702194004757
-3.0001890871558907,-5.063443002653144,13.092890903448634
-3.216028560643061,-5.476505957623974,12.909667395637195
-3.452301130700053,-5.924751858560278,12.757133633983802
-3.710533056312748,-6.410668064673498,12.638966135977213
-3.9923393600404804,-6.936653502563488,12.55950079413712
-4.299402733188004,-7.504919748005108,12.523823645701585
-4.633443547180112,-8.117358617586202,12.53786450437806
-4.996178265528804,-8.775368375869908,12.608488240475632
-5.389263010086557,-9.47962983452287,12.743575524140565
-5.81421848553771,-10.229823321181374,12.95208082955049
-6.27233197816812,-11.024278208758313,13.244050265563175
-6.764531838663584,-11.85954912667708,13.630575285489881
-7.2912299219538195,-12.729918098431055,14.123650702856708
-7.852128166271348,-13.62683090964657,14.735897298358843
-8.445987228649107,-14.538290431346367,15.480101948931738
-9.07035833721133,-15.44825073924111,16.368523990907274
-9.721284817731112,-16.33608437297968,17.411919163991325
-10.392987608033236,-17.176230067940864,18.618247195567786
-11.077559747009538,-17.93816589587822,19.991062226955155
-11.764707991549617,-18.586884515347805,21.52764296621578
-12.441594014312534,-19.08405888591084,23.217004685717516
-13.092840190607749,-19.39005863214275,25.038043325364242
-13.700771125933757,-19.466887888816025,26.958175245969546
-14.245955675717317,-19.281950698026844,28.932919790710628
-14.708089060493977,-18.812316407221367,30.906876017532888
-15.067207204552625,-18.048896445637766,32.81641831216842
-15.305158247886274,-16.999736557439732,34.59415092395325
-15.407181057314357,-15.69157983845575,36.17474744230354
-15.363378244632868,-14.169051346974165,37.50136058770903
-15.169846165407993,-12.49126442566557,38.53147924780375
-14.829254807877945,-10.72624917021103,39.24108549101943
-14.35075768718275,-8.94415800445291,39.626285767296324
-13.749235633396983,-7.2105042000614095,39.70217576431593
-13.044002909126569,-5.580622438417976,39.49934555128814
-12.257192704778017,-4.09614628434725,39.05891423464609
-11.412069600255085,-2.783743885857027,38.42715954939325
-10.531489050189021,-1.6558440530714995,37.65067501283512
-9.636656864324019,-0.712763874631235,36.77265659760639
-8.746261107656048,0.05444414197427205,35.830542423997564
-7.875977346684724,0.6610205885863488,34.85492106324146
-7.038298451624565,1.1258182041686622,33.869440832645495
-6.242614840264137,1.4691323375229608,32.89139040171207
-5.495465891387497,1.7111058873079594,31.932644721115416
-4.800891267891165,1.8706683340176988,31.00073787963032
-4.160825331735058,1.9649158817024066,30.09990284473653
-3.575493709924069,2.0088244920539307,29.231987385202572
-3.0437854114089373,2.015194817819471,28.39720763632171
-2.56358537963678,1.9947457413541245,27.594735099022323
-2.132060761600834,1.9562935045770826,26.823132413391832
-1.745899829667724,1.9069719751662075,26.080662154617606
-1.4015059800047476,1.8524646490621315,25.365494989692813
-1.095151139831074,1.7972302545894772,24.675841771156968
-0.8230937503250646,1.7447117454156567,24.010030573190264
-0.5816666435520015,1.6975237511478665,23.366545570015194
-0.3673398808742582,1.6576168991584648,22.74404072979583
-0.1767631569468271,1.6264194221213857,22.14133788966493
-0.006791819451461373,1.6049575758441206,21.557416002768438
0.14550001588004183,1.5939569352574197,20.99139619394472
0.282816320735803,1.5939268331190866,20.442525653491
0.40764354454002283,1.6052301998131657,19.91016224297046
0.5222605467600795,1.6281409441270052,19.393760887199562
0.6287524636101735,1.6628908393449262,18.89286229652642
0.7290272315190506,1.7097076791523351,18.407084231582377
0.8248337686170589,1.768846262465446,17.936115331926345
0.9177810483602703,1.8406135656711922,17.479711436943703
1.0093574914551995,1.925389270055087,17.03769429998101
1.1009502584781294,2.0236426334800655,16.609952612197283
1.193864150594413,2.135946528750826,16.196445295358842
1.2893399236606222,2.262989315284068,15.797207082536438
1.388571895251532,2.405585063363208,15.412356476006037
1.4927247777028911,2.564682508082677,15.042106248923028
1.6029497053694666,2.741372968805753,14.686776739579075
1.7203994425629157,2.9368973242299083,14.346812273251752
1.8462427609363172,3.1526519764095657,14.022801136074422
1.981677961528416,3.39019356132399,13.715499616852545
2.1279454865286973,3.6512419590976513,13.42586072409813
2.286339517389297,3.9376809121073166,13.155068272553265
2.458218386452159,4.25155526004256,12.90457710885935
2.645013534864362,4.59506343124893,12.67616029796062
2.8482366250142648,4.970543370830838,12.471964101867336
3.069484254461223,5.380449517802456,12.294571522778936
3.3104395124299373,5.827317745613445,12.147075012611904
3.5728693603424824,6.313714334916936,12.033158612568036
3.858616494946899,6.8421640447504215,11.957189198426166
4.169583957347991,7.415051195516216,11.924315559517185
4.507710277349427,8.034486412600033,11.940572586529509
4.874932389991959,8.70213039455006,12.012985701140929
5.27313294214009,9.418964940978313,12.149667607702726
5.704067954500078,10.185000808844439,12.359895239464464
6.1692701854431675,10.998912254630737,12.654149177968435
6.6699230758619805,11.857590110667958,13.044090700154193
7.206700031392985,12.755609998884166,13.54244302836967
7.779564311445862,13.684621210816752,14.162733831649943
8.387526357306324,14.632676565856887,14.918846806328197
9.02835854743364,15.583545919346998,15.824323657386284
9.698272760595048,16.51608711178184,16.891358002494563
10.391574400447706,17.403787642951762,18.129435486533424
11.100318117422168,18.21463467315955,19.54360721066654
11.814005197924377,18.911511384542198,21.13244423751968
12.519379199698289,19.45333860601441,22.885814445346956
13.200391888123473,19.797159096319238,24.78274633999728
13.83842069791168,19.901271647641202,26.789779688907856
14.412814671213189,19.72934307718209,28.860311509964195
14.901820443065331,19.25516055333221,30.93546966301375
15.28388825234687,18.46737774631668,32.94692077585113
15.539281973235182,17.373349050360044,34.82170489326868
15.651829473099514,16.001063401107803,36.48871108563733
15.610574235380346,14.398393289626357,37.88588258953306
15.411055696865825,12.629387980862814,38.96685750554923
15.055977143936301,10.768046560910282,39.705701627698105
14.555119327188194,8.8906696868328,40.09875702377672
13.924501850415153,7.0682524859171325,40.16331984241316
13.184939949718446,5.360302113701508,39.93362821546559
12.360247118538396,3.810990719331765,39.45520844497589
11.475367661666965,2.4478956764162487,38.7788232756487
10.554688395205838,1.2829830166884617,37.95509212149504
9.62069844509437,0.3151277747452962,37.03045067649671
8.693072046132897,-0.4666234006463088,36.04467035823126
7.788167840883449,-1.0797217736320277,35.029805997189285
6.918883533893815,-1.5451714666319702,34.01024142173193
6.094778814373407,-1.8851957222394076,33.00344619836877
5.322376382311972,-2.1215623393972027,32.0210965073664
4.605562090378396,-2.274504697397734,31.07029827439598
3.9460227732190067,-2.362122460327552,30.154743195605946
3.3436787044020972,-2.400135232436266,29.275706913368836
2.797083670999026,-2.4018751996112915,28.432855646334865
2.3037781491607197,-2.378427483016085,27.62486365893267
1.8605899432981847,-2.3388510020483007,26.849863396266432
1.4638824452904555,-2.2904337436320614,26.105758020966405
1.1097540980047522,-2.2389529068726866,25.390426912466715
0.7941944012087984,-2.188922443159751,24.701851724827037
0.5132024476626155,-2.1438187513245697,24.038186033050305
0.2628739494470064,-2.1062806166118127,23.3977867371092
0.03946230696803127,-2.0782827380354147,22.77922092928827
-0.16058131894512806,-2.0612840458210187,22.181258162994826
-0.3405846265948209,-2.056352967574294,21.602855059522238
-0.5036438271144965,-2.064272204571686,21.04313690259167
-0.6526232774481888,-2.0856256566930647,20.50137919512075
-0.7901625778911162,-2.1208700306429376,19.976990970628012
-0.9186890916357638,-2.1703934692205906,19.469500851125815
-1.0404342490288516,-2.2345633009190142,18.978546327642718
-1.1574523419963314,-2.313764757757003,18.50386642998709
-1.2716408001349775,-2.408432259987763,18.045297787740783
-1.3847611754341496,-2.519074626111622,17.60277401870739
-1.4984602533710083,-2.6462953376262623,17.176328380619104
-1.6142908595650354,-2.790808769463382,16.76609966314511
-1.7337320479361713,-2.9534530864633126,16.37234136384125
-1.8582084422630032,-3.1352002994497856,15.99543427260258
-1.989108561236198,-3.337163766107502,15.63590267688125
-2.1278019897346048,-3.5606032052527485,15.29443448883758
-2.2756552673938795,-3.8069270601506733,14.971905680763358
-2.434046349906537,-4.0776917877077254,14.669409490990398
-2.604377458189073,-4.374597354532821,14.388290921586076
-2.788086063810087,-4.699477875393774,14.130187080566877
-2.9866536630270026,-5.054285920673029,13.897073909123367
-3.2016118624773964,-5.441068532761155,13.691319755151643
-3.434545132092124,-5.8619324136363735,13.515746074988252
-3.687089369537077,-6.318995067535698,13.37369521926101
-3.9609251597495145,-6.8143179021175815,13.269104723001256
-4.257764298187572,-7.349816422617643,13.206586690828328
-4.579327775315182,-7.927141736277052,13.19150963761813
-4.927312996351892,-8.5475267013985,13.230078381477478
-5.303347548353643,-9.21158935483879,13.329405136322968
-5.708926356943898,-9.919085977645425,13.49756165603075
-6.145328654172641,-10.668606688555661,13.743598003875228
-6.6135109019408445,-11.457208341308482,14.07750820168781
-7.1139718301552755,-12.279983504434538,14.510116768756754
-7.646586272109163,-13.129571395052086,15.052853427862896
-8.21040580971196,-13.995627947130473,15.717376999452084
-8.803426758414254,-14.864288811099206,16.51500547295767
-9.422330163083577,-15.717681670794773,17.455910225363482
-10.062204663043653,-16.53357238547351,18.54804231872984
-10.716271576809437,-17.28526056921925,19.795782695322547
-11.3756422111598,-17.941868419895115,21.198350947548374
-12.02914932981299,-18.469181611458602,22.74807238492771
-12.66330591653913,-18.83118807312487,24.428688521224636
-13.262451432267703,-18.992402331716193,26.21399084251804
-13.809143996403796,-18.920945923163774,28.067137991310915
-14.28484114738959,-18.5921771918923,29.941045640868165
-14.670878218701585,-17.992449775366453,31.780174042708175
-14.94970205518403,-17.122382615752844,33.52384960513445
-15.106255564232988,-15.99892500182168,35.110948328867195
-15.12934979692304,-14.655576815550575,36.485399954391184
-15.012824283246491,-13.140413383136126,37.601655123845674
-14.756301060443125,-11.512022326825795,38.4291246816752
-14.365390917786216,-9.833956896070429,38.95473785178025
-13.851303161453835,-8.168674847206228,39.183162301442195
-13.2299184485062,-6.572029292868464,39.134761705256686
-12.520476969422134,-5.089178431186185,38.84185355410835
-11.744086430209096,-3.7523734902459207,38.34411597165212
-10.922256418159877,-2.580625894351594,37.68401577471981
-10.075625553726416,-1.5808929833336043,36.90293574598734
-9.222984189594705,-0.7502357394219601,36.03837656578933
-8.380629058970442,-0.07839073054850554,35.12231179312228
-7.562032495814839,0.44969308725310697,34.18055728772078
-6.777774624441016,0.851643760184564,33.23290332214003
-6.035671980107201,1.1459205031675208,32.29373396508161
-5.341035869556148,1.3505550620228999,31.372892533460586
-4.697002638584464,1.4823307554906773,30.476612278871322
-4.104890804320767,1.5563159857029683,29.60839487578133
-3.5645531745937076,1.5856620944276338,28.769772908900407
-3.074703606850825,1.5815839643474425,27.960931806363632
-2.633207141127107,1.5534570277203485,27.181191948590712
-2.2373288192045506,1.5089808037870671,26.42936573089726
-1.8839409080795875,1.4543738093200476,25.704010451118098
-1.569690951149113,1.3945765272541715,25.003598949158043
-1.2911345407721884,1.3334479676564934,24.326628168807716
-1.0448373350814677,1.2739476025647611,23.6716827663224
-0.8274509335282698,1.2182986551475976,23.03746750190874
-0.6357669980057412,1.1681314155706415,22.422818947602426
-0.4667536082512789,1.124606894277908,21.82670427840266
-0.3175773679845739,1.0885220550520036,21.248212663321205
-0.18561429124941206,1.0603983447945073,20.686543024774522
-0.06845203106415673,1.0405554259382241,20.14099062797067
0.03611441706126653,1.0291720343625719,19.610934019463844
0.13009178780149705,1.026335803708413,19.09582317856805
0.2153009815516002,1.0320837619714542,18.59516930761481
0.2933917384501992,1.0464350464446464,18.108536409215066
0.365858672035808,1.0694172155657506,17.635534634628463
0.43405798983083765,1.1010873711432956,17.175815301731383
0.4992243992957936,1.141549147622467,16.729067447775428
0.5624878380794602,1.1909664796790835,16.295015782453348
0.6248897814252259,1.2495749269636918,15.873419927859917
0.6873989707732558,1.3176912156084493,15.464074865263003
0.7509264794424494,1.3957215497284923,15.066812548927313
0.8163400868050609,1.484169151590883,14.681504691623585
0.8844779741919949,1.5836414049171483,14.3080667736007
0.9561617860898548,1.6948569000476266,13.94646337650937
1.0322091208052173,1.8186526101407021,13.596714996607803
1.1134455270620474,1.9559913614805127,13.258906548607143
1.2007160879347898,2.1079696950750497,12.933197834081463
1.2948966716427515,2.2758261471441816,12.619836317972455
1.3969049201224044,2.460949898088155,12.31917263485901
1.5077110305290844,2.6648896472666834,12.031679334653822
1.628348360898607,2.8893624571670697,11.757973476128214
1.7599238574494365,3.136262166235053,11.498843786262066
1.9036282549489811,3.407666783409593,11.255283222643811
2.0607459397502814,3.705844034990271,11.028527901621123
